0000:           ;;-----------------------------------------------------------------------------
0000:           ;
0000:           ;;  Project Name:	
0000:           ;;     File Name:	
0000:           ;
0000:           ;;   Description:	Template for General purpose library, debug routines and equates
0000:           ;
0000:           ;;-----------------------------------------------------------------------------
0000:           ;;                       A U T H O R   I D E N T I T Y
0000:           ;;-----------------------------------------------------------------------------
0000:           ;
0000:           ;;	Initials	Name
0000:           ;;	--------	-----------------------------------------------
0000:           ;;	DB			Derek Bolli
0000:           ;
0000:           ;;-----------------------------------------------------------------------------
0000:           ;;                      R E V I S I O N   H I S T O R Y
0000:           ;;-----------------------------------------------------------------------------
0000:           ;
0000:           ;;	  Date		Time	Author	Description
0000:           ;;	--------	-----	------	---------------------------------------------
0000:           ;;	25/08/02	11:46	DB		Ported from Zeus assembler to zasm assembler
0000:           ;;	18/07/02	20:10	DB		Original version (converted from 2DMaze.Z80)
0000:           ;
0000:           ;;-----------------------------------------------------------------------------
0000:           ;;           C O P Y R I G H T  N O T I C E  A N D  D I S C L A I M E R
0000:           ;;-----------------------------------------------------------------------------
0000:           ;;  Portions (c) Copyright 1984-2011, Derek Bolli (dbolli@bigpond.net.au)
0000:           ;;  ALL RIGHTS RESERVED
0000:           ;;  Permission to use, copy, modify, and distribute this software for
0000:           ;;  non-commercial purposes and without fee is hereby granted, provided
0000:           ;;  that the above copyright notice appear in all copies and that both the
0000:           ;;  copyright notice and this permission notice appear in supporting
0000:           ;;  documentation, and that the author of this software is notified of
0000:           ;;  the existence of the modified software.
0000:           ;
0000:           ;;  THE MATERIAL EMBODIED ON THIS SOFTWARE IS PROVIDED TO YOU "AS-IS"
0000:           ;;  AND WITHOUT WARRANTY OF ANY KIND, EXPRESS, IMPLIED OR OTHERWISE,
0000:           ;;  INCLUDING WITHOUT LIMITATION, ANY WARRANTY OF MERCHANTABILITY OR
0000:           ;;  FITNESS FOR A PARTICULAR PURPOSE.  IN NO EVENT SHALL THE
0000:           ;;  AUTHOR BE LIABLE TO YOU OR ANYONE ELSE FOR ANY DIRECT,
0000:           ;;  SPECIAL, INCIDENTAL, INDIRECT OR CONSEQUENTIAL DAMAGES OF ANY
0000:           ;;  KIND, OR ANY DAMAGES WHATSOEVER, INCLUDING WITHOUT LIMITATION,
0000:           ;;  LOSS OF PROFIT, LOSS OF USE, SAVINGS OR REVENUE, OR THE CLAIMS OF
0000:           ;;  THIRD PARTIES, WHETHER OR NOT THE AUTHOR HAS BEEN
0000:           ;;  ADVISED OF THE POSSIBILITY OF SUCH LOSS, HOWEVER CAUSED AND ON
0000:           ;;  ANY THEORY OF LIABILITY, ARISING OUT OF OR IN CONNECTION WITH THE
0000:           ;;  POSSESSION, USE OR PERFORMANCE OF THIS SOFTWARE.
0000:           ;;-----------------------------------------------------------------------------  
0000:           
0000:           
0000:           ; ****************
0000:           ; * My Program 1 *
0000:           ; ****************
0000:           
0000:           ; Portions (C) Derek Bolli 1984-2011
0000:           
0000:           ; ***************
0000:           ; Version History:
0000:           
0000:           ;   DB    1988      0.0d  Initial version
0000:           
0000:           
0000:           #target				tap				; declare target file format
0000:           
0000:           ; . . . . . . . . . . .
0000:           ; Equates
0000:           
0000:           ERROR1		equ		$0008
0000:           PRINTA1		equ		$0010
0000:           GETCHAR		equ		$0018
0000:           NEXTCHAR	equ		$0020
0000:           MASKINT		equ		$0038
0000:           
0000:           KEYSCAN		EQU		$028E			
0000:           BEEPER		equ		$03B5			
0000:           BEEP		equ		$03F8
0000:           LDBYTES		equ		$0556			
0000:           POSTORE		equ		$0ADC
0000:           POFETCH		equ		$0B03
0000:           POATTR		equ		$0BDB
0000:           TEMPS		equ		$0D4D
0000:           ROMCLS		equ		$0D6B
0000:           CLSET		equ		$0DD9
0000:           CLADDR		equ		$0E9B
0000:           EDLOOP		equ		$0F38
0000:           EDEDIT		equ		$0FA9
0000:           EDERROR		equ		$107F
0000:           CHANOPEN	equ		$1601			
0000:           STRDATA1	equ		$1727			
0000:           NEXT2NUM	equ		$1C79			
0000:           EXPT2NUM	equ		$1C7A
0000:           EXPT1NUM	equ		$1C82
0000:           EXPTEXP		equ		$1C8C			
0000:           FNDINT1		equ		$1E94			
0000:           FINDINT2	equ		$1E99
0000:           PIXADD		equ		$22AA
0000:           ;PIXADD		equ		OURPIXADD		; Point to our modified PIXADD
0000:           POINT		equ		$22CB			; Coords on stack on entry (use STACKBC), binary result on stack at exit (use FPTOA)
0000:           CRGRE1		equ		$233B			; On entry stack = X Y Z -> Draws circle at X,Y with radius Z
0000:           DRAWLINE	equ		$24B7
0000:           ;DRAWLN2	equ		$24BA			; Use our routine below...
0000:           SCANNING	equ		$24FB
0000:           STKSTORE	equ		$2AB6
0000:           STKFETCH	equ		$2BF1
0000:           DECTOFP		equ		$2C9B
0000:           STACKA		equ		$2D28
0000:           STACKBC		equ		$2D2B
0000:           FPTOBC		equ		$2DA2
0000:           FPTOA		equ		$2DD5
0000:           PRINTFP		equ		$2DE3
0000:           STACKNUM	equ		$33B4	
0000:           
0000:           DFILE		equ		$4000			; Screen coords 0 - 255, 0 (top) - 175 (or 191)
0000:           ATTRS		equ		$5800			; Screen chars 0 - 31, 0 - 21 (or 23)
0000:           
0000:           COMMA_CONTROL equ		$06				
0000:           CHAR_ENTER	equ		$0D				; ASCII CR
0000:           INK_CONTROL	equ		$10				
0000:           PAPER_CONTROL	equ		$11				
0000:           INVERSE_CONTROL	equ		$14				
0000:           AT_CONTROL	equ		$16				
0000:           
0000:           CHAR_SPACE	equ		$20				; ASCII Space
0000:           
0000:           GRAPHICS_SHIFT_3	equ		$8C			; Graphic Shift 3
0000:           
0000:           GRAPHICS_A	equ		$90				; Graphic Char A
0000:           
0000:           KWRDSCREENSTR	equ		$AA				; BASIC Keywords (see pp358-360 of Mastering Machine Code by Toni Baker)
0000:           KWRDAT			equ		$AC
0000:           KWRDCODE		equ		$AF
0000:           KWRDVAL			equ		$B0
0000:           KWRDEXP			equ		$B9
0000:           KWRDUSR			equ		$C0
0000:           KWRDLINE		equ		$CA
0000:           KWRDCAT			equ		$CF
0000:           KWRDBEEP		equ		$D7
0000:           KWRDINK			equ		$D9
0000:           KWRDPAPER		equ		$DA
0000:           KWRDBRIGHT		equ		$DC
0000:           KWRDLPRINT		equ		$E0
0000:           KWRDSTOP		equ		$E2
0000:           KWRDREAD		equ		$E3
0000:           KWRDDATA		equ		$E4
0000:           KWRDRESTORE		equ		$E5
0000:           KWRDBORDER		equ		$E7
0000:           KWRDREM			equ		$EA
0000:           KWRDLOAD		equ		$EF
0000:           KWRDPAUSE		equ		$F2
0000:           KWRDPOKE		equ		$F4
0000:           KWRDPRINT		equ		$F5
0000:           KWRDRANDOMIZE	equ		$F9
0000:           KWRDCLS			equ		$FB
0000:           KWRDCLEAR		equ		$FD
0000:           
0000:           ; . . . . . . . . . . .
0000:           ; Interface 1 Edition 2 equates (as per Fuse 1.0)
0000:           
0000:           MAINROM		equ		$00
0000:           CALBAS		equ		$10				; Call a main ROM routine
0000:           SHERR		equ		$20
0000:           ROMERR		equ		$28
0000:           NEWVAR		equ		$30
0000:           ERR6			equ		$01F0
0000:           NREPORTC		equ		$052F
0000:           STEND		equ		$05B7
0000:           END1			equ		$05C1			
0000:           EXPTNUM		equ		$061E
0000:           NREPORT2		equ		$0663
0000:           CHECKM2		equ		$066D
0000:           NREPORT3		equ		$062D
0000:           UNPAGE		equ		$0700
0000:           NREPORTN		equ		$0906
0000:           OPRSCH		equ		$0B17
0000:           OPSTREAM		equ		$0B51
0000:           TCHANOUT		equ		$0C3A
0000:           BCHANOUT		equ		$0D07
0000:           SETTMCH		equ		$10A5
0000:           DELMBUF		equ		$119F
0000:           RWFERR		equ		$1132
0000:           GETRLP		equ		$125F
0000:           RSSH2		equ		$11A3
0000:           GHDRC		equ		$11A5
0000:           GETMHD2		equ		$13A9
0000:           RESBMAP		equ		$13E3
0000:           DECSECT		equ		$13F7
0000:           CHKSHDR		equ		$1426
0000:           CLOSE		equ		$1718
0000:           SELDRIVE		equ		$1532
0000:           OUTMBUF		equ		$15B3
0000:           GETMBLK		equ		$15F2
0000:           DELAYBC		equ		$1652
0000:           RDSECTOR		equ		$1F3F
0000:           RSSH			equ		$1AC5
0000:           FREESECT		equ		$1D43
0000:           PRCHAR		equ		$1D71
0000:           INCHK		equ		$1E49
0000:           DISPHEX		equ		$14D6
0000:           DISPHEX2		equ		$14ED
0000:           DISPCH		equ		$14F8
0000:           
0000:           ; . . . . . . . . . . .
0000:           ; Constants
0000:           
0000:           FALSE		equ		$00
0000:           TRUE		equ		$01
0000:           
0000:           
0000:           KSTATE		equ 	$5C00 			; Keyboard bytes
0000:           LASTK		equ 	$5C08			; Last keypress
0000:           REPDEL		equ		$5C09			; Delay until repeat starts (Default 35)
0000:           REPPER		equ 	$5C0A			; Key repeat delay (Default 5)
0000:           DEFADD		equ		$5C0B			; Pointer to DEF FN params during eval
0000:           KDATA		equ		$5C0D			; Second byte of colour control from keyboard
0000:           TVDATA		equ		$5C0E			; Both bytes of colour, AT, TAB controls
0000:           STRMS		equ		$5C10			; Address of Stream data
0000:           CHARS		equ		$5C36			; Address - $0100 of character definitions in ROM ($3D00)
0000:           RASP		equ		$5C38			; Duration of buzz (i.e. if no mem for input)
0000:           PIP			equ		$5C39			; Duration of keyboard click (Default 0)
0000:           ERRNR		equ		$5C3A			; Error Report Number - 1 <<< IY Points here
0000:           FLAGS		equ		$5C3B			; Flags (bit 5 = LASTK is valid, bit 1 = Printer output)
0000:           TVFLAG		equ		$5C3C			; Flag bits
0000:           ERRSP		equ		$5C3D			; Pointer to top of stack for RET on error
0000:           LISTSP		equ		$5C3F			; Pointer to return from auto list
0000:           MODE		equ		$5C41			; Keyword, Extended, Graphics or Letters/Caps
0000:           NEWPPC		equ		$5C42			; Next line number of program
0000:           NSPPC		equ		$5C44			; Next statement offset (in next line)
0000:           PPC			equ		$5C45			; Current line number of program
0000:           SUBPPC		equ		$5C47			; Current statement offset (in current line)
0000:           BORDCR		equ		$5C48			; Bits 5, 4, 3 = border colour
0000:           EPPC		equ		$5C49			; Program edit cursor line number
0000:           VARS		equ		$5C4B			; Pointer to first variable
0000:           DEST		equ		$5C4D			; Pointer to variable during assignment
0000:           CHANS		equ		$5C4F			; Pointer to first channel area
0000:           CURCHL		equ		$5C51			; Pointer to current channel area
0000:           PROG		equ		$5C53			; Pointer to first line in program
0000:           NXTLIN		equ		$5C55			; Pointer to next program line
0000:           DATADD		equ		$5C57			; Pointer to just past last data item read
0000:           ELINE		equ		$5C59			; Pointer to edit line
0000:           KCUR		equ		$5C5B			; Pointer to cursor
0000:           CHADD		equ		$5C5D			; Pointer to next char
0000:           XPTR		equ		$5C5F			; Pointer to syntax error
0000:           WORKSP		equ		$5C61			; Pointer to workspace
0000:           STKBOT		equ		$5C63			; Pointer to calculator stack base
0000:           STKEND		equ		$5C65			; Pointer to topmost memory address used by BASIC
0000:           BREG		equ		$5C67			; Byte used for B register of calculator
0000:           MEM			equ		$5C68			; Pointer to calculator memory
0000:           FLAGS2		equ		$5C6A			; Bit flags
0000:           DFSZ		equ		$5C6B			; Lines in lower screen (Default 2)
0000:           STOP		equ		$5C6C			; Line number of top line of auto list
0000:           OLDPPC		equ		$5C6E			; Continuation line number
0000:           OSPCC		equ		$5C70			; Continuation statement number
0000:           FLAGX		equ		$5C71			; Bit flags
0000:           STRLEN		equ		$5C72			; String length during assignment
0000:           TADDR		equ		$5C74			; Pointer to next syntax table item
0000:           SEED		equ		$5C76			; Word used by random number routines
0000:           FRAMES		equ		$5C78			; Frame counter low, med, high bytes
0000:           UDG			equ		$5C7B			; Pointer to bit patterns for user defined graphics
0000:           COORDS		equ		$5C7D			; Plot x,y values
0000:           PPOSN		equ		$5C7F			; Printer position (Range 33-02)
0000:           PRCC		equ		$5C80			; Low byte of next address in printer buffer
0000:           									; $5C81 Unused
0000:           ECHOE		equ		$5C82			; Column, line for input buffer
0000:           DFCC		equ		$5C84			; Next screen location for print
0000:           DFCCL		equ		$5C86			; Next screen location for print (lower screen)
0000:           SPOSN		equ		$5C88			; Screen column (32-02), screen row (24-01)
0000:           SPOSNL		equ		$5C8A			; Screen column (32-02), screen row (24-01) (lower screen)
0000:           SCRCT		equ		$5C8C			; Remaining scroll count + 1 (0 is maximum)
0000:           ATTRP		equ		$5C8D			; Screen colours
0000:           MASKP		equ 	$5C8E			; Defines the transparent screen colours
0000:           ATTRT		equ		$5C8F			; Temporary colours
0000:           MASKT		equ		$5C90			; Defines the transparent temporary screen colours
0000:           PFLAG		equ		$5C91			; Bit flags
0000:           MEMBOT		equ		$5C92			; Scratchpad area for calculator routines
0000:           SPARE2		equ		$5CB0			; Pointer used by NMI routine at $0066
0000:           RAMTOP		equ		$5CB2			; Pointer to highest stack byte (value $3E)
0000:           PRAMT		equ 	$5CB4			; Highest byte that passed RAM test
0000:           
0000:           
0000:           KSTATEOFF	equ		KSTATE-ERRNR	; Offsets for use in (IY+n)
0000:           LASTKOFF	equ		LASTK-ERRNR		
0000:           REPDELOFF	equ		REPDEL-ERRNR	
0000:           REPPEROFF	equ		REPPER-ERRNR	
0000:           DEFADDOFF	equ		DEFADD-ERRNR	
0000:           KDATAOFF	equ		KDATA-ERRNR		
0000:           TVDATAOFF	equ		TVDATA-ERRNR	
0000:           STRMSOFF	equ		STRMS-ERRNR		
0000:           CHARSOFF	equ		CHARS-ERRNR		
0000:           RASPOFF		equ		RASP-ERRNR		
0000:           PIPOFF		equ		PIP-ERRNR		
0000:           ERRNROFF	equ		ERRNR-ERRNR		
0000:           FLAGSOFF	equ		FLAGS-ERRNR		
0000:           TVFLAGOFF	equ		TVFLAG-ERRNR	
0000:           ERRSPOFF	equ		ERRSP-ERRNR		
0000:           LISTSPOFF	equ		LISTSP-ERRNR	
0000:           MODEOFF		equ		MODE-ERRNR		
0000:           NEWPPCOFF	equ		NEWPPC-ERRNR	
0000:           NSPPCOFF	equ		NSPPC-ERRNR		
0000:           PPCOFF		equ		PPC-ERRNR		
0000:           SUBPPCOFF	equ		SUBPPC-ERRNR	
0000:           BORDCROFF	equ		BORDCR-ERRNR	
0000:           EPPCOFF		equ		EPPC-ERRNR		
0000:           VARSOFF		equ		VARS-ERRNR		
0000:           DESTOFF		equ		DEST-ERRNR		
0000:           CHANSOFF	equ		CHANS-ERRNR		
0000:           CURCHLOFF	equ		CURCHL-ERRNR	
0000:           PROGOFF		equ		PROG-ERRNR		
0000:           NXTLINOFF	equ		NXTLIN-ERRNR	
0000:           DATADDOFF	equ		DATADD-ERRNR	
0000:           ELINEOFF	equ		ELINE-ERRNR		
0000:           KCUROFF		equ		KCUR-ERRNR		
0000:           CHADDOFF	equ		CHADD-ERRNR		
0000:           XPTROFF		equ		XPTR-ERRNR		
0000:           WORKSPOFF	equ		WORKSP-ERRNR	
0000:           STKBOTOFF	equ		STKBOT-ERRNR	
0000:           STKENDOFF	equ		STKEND-ERRNR	
0000:           BREGOFF		equ		BREG-ERRNR		
0000:           MEMOFF		equ		MEM-ERRNR		
0000:           FLAGS2OFF	equ		FLAGS2-ERRNR	
0000:           DFSZOFF		equ		DFSZ-ERRNR		
0000:           
0000:           ATTRTOFF		equ		ATTRT-ERRNR	
0000:           
0000:           ; -----------------------------
0000:           ; THE 'SHADOW' SYSTEM VARIABLES
0000:           ; -----------------------------
0000:           
0000:           FLAGS3		equ $5CB6				; $5CB6 FLAGS3 IY+$7C - Flags
0000:           VECTOR		equ $5CB7				; $5CB7 VECTOR Address used to extend BASIC.
0000:           SBRT			equ $5CB9				; $5CB9 SBRT 10 bytes of Z80 code to Page ROM.
0000:           BAUD			equ $5CC3				; $5CC3 BAUD =(3500000/(26*baud rate)) -2
0000:           NTSTAT		equ $5CC5				; $5CC5 NTSTAT Own network station number.
0000:           IOBORD		equ $5CC6				; $5CC6 IOBORD Border colour during I/O
0000:           SERFL		equ $5CC7				; $5CC7 SER_FL 2 byte workspace used by RS232
0000:           SECTOR		equ $5CC9				; $5CC9 SECTOR 2 byte workspace used by Microdrive.
0000:           CHADD_		equ $5CCB				; $5CCB CHADD_ Temporary store for CH_ADD
0000:           NTRESP		equ $5CCC				; $5CCC NTRESP Store for network response code.
0000:           
0000:           NTDEST		equ $5CCD				; $5CCD NTDEST Destination station number 0 - 64.
0000:           NTSRCE		equ $5CCE				; $5CCE NTSRCE Source station number.
0000:           NTNUMB		equ $5CD0				; $5CD0 NTNUMB Network block number 0 - 65535
0000:           NTTYPE		equ $5CD2				; $5CD2 NTTYPE Header type block.
0000:           NTLEN		equ $5CD3				; $5CD3 NTLEN Data block length 0 - 255.
0000:           NTDCS		equ $5CD4				; $5CD4 NTDCS Data block checksum.
0000:           NTHDS		equ $5CD5				; $5CD5 NTHDS Header block checksum.
0000:           
0000:           DSTR1		equ $5CD6				; $5CD6 D_STR1 2 byte drive number 1 - 8.
0000:           SSTR1		equ $5CD8				; $5CD8 S_STR1 Stream number 1 - 15.
0000:           LSTR1		equ $5CD9				; $5CD9 L_STR1 Device type "M", "N", "T" or "B"
0000:           NSTR1		equ $5CDA				; $5CDA N-STR1 Length of filename.
0000:           								; $5CDC (dynamic) Address of filename.
0000:           
0000:           DSTR2		equ $5CDE				; $5CDE D_STR2 2 byte drive  File type.
0000:           								; $5CDF        number.       Length of
0000:           SSTR2		equ $5CE0				; $5CE0 S_STR2 Stream number.Data.
0000:           LSTR2		equ $5CE1				; $5CE1 L_STR2 Device type.  Start of
0000:           NSTR2		equ $5CE2				; $5CE2 N-STR2 Length of     data.   \
0000:           								; $5CE3        filename.     Program  \
0000:           								; $5CE4 (dynamic) Address of length. Start of
0000:           								; $5CE5 (dynamic) filename           data.
0000:           
0000:           HD00			equ $5CE6				; $5CE6 HD_00 File type .      _
0000:           HD0B			equ $5CE7				; $5CE7 HD_0B Length of data.   /\
0000:           HD0D			equ $5CE9				; $5CE9 HD_0D Start of data.   /
0000:           HD0F			equ $5CEB				; $5CEB HD_0F Program length. /
0000:           HD11			equ $5CED				; $5CED HD_11 Line number.
0000:           
0000:           COPIES		equ $5CEF				; $5CEF COPIES Number of copies made by SAVE.
0000:           
0000:           CHREC		equ	$0D
0000:           CHDRIV		equ	$19				; Offset to DSTR1
0000:           HDNUMB		equ	$29
0000:           
0000:           
0000:           
0000:           ; . . . . . . . . . . .
0000:           ; Constants
0000:           
0000:           HEADERFLAG	equ $00				; As per http://k1.dyndns.org/Develop/projects/zasm/doc/z13.htm#L
0000:           DATAFLAG	equ $FF
0000:           
0000:           
0000:           ; . . . . . . . . . . .
0000:           ; BASIC Program Header
0000:           
0000:           
FFFFFFFD: 000000    #code				0,17,HEADERFLAG	; declare code segment
0000:           
0000: 00        			defb 0				; Program
0001: 63796265
0005: 726E6F69
0009: 6420      			defm "cybernoid "	; Pad to 10 chars
000B: 6B00      			defw PROGRAM1END
000D: 0A00      			defw 10				; BASIC Line number for autostart
000F: 6B00      			defw PROGRAM1END    ; length of BASIC program without variables
0011:           
0011:           
0011:           ; . . . . . . . . . . .
0011:           ; BASIC Program
0011:           
0011:           
FFFFFFFD: 0000FF    #code				0,$200,DATAFLAG	; declare code segment
0000:           
0000:           ; 10 BORDER 0: PAPER 0: INK 7: CLEAR 24835				; $6103
0000: 000A      			defb 0,10   		; line number
0002: 28        			defb L10END-($+1)	; line length
0003: 00        			defb 0				; statement number
0004: E7        			defb KWRDBORDER		; token BORDER
0005: 300E0000
0009: 000000            	defm "0",$0e0000000000   ; number 0, ascii & internal format
000C: 3A        			defb ':'
000D: DA        			defb KWRDPAPER		; token PAPER
000E: 300E0000
0012: 000000            	defm "0",$0e0000000000   ; number 0, ascii & internal format
0015: 3A        			defb ':'
0016: D9        			defb KWRDINK		; token INK
0017: 370E0000
001B: 070000            	defm "7",$0e0000070000   ; number 7, ascii & internal format
001E: 3A         			defb ':'
001F: FD                	defb KWRDCLEAR		; token CLEAR
0020: 32343833
0024: 350E0000
0028: 036100            	defm "24835",$0e0000036100   ; number 24835, ascii & internal format
002B: 0D        L10END		defb $0D			; line end marker
002C:           
002C:           ; 20 LOAD "" CODE 64512			; $FC00
002C: 0014      			defb 0,20			; line number
002E: 10        			defb L20END-($+1)	; line length
002F: 00        			defb 0				; statement number
0030: EF2222AF  			defb KWRDLOAD,'"','"',KWRDCODE     ; token LOAD, 2 quotes, token CODE
0034: 36343531
0038: 320E0000
003C: 00FC00            	defm "64512",$0e000000FC00   ; number 64512, ascii & internal format
003F: 0D        L20END		defb $0D			; line end marker
0040:           
0040:           ; 30 POKE 64659,0				; $FC93
0040: 001E      			defb 0,30			; line number
0042: 15        			defb L30END-($+1)	; line length
0043: 00        			defb 0				; statement number
0044: F4        			defb KWRDPOKE		; token POKE
0045: 36343635
0049: 390E0000
004D: 93FC00            	defm "64659",$0e000093FC00   ; number 64659, ascii & internal format
0050: 2C        			defb ','
0051: 300E0000
0055: 000000            	defm "0",$0e0000000000   ; number 0, ascii & internal format
0058: 0D        L30END		defb $0D			; line end marker
0059:           
0059:           ; 40 RANDOMIZE USR 65082		; $FE3A
0059: 0028      			defb 0,40			; line number
005B: 0E        			defb L40END-($+1)	; line length
005C: 00        			defb 0				; statement number
005D: F9C0      			defb KWRDRANDOMIZE,KWRDUSR	; token RANDOMIZE, token USR
005F: 36353038
0063: 320E0000
0067: 3AFE00            	defm "65082",$0e00003AFE00	; number 65082, ascii & internal format
006A: 0D        L40END		defb $0D                    ; line end marker
006B:           
006B:           PROGRAM1END equ $
006B:           
006B:           
006B:           ; . . . . . . . . . . .
006B:           ; Code Block 1 Header
006B:           
006B:           
FFFFFFFD: 000000    #code				0,17,HEADERFLAG	; declare code segment
0000:           
0000:           CODE1START	equ $FC00			; 64512
0000:           
0000: 03        			defb 3				; Code
0001: 63796265
0005: 726E6F69
0009: 6420      			defm "cybernoid "	; Pad to 10 chars
000B: 0003      			defw CODE1END-CODE1START	; Length
000D: 00FC      			defw CODE1START		; Code Start Address
000F: 0000      			defw 0				; Unused
0011:           
0011:           
0011:           ; . . . . . . . . . . .
0011:           ; Code Block 1 Data
0011:           
0011:           
FBFD: 0000FF    #code				CODE1START,$300,DATAFLAG	; declare code segment
FC00:           
FC00: 019D02    			LD BC,$029D				; $FC00
FC03: 2113FC    			LD HL,$FC13				; $FC03
FC06: 1114FC    			LD DE,$FC14				; $FC06
FC09: 1A        			LD A,(DE)				; $FC09
FC0A: AE        			XOR (HL)				; $FC0A
FC0B: 77        			LD (HL),A				; $FC0B
FC0C: 23        			INC HL				; $FC0C
FC0D: 13        			INC DE				; $FC0D
FC0E: 0B        			DEC BC				; $FC0E
FC0F: 78        			LD A,B				; $FC0F
FC10: B1        			OR C				; $FC10
FC11: 20F6      			JR NZ,$FC09				; $FC11
FC13: C33AFE    			JP $FE3A				; $FC13
FC16: 48        			LD C,B				; $FC16
FC17: 48        			LD C,B				; $FC17
FC18: 48        			LD C,B				; $FC18
FC19: 48        			LD C,B				; $FC19
FC1A: 00        			NOP				; $FC1A
FC1B: 00        			NOP				; $FC1B
FC1C: 00        			NOP				; $FC1C
FC1D: 00        			NOP				; $FC1D
FC1E: 00        			NOP				; $FC1E
FC1F: 00        			NOP				; $FC1F
FC20: 00        			NOP				; $FC20
FC21: 00        			NOP				; $FC21
FC22: 00        			NOP				; $FC22
FC23: 00        			NOP				; $FC23
FC24: 00        			NOP				; $FC24
FC25: 00        			NOP				; $FC25
FC26: 00        			NOP				; $FC26
FC27: 00        			NOP				; $FC27
FC28: 00        			NOP				; $FC28
FC29: 00        			NOP				; $FC29
FC2A: 00        			NOP				; $FC2A
FC2B: 00        			NOP				; $FC2B
FC2C: 00        			NOP				; $FC2C
FC2D: 00        			NOP				; $FC2D
FC2E: 00        			NOP				; $FC2E
FC2F: 00        			NOP				; $FC2F
FC30: 00        			NOP				; $FC30
FC31: 00        			NOP				; $FC31
FC32: FEC6      			CP $C6				; $FC32
FC34: BA        			CP D				; $FC34
FC35: BA        			CP D				; $FC35
FC36: BA        			CP D				; $FC36
FC37: BA        			CP D				; $FC37
FC38: C6FE      			ADD A,$FE				; $FC38
FC3A: FEEE      			CP $EE				; $FC3A
FC3C: CEEE      			ADC A,$EE				; $FC3C
FC3E: EEEE      			XOR $EE				; $FC3E
FC40: 82        			ADD A,D				; $FC40
FC41: FEFE      			CP $FE				; $FC41
FC43: C6BA      			ADD A,$BA				; $FC43
FC45: F6EE      			OR $EE				; $FC45
FC47: DE82      			SBC A,$82				; $FC47
FC49: FEFE      			CP $FE				; $FC49
FC4B: 82        			ADD A,D				; $FC4B
FC4C: F6E6      			OR $E6				; $FC4C
FC4E: FABAC6    			JP M,$C6BA				; $FC4E
FC51: FEFE      			CP $FE				; $FC51
FC53: F6E6      			OR $E6				; $FC53
FC55: D6B6      			SUB $B6				; $FC55
FC57: 82        			ADD A,D				; $FC57
FC58: F6FE      			OR $FE				; $FC58
FC5A: FE82      			CP $82				; $FC5A
FC5C: BE        			CP (HL)				; $FC5C
FC5D: 86        			ADD A,(HL)				; $FC5D
FC5E: FABAC6    			JP M,$C6BA				; $FC5E
FC61: FEFE      			CP $FE				; $FC61
FC63: E6DE      			AND $DE				; $FC63
FC65: 86        			ADD A,(HL)				; $FC65
FC66: BA        			CP D				; $FC66
FC67: BA        			CP D				; $FC67
FC68: C6FE      			ADD A,$FE				; $FC68
FC6A: FE82      			CP $82				; $FC6A
FC6C: FAF6F6    			JP M,$F6F6				; $FC6C
FC6F: EEEE      			XOR $EE				; $FC6F
FC71: FEFE      			CP $FE				; $FC71
FC73: C6BA      			ADD A,$BA				; $FC73
FC75: C6BA      			ADD A,$BA				; $FC75
FC77: BA        			CP D				; $FC77
FC78: C6FE      			ADD A,$FE				; $FC78
FC7A: FEC6      			CP $C6				; $FC7A
FC7C: BA        			CP D				; $FC7C
FC7D: BA        			CP D				; $FC7D
FC7E: C2FAC6    			JP NZ,$C6FA				; $FC7E
FC81: FEFE      			CP $FE				; $FC81
FC83: C6BA      			ADD A,$BA				; $FC83
FC85: BA        			CP D				; $FC85
FC86: BA        			CP D				; $FC86
FC87: BA        			CP D				; $FC87
FC88: C6FE      			ADD A,$FE				; $FC88
FC8A: 14        			INC D				; $FC8A
FC8B: 08        			EX AF,AF'				; $FC8B
FC8C: 15        			DEC D				; $FC8C
FC8D: F3        			DI				; $FC8D
FC8E: D9        			EXX				; $FC8E
FC8F: 0E00      			LD C,$00				; $FC8F
FC91: D9        			EXX				; $FC91
FC92: 3E0A      			LD A,$0A				; $FC92
FC94: D3FE      			OUT ($FE),A				; $FC94
FC96:           
FC96:           ;			IN A,($FE)				; $FC96		; :dbolli:20130811 10:54:49 Commented out bytes replaced by original BASIC loader
FC96:           ;			RRA				; $FC98
FC96:           ;			AND $20				; $FC99
FC96:           ;			OR $00				; $FC9B
FC96:           ;			LD C,A				; $FC9D
FC96:           ;			CP A				; $FC9E
FC96:           ;			RET NZ				; $FC9F
FC96:           ;			CALL $FD20				; $FCA0
FC96:           ;			JR NC,$FC9F				; $FCA3
FC96:           ;			LD HL,$0415				; $FCA5
FC96:           ;			DJNZ $FCA8				; $FCA8
FC96:           ;			DEC HL				; $FCAA
FC96:           ;			LD A,H				; $FCAB
FC96:           ;			OR L				; $FCAC
FC96:           ;			JR NZ,$FCA8				; $FCAD
FC96:           ;			CALL $FD1C				; $FCAF
FC96:           
FC96: C36205    			JP $0562				; $FC96		; :dbolli:20130811 10:54:49 Inserted bytes from original BASIC loader
FC99: F3        			DI				; $FC99
FC9A: CD8E02    			CALL $028E				; $FC9A
FC9D: 1C        			INC E				; $FC9D
FC9E: 28FA      			JR Z,$FC9A				; $FC9E
FCA0: 3E21      			LD A,$21				; $FCA0
FCA2: 3251FE    			LD ($FE51),A				; $FCA2
FCA5: 3E5F      			LD A,$5F				; $FCA5
FCA7: 3252FE    			LD ($FE52),A				; $FCA7
FCAA: 3EFE      			LD A,$FE				; $FCAA
FCAC: 3253FE    			LD ($FE53),A				; $FCAC
FCAF: C351FE    			JP $FE51				; $FCAF
FCB2:           
FCB2: 30EB      			JR NC,$FC9F				; $FCB2
FCB4: 069C      			LD B,$9C				; $FCB4
FCB6: CD1CFD    			CALL $FD1C				; $FCB6
FCB9: 30E4      			JR NC,$FC9F				; $FCB9
FCBB: 3EC6      			LD A,$C6				; $FCBB
FCBD: B8        			CP B				; $FCBD
FCBE: 30E0      			JR NC,$FCA0				; $FCBE
FCC0: 24        			INC H				; $FCC0
FCC1: 20F1      			JR NZ,$FCB4				; $FCC1
FCC3: 06C9      			LD B,$C9				; $FCC3
FCC5: CD20FD    			CALL $FD20				; $FCC5
FCC8: 30D5      			JR NC,$FC9F				; $FCC8
FCCA: 78        			LD A,B				; $FCCA
FCCB: FED4      			CP $D4				; $FCCB
FCCD: 30F4      			JR NC,$FCC3				; $FCCD
FCCF: CD20FD    			CALL $FD20				; $FCCF
FCD2: D0        			RET NC				; $FCD2
FCD3: D9        			EXX				; $FCD3
FCD4: 3A1AFC    			LD A,($FC1A)				; $FCD4
FCD7: 4F        			LD C,A				; $FCD7
FCD8: 321FFC    			LD ($FC1F),A				; $FCD8
FCDB: D9        			EXX				; $FCDB
FCDC: 2600      			LD H,$00				; $FCDC
FCDE: 06B0      			LD B,$B0				; $FCDE
FCE0: 181F      			JR $FD01				; $FCE0
FCE2: 08        			EX AF,AF'				; $FCE2
FCE3: 2007      			JR NZ,$FCEC				; $FCE3
FCE5: 300F      			JR NC,$FCF6				; $FCE5
FCE7: DD7500    			LD (IX+$00),L				; $FCE7
FCEA: 180F      			JR $FCFB				; $FCEA
FCEC: CB11      			RL C				; $FCEC
FCEE: AD        			XOR L				; $FCEE
FCEF: C0        			RET NZ				; $FCEF
FCF0: 79        			LD A,C				; $FCF0
FCF1: 1F        			RRA				; $FCF1
FCF2: 4F        			LD C,A				; $FCF2
FCF3: 13        			INC DE				; $FCF3
FCF4: 1807      			JR $FCFD				; $FCF4
FCF6: DD7E00    			LD A,(IX+$00)				; $FCF6
FCF9: AD        			XOR L				; $FCF9
FCFA: C0        			RET NZ				; $FCFA
FCFB: DD23      			INC IX				; $FCFB
FCFD: 1B        			DEC DE				; $FCFD
FCFE: 08        			EX AF,AF'				; $FCFE
FCFF: 06B2      			LD B,$B2				; $FCFF
FD01: 2E01      			LD L,$01				; $FD01
FD03: CD1CFD    			CALL $FD1C				; $FD03
FD06: D0        			RET NC				; $FD06
FD07: 3ECB      			LD A,$CB				; $FD07
FD09: B8        			CP B				; $FD09
FD0A: CB15      			RL L				; $FD0A
FD0C: 06B0      			LD B,$B0				; $FD0C
FD0E: D203FD    			JP NC,$FD03				; $FD0E
FD11: 7C        			LD A,H				; $FD11
FD12: AD        			XOR L				; $FD12
FD13: 67        			LD H,A				; $FD13
FD14: 7A        			LD A,D				; $FD14
FD15: B3        			OR E				; $FD15
FD16: 20CA      			JR NZ,$FCE2				; $FD16
FD18: 7C        			LD A,H				; $FD18
FD19: FE01      			CP $01				; $FD19
FD1B: C9        			RET				; $FD1B
FD1C: CD20FD    			CALL $FD20				; $FD1C
FD1F: D0        			RET NC				; $FD1F
FD20: C33BFD    			JP $FD3B				; $FD20
FD23: 04        			INC B				; $FD23
FD24: C8        			RET Z				; $FD24
FD25: 3E7F      			LD A,$7F				; $FD25
FD27: DBFE      			IN A,($FE)				; $FD27
FD29: 1F        			RRA				; $FD29
FD2A: D0        			RET NC				; $FD2A
FD2B: A9        			XOR C				; $FD2B
FD2C: E620      			AND $20				; $FD2C
FD2E: 28F3      			JR Z,$FD23				; $FD2E
FD30: 79        			LD A,C				; $FD30
FD31: 2F        			CPL				; $FD31
FD32: 4F        			LD C,A				; $FD32
FD33: 3E00      			LD A,$00				; $FD33
FD35: 3E08      			LD A,$08				; $FD35
FD37: D3FE      			OUT ($FE),A				; $FD37
FD39: 37        			SCF				; $FD39
FD3A: C9        			RET				; $FD3A
FD3B: D9        			EXX				; $FD3B
FD3C: 79        			LD A,C				; $FD3C
FD3D: B7        			OR A				; $FD3D
FD3E: 2840      			JR Z,$FD80				; $FD3E
FD40: 211FFC    			LD HL,$FC1F				; $FD40
FD43: 35        			DEC (HL)				; $FD43
FD44: 7E        			LD A,(HL)				; $FD44
FD45: 285B      			JR Z,$FDA2				; $FD45
FD47: FE05      			CP $05				; $FD47
FD49: 3042      			JR NC,$FD8D				; $FD49
FD4B: 211BFC    			LD HL,$FC1B				; $FD4B
FD4E: 34        			INC (HL)				; $FD4E
FD4F: 2C        			INC L				; $FD4F
FD50: 2C        			INC L				; $FD50
FD51: 35        			DEC (HL)				; $FD51
FD52: 2A1BFC    			LD HL,($FC1B)				; $FD52
FD55: 7E        			LD A,(HL)				; $FD55
FD56: C632      			ADD A,$32				; $FD56
FD58: 5F        			LD E,A				; $FD58
FD59: 16FC      			LD D,$FC				; $FD59
FD5B: 2A1DFC    			LD HL,($FC1D)				; $FD5B
FD5E: 1A        			LD A,(DE)				; $FD5E
FD5F: 77        			LD (HL),A				; $FD5F
FD60: 1C        			INC E				; $FD60
FD61: 24        			INC H				; $FD61
FD62: 1A        			LD A,(DE)				; $FD62
FD63: 77        			LD (HL),A				; $FD63
FD64: 1C        			INC E				; $FD64
FD65: 24        			INC H				; $FD65
FD66: 1A        			LD A,(DE)				; $FD66
FD67: 77        			LD (HL),A				; $FD67
FD68: 1C        			INC E				; $FD68
FD69: 24        			INC H				; $FD69
FD6A: 1A        			LD A,(DE)				; $FD6A
FD6B: 77        			LD (HL),A				; $FD6B
FD6C: 1C        			INC E				; $FD6C
FD6D: 24        			INC H				; $FD6D
FD6E: 1A        			LD A,(DE)				; $FD6E
FD6F: 77        			LD (HL),A				; $FD6F
FD70: 1C        			INC E				; $FD70
FD71: 24        			INC H				; $FD71
FD72: 1A        			LD A,(DE)				; $FD72
FD73: 77        			LD (HL),A				; $FD73
FD74: 1C        			INC E				; $FD74
FD75: 24        			INC H				; $FD75
FD76: 1A        			LD A,(DE)				; $FD76
FD77: 77        			LD (HL),A				; $FD77
FD78: 1C        			INC E				; $FD78
FD79: 24        			INC H				; $FD79
FD7A: 1A        			LD A,(DE)				; $FD7A
FD7B: 77        			LD (HL),A				; $FD7B
FD7C: D9        			EXX				; $FD7C
FD7D: C323FD    			JP $FD23				; $FD7D
FD80: 0617      			LD B,$17				; $FD80
FD82: 10FE      			DJNZ $FD82				; $FD82
FD84: 3E00      			LD A,$00				; $FD84
FD86: ED44      			NEG				; $FD86
FD88: A7        			AND A				; $FD88
FD89: D9        			EXX				; $FD89
FD8A: C323FD    			JP $FD23				; $FD8A
FD8D: 3E47      			LD A,$47				; $FD8D
FD8F: 32E15A    			LD ($5AE1),A				; $FD8F
FD92: 32E25A    			LD ($5AE2),A				; $FD92
FD95: 32E35A    			LD ($5AE3),A				; $FD95
FD98: 32E45A    			LD ($5AE4),A				; $FD98
FD9B: 23        			INC HL				; $FD9B
FD9C: 23        			INC HL				; $FD9C
FD9D: 060D      			LD B,$0D				; $FD9D
FD9F: C382FD    			JP $FD82				; $FD9F
FDA2: 064F      			LD B,$4F				; $FDA2
FDA4: ED5B16FC  			LD DE,($FC16)				; $FDA4
FDA8: 2A18FC    			LD HL,($FC18)				; $FDA8
FDAB: 1D        			DEC E				; $FDAB
FDAC: F2B9FD    			JP P,$FDB9				; $FDAC
FDAF: 58        			LD E,B				; $FDAF
FDB0: 15        			DEC D				; $FDB0
FDB1: 0605      			LD B,$05				; $FDB1
FDB3: 10FE      			DJNZ $FDB3				; $FDB3
FDB5: 7E        			LD A,(HL)				; $FDB5
FDB6: C3ECFD    			JP $FDEC				; $FDB6
FDB9: 7A        			LD A,D				; $FDB9
FDBA: E607      			AND $07				; $FDBA
FDBC: CAD1FD    			JP Z,$FDD1				; $FDBC
FDBF: 15        			DEC D				; $FDBF
FDC0: F2D3FD    			JP P,$FDD3				; $FDC0
FDC3: 50        			LD D,B				; $FDC3
FDC4: 2D        			DEC L				; $FDC4
FDC5: 3A0080    			LD A,($8000)				; $FDC5
FDC8: 3A0080    			LD A,($8000)				; $FDC8
FDCB: 3A0080    			LD A,($8000)				; $FDCB
FDCE: C3ECFD    			JP $FDEC				; $FDCE
FDD1: 7E        			LD A,(HL)				; $FDD1
FDD2: 7E        			LD A,(HL)				; $FDD2
FDD3: 7D        			LD A,L				; $FDD3
FDD4: E607      			AND $07				; $FDD4
FDD6: CAE4FD    			JP Z,$FDE4				; $FDD6
FDD9: 2D        			DEC L				; $FDD9
FDDA: F2E6FD    			JP P,$FDE6				; $FDDA
FDDD: 68        			LD L,B				; $FDDD
FDDE: 25        			DEC H				; $FDDE
FDDF: ED44      			NEG				; $FDDF
FDE1: C3ECFD    			JP $FDEC				; $FDE1
FDE4: 7E        			LD A,(HL)				; $FDE4
FDE5: 7E        			LD A,(HL)				; $FDE5
FDE6: 7C        			LD A,H				; $FDE6
FDE7: E607      			AND $07				; $FDE7
FDE9: 2801      			JR Z,$FDEC				; $FDE9
FDEB: 25        			DEC H				; $FDEB
FDEC: ED5316FC  			LD ($FC16),DE				; $FDEC
FDF0: 2218FC    			LD ($FC18),HL				; $FDF0
FDF3: 2115FC    			LD HL,$FC15				; $FDF3
FDF6: 221BFC    			LD ($FC1B),HL				; $FDF6
FDF9: 21E550    			LD HL,$50E5				; $FDF9
FDFC: 221DFC    			LD ($FC1D),HL				; $FDFC
FDFF: 3E40      			LD A,$40				; $FDFF
FE01: 321FFC    			LD ($FC1F),A				; $FE01
FE04: ED44      			NEG				; $FE04
FE06: ED44      			NEG				; $FE06
FE08: ED44      			NEG				; $FE08
FE0A: A7        			AND A				; $FE0A
FE0B: D9        			EXX				; $FE0B
FE0C: C323FD    			JP $FD23				; $FE0C
FE0F: 2A2CFC    			LD HL,($FC2C)				; $FE0F
FE12: 0605      			LD B,$05				; $FE12
FE14: CB3C      			SRL H				; $FE14
FE16: CB1D      			RR L				; $FE16
FE18: 10FA      			DJNZ $FE14				; $FE18
FE1A: 1119FC    			LD DE,$FC19				; $FE1A
FE1D: 3EFF      			LD A,$FF				; $FE1D
FE1F: 01E803    			LD BC,$03E8				; $FE1F
FE22: 3C        			INC A				; $FE22
FE23: B7        			OR A				; $FE23
FE24: ED42      			SBC HL,BC				; $FE24
FE26: 30FA      			JR NC,$FE22				; $FE26
FE28: 09        			ADD HL,BC				; $FE28
FE29: 87        			ADD A,A				; $FE29
FE2A: 87        			ADD A,A				; $FE2A
FE2B: 87        			ADD A,A				; $FE2B
FE2C: 12        			LD (DE),A				; $FE2C
FE2D: 4D        			LD C,L				; $FE2D
FE2E: 44        			LD B,H				; $FE2E
FE2F: 29        			ADD HL,HL				; $FE2F
FE30: 29        			ADD HL,HL				; $FE30
FE31: 09        			ADD HL,BC				; $FE31
FE32: 29        			ADD HL,HL				; $FE32
FE33: 1B        			DEC DE				; $FE33
FE34: 7B        			LD A,E				; $FE34
FE35: FE15      			CP $15				; $FE35
FE37: 20E4      			JR NZ,$FE1D				; $FE37
FE39: C9        			RET				; $FE39
FE3A: F3        			DI				; $FE3A					<<< Entry point called from BASIC
FE3B: 210058    			LD HL,$5800				; $FE3B
FE3E: 110158    			LD DE,$5801				; $FE3E
FE41: 01FF02    			LD BC,$02FF				; $FE41
FE44: 3600      			LD (HL),00				; $FE44
FE46: EDB0      			LDIR				; $FE46
FE48: CD7EFE    			CALL $FE7E				; $FE48
FE4B: CD0180    			CALL $8001				; $FE4B
FE4E: CD7EFE    			CALL $FE7E				; $FE4E
FE51:           
FE51:           ;			LD HL,$FE5F				; $FE51		; :dbolli:20130811 10:54:49 Commented out bytes replaced by original BASIC loader
FE51:           
FE51: C399FC    			JP $FC99				; $FE51		; :dbolli:20130811 10:54:49 Inserted bytes from original BASIC loader
FE54:           
FE54: 11005B    			LD DE,$5B00				; $FE54
FE57: 011F00    			LD BC,$001F				; $FE57
FE5A: EDB0      			LDIR				; $FE5A
FE5C: C3005B    			JP $5B00				; $FE5C
FE5F: 21FFFB    			LD HL,$FBFF				; $FE5F
FE62: 11FFFF    			LD DE,$FFFF				; $FE62
FE65: 01FC9A    			LD BC,$9AFC				; $FE65
FE68: EDB8      			LDDR				; $FE68
FE6A: 210461    			LD HL,$6104				; $FE6A
FE6D: 110561    			LD DE,$6105				; $FE6D
FE70: 3600      			LD (HL),$00				; $FE70
FE72: 01FF03    			LD BC,$03FF				; $FE72
FE75: EDB0      			LDIR				; $FE75
FE77: 31A861    			LD SP,$61A8				; $FE77
FE7A: FB        			EI				; $FE7A
FE7B: C30465    			JP $6504				; $FE7B ; :dbolli:20141209 10:46:57 Commented out
FE7E:           ;            JR $                    ; $FE7B ; :dbolli:20141209 10:46:57 Added
FE7E:           ;            NOP                     ; $FE7D ; :dbolli:20141209 10:46:57 Added SAVE "" CODE 24835,40700 i.e. to 65535
FE7E: AF        			XOR A				; $FE7E
FE7F: 321AFC    			LD ($FC1A),A				; $FE7F
FE82: DD2121FC  			LD IX,$FC21				; $FE82
FE86: 111100    			LD DE,$0011				; $FE86
FE89: AF        			XOR A				; $FE89
FE8A: 37        			SCF				; $FE8A
FE8B: CD8AFC    			CALL $FC8A				; $FE8B
FE8E: 30EE      			JR NC,$FE7E				; $FE8E
FE90: 3A21FC    			LD A,($FC21)				; $FE90
FE93: FE2A      			CP $2A				; $FE93
FE95: 20E7      			JR NZ,$FE7E				; $FE95
FE97: CD0FFE    			CALL $FE0F				; $FE97
FE9A: 3E01      			LD A,$01				; $FE9A
FE9C: 321AFC    			LD ($FC1A),A				; $FE9C
FE9F: DD2A2EFC  			LD IX,($FC2E)				; $FE9F
FEA3: ED5B2CFC  			LD DE,($FC2C)				; $FEA3
FEA7: 3EFF      			LD A,$FF				; $FEA7
FEA9: 37        			SCF				; $FEA9
FEAA: CD8AFC    			CALL $FC8A				; $FEAA
FEAD: 30CF      			JR NC,$FE7E				; $FEAD
FEAF: C9        			RET				; $FEAF
FEB0:           			
FEB0: 00000000
FEB4: 00000000  			defb $00,$00,$00,$00,$00,$00,$00,$00				; $FEB0 ........
FEB8: 00000000
FEBC: 00000000  			defb $00,$00,$00,$00,$00,$00,$00,$00				; $FEB8 ........
FEC0: 00000000
FEC4: 00000000  			defb $00,$00,$00,$00,$00,$00,$00,$00				; $FEC0 ........
FEC8: 00000000
FECC: 00000000  			defb $00,$00,$00,$00,$00,$00,$00,$00				; $FEC8 ........
FED0: 00000000
FED4: 009105B8  			defb $00,$00,$00,$00,$00,$91,$05,$B8				; $FED0 ........
FED8: 05E7FEC3
FEDC: 05020D74  			defb $05,$E7,$FE,$C3,$05,$02,$0D,$74				; $FED8 .......t
FEE0: 02CB5CC9
FEE4: 02E901F2  			defb $02,$CB,$5C,$C9,$02,$E9,$01,$F2				; $FEE0 ..\.....
FEE8: FFDFFEE4
FEEC: 20493A74  			defb $FF,$DF,$FE,$E4,$20,$49,$3A,$74				; $FEE8 .... I:t
FEF0: 5CFE03CA
FEF4: 8A1CE7CD  			defb $5C,$FE,$03,$CA,$8A,$1C,$E7,$CD				; $FEF0 \.......
FEF8: B228CBF9
FEFC: 300B2100  			defb $B2,$28,$CB,$F9,$30,$0B,$21,$00				; $FEF8 .(..0.!.
FF00:           			
FF00:           CODE1END equ $ ; Marker to show end of object code
FF00:           
FF00:           
FF00:           ; . . . . . . . . . . .
FF00:           ; Code Block 2 Header
FF00:           
FF00:           
FFFFFFFD: 000000    #code				0,17,HEADERFLAG	; declare code segment
0000:           
0000:           CODE2START	equ $8000			; 32768
0000:           
0000: 2A        			defb $2A			; Code
0001: 63796265
0005: 726E6F69
0009: 6420      			defm "cybernoid "	; Pad to 10 chars
000B: 3511      			defw CODE2END-CODE2START	; Length 4405 $1135
000D: 0080      			defw CODE2START		; Code Start Address
000F: 0040      			defw $4000			; Unused
0011:           
0011:           
0011:           ; . . . . . . . . . . .
0011:           ; Code Block 2 Data
0011:           
0011:           
7FFD: 0000FF    #code				CODE2START,$2000,DATAFLAG	; declare code segment
8000:           
8000: 00180800
8004: 9D003A0D  			defb $00,$18,$08,$00,$9D,$00,$3A,$0D				; $8000 ......:.
8008: 481000    			defb $48,$10,$00                                    ; $8008 H..
800B:           
800B: F3                    DI				; $800B
800C: DDE5      			PUSH IX				; $800C
800E: FDE5      			PUSH IY				; $800E
8010: E5        			PUSH HL				; $8010
8011: D5        			PUSH DE				; $8011
8012: C5        			PUSH BC				; $8012
8013: F5        			PUSH AF				; $8013
8014: 21E1E9    			LD HL,$E9E1				; $8014
8017: 220040    			LD ($4000),HL				; $8017
801A: CD0040    			CALL $4000				; $801A
801D: 11E4FF    			LD DE,$FFE4				; $801D
8020: 19        			ADD HL,DE				; $8020
8021: E5        			PUSH HL				; $8021
8022: DDE1      			POP IX				; $8022
8024: E5        			PUSH HL				; $8024
8025: DD7E09    			LD A,(IX+$09)				; $8025
8028: D3FE      			OUT ($FE),A				; $8028
802A: 210040    			LD HL,$4000				; $802A
802D: 110140    			LD DE,$4001				; $802D
8030: 01FF1A    			LD BC,$1AFF				; $8030
8033: 3600      			LD (HL),00				; $8033
8035: EDB0      			LDIR				; $8035
8037: D1        			POP DE				; $8037
8038: DD6E03    			LD L,(IX+$03)				; $8038
803B: DD6604    			LD H,(IX+$04)				; $803B
803E: 19        			ADD HL,DE				; $803E
803F: E5        			PUSH HL				; $803F
8040: FDE1      			POP IY				; $8040
8042: DD6E05    			LD L,(IX+$05)				; $8042
8045: DD6606    			LD H,(IX+$06)				; $8045
8048: 19        			ADD HL,DE				; $8048
8049: E5        			PUSH HL				; $8049
804A: DD6E07    			LD L,(IX+$07)				; $804A
804D: DD6608    			LD H,(IX+$08)				; $804D
8050: 19        			ADD HL,DE				; $8050
8051: EB        			EX DE,HL				; $8051
8052: E1        			POP HL				; $8052
8053: DD210040  			LD IX,$4000				; $8053
8057: 37        			SCF				; $8057
8058: 08        			EX AF,AF'				; $8058
8059: 066C      			LD B,$6C				; $8059
805B: 0E01      			LD C,$01				; $805B
805D: 1A        			LD A,(DE)				; $805D
805E: A1        			AND C				; $805E
805F: 3E00      			LD A,$00				; $805F
8061: 2802      			JR Z,$8065				; $8061
8063: 7E        			LD A,(HL)				; $8063
8064: 23        			INC HL				; $8064
8065: C5        			PUSH BC				; $8065
8066: 4F        			LD C,A				; $8066
8067: 0601      			LD B,$01				; $8067
8069: 08        			EX AF,AF'				; $8069
806A: 3804      			JR C,$8070				; $806A
806C: 79        			LD A,C				; $806C
806D: A0        			AND B				; $806D
806E: 200A      			JR NZ,$807A				; $806E
8070: FD7E00    			LD A,(IY+$00)				; $8070
8073: DD7700    			LD (IX+$00),A				; $8073
8076: FD23      			INC IY				; $8076
8078: 180A      			JR $8084				; $8078
807A: DD2B      			DEC IX				; $807A
807C: DD7E00    			LD A,(IX+$00)				; $807C
807F: DD23      			INC IX				; $807F
8081: DD7700    			LD (IX+$00),A				; $8081
8084: DD23      			INC IX				; $8084
8086: AF        			XOR A				; $8086
8087: 08        			EX AF,AF'				; $8087
8088: CB20      			SLA B				; $8088
808A: 30DD      			JR NC,$8069				; $808A
808C: C1        			POP BC				; $808C
808D: CB21      			SLA C				; $808D
808F: 30CC      			JR NC,$805D				; $808F
8091: 13        			INC DE				; $8091
8092: 10C7      			DJNZ $805B				; $8092
8094: F1        			POP AF				; $8094
8095: C1        			POP BC				; $8095
8096: D1        			POP DE				; $8096
8097: E1        			POP HL				; $8097
8098: FDE1      			POP IY				; $8098
809A: DDE1      			POP IX				; $809A
809C: FB        			EI				; $809C
809D: C9        			RET				; $809D
809E:           
809E: 0003      			defb $00,$03                                        ; $809E ..
80A0: FFE00006
80A4: 0003FEFF  			defb $FF,$E0,$00,$06,$00,$03,$FE,$FF				; $80A0 ........
80A8: F0007FC0
80AC: 00278000  			defb $F0,$00,$7F,$C0,$00,$27,$80,$00				; $80A8 .....'..
80B0: 07FFFC0F
80B4: F1FFF87F  			defb $07,$FF,$FC,$0F,$F1,$FF,$F8,$7F				; $80B0 ........
80B8: FF0FFF1F
80BC: FFFE3FFF  			defb $FF,$0F,$FF,$1F,$FF,$FE,$3F,$FF				; $80B8 ......?.
80C0: FC7F8E7F
80C4: 0007002A  			defb $FC,$7F,$8E,$7F,$00,$07,$00,$2A				; $80C0 .......*
80C8: A0000600
80CC: 01F78F00  			defb $A0,$00,$06,$00,$01,$F7,$8F,$00				; $80C8 ........
80D0: 0F078FC1
80D4: F31E61E0  			defb $0F,$07,$8F,$C1,$F3,$1E,$61,$E0				; $80D0 ......a.
80D8: 07C0F00F
80DC: 81E03C00  			defb $07,$C0,$F0,$0F,$81,$E0,$3C,$00				; $80D8 ......<.
80E0: 07EFF7F8
80E4: 7FFFF001  			defb $07,$EF,$F7,$F8,$7F,$FF,$F0,$01				; $80E0 ........
80E8: FFE1FE01
80EC: FFFC7F8F  			defb $FF,$E1,$FE,$01,$FF,$FC,$7F,$8F				; $80E8 ........
80F0: FF00AAA0
80F4: 0007F031  			defb $FF,$00,$AA,$A0,$00,$07,$F0,$31				; $80F0 .......1
80F8: FBF03F6D
80FC: 9F8C6DDB  			defb $FB,$F0,$3F,$6D,$9F,$8C,$6D,$DB				; $80F8 ..?m..m.
8100: 01ADFB07
8104: F6DDF800  			defb $01,$AD,$FB,$07,$F6,$DD,$F8,$00				; $8100 ........
8108: 8AA0000A
810C: A0003464  			defb $8A,$A0,$00,$0A,$A0,$00,$34,$64				; $8108 ......4d
8110: 08AA7E2A
8114: A9FEC000  			defb $08,$AA,$7E,$2A,$A9,$FE,$C0,$00				; $8110 ..~*....
8118: 0AABE800
811C: 080001FF  			defb $0A,$AB,$E8,$00,$08,$00,$01,$FF				; $8118 ........
8120: C0000980
8124: 0001FFE0  			defb $C0,$00,$09,$80,$00,$01,$FF,$E0				; $8120 ........
8128: 007F8000
812C: 10500003  			defb $00,$7F,$80,$00,$10,$50,$00,$03				; $8128 .....P..
8130: FC000FF3
8134: FC0FF0FF  			defb $FC,$00,$0F,$F3,$FC,$0F,$F0,$FF				; $8130 ........
8138: 001FC0FE
813C: 3FC3FC7F  			defb $00,$1F,$C0,$FE,$3F,$C3,$FC,$7F				; $8138 ....?...
8140: 87F8FF1F
8144: 7F000680  			defb $87,$F8,$FF,$1F,$7F,$00,$06,$80				; $8140 ........
8148: 15500003
814C: FC0FF7FF  			defb $15,$50,$00,$03,$FC,$0F,$F7,$FF				; $8148 .P......
8150: F0FF1FFF
8154: 803FC3FC  			defb $F0,$FF,$1F,$FF,$80,$3F,$C3,$FC				; $8150 .....?..
8158: 7F87F8FF
815C: 1FE0FF00  			defb $7F,$87,$F8,$FF,$1F,$E0,$FF,$00				; $8158 ........
8160: 0700E700
8164: 30006000  			defb $07,$00,$E7,$00,$30,$00,$60,$00				; $8160 ....0.`.
8168: 03EFF7F0
816C: FFE000FF  			defb $03,$EF,$F7,$F0,$FF,$E0,$00,$FF				; $8168 ........
8170: C3FC00FF
8174: F8FF1FFF  			defb $C3,$FC,$00,$FF,$F8,$FF,$1F,$FF				; $8170 ........
8178: 00555000
817C: 03F0319B  			defb $00,$55,$50,$00,$03,$F0,$31,$9B				; $8178 .UP...1.
8180: 00306CD9
8184: 8C6CD981  			defb $00,$30,$6C,$D9,$8C,$6C,$D9,$81				; $8180 .0l..l..
8188: 8DFB0636
818C: CD800055  			defb $8D,$FB,$06,$36,$CD,$80,$00,$55				; $8188 ...6...U
8190: 50004C84
8194: C45403E0  			defb $50,$00,$4C,$84,$C4,$54,$03,$E0				; $8190 P.L..T..
8198: 00515000
819C: 109B6155  			defb $00,$51,$50,$00,$10,$9B,$61,$55				; $8198 .QP...aU
81A0: 7FC554FE
81A4: E0001553  			defb $7F,$C5,$54,$FE,$E0,$00,$15,$53				; $81A0 ..T....S
81A8: A8002200
81AC: FF803FFF  			defb $A8,$00,$22,$00,$FF,$80,$3F,$FF				; $81A8 .."...?.
81B0: C0000B80
81B4: 00FFC000  			defb $C0,$00,$0B,$80,$00,$FF,$C0,$00				; $81B0 ........
81B8: 7F002AA0
81BC: 004001FE  			defb $7F,$00,$2A,$A0,$00,$40,$01,$FE				; $81B8 ..*..@..
81C0: 000FF7F8
81C4: 1FE1FE00  			defb $00,$0F,$F7,$F8,$1F,$E1,$FE,$00				; $81C0 ........
81C8: 3F81FC7F
81CC: 87F8FF0F  			defb $3F,$81,$FC,$7F,$87,$F8,$FF,$0F				; $81C8 ?.......
81D0: F1FE3FFF
81D4: 0007342A  			defb $F1,$FE,$3F,$FF,$00,$07,$34,$2A				; $81D0 ..?...4*
81D8: A00001FE
81DC: 0FF01FE1  			defb $A0,$00,$01,$FE,$0F,$F0,$1F,$E1				; $81D8 ........
81E0: FE003FFF
81E4: C07F87F8  			defb $FE,$00,$3F,$FF,$C0,$7F,$87,$F8				; $81E0 ..?.....
81E8: FF0FF1FE
81EC: 3FC07F00  			defb $FF,$0F,$F1,$FE,$3F,$C0,$7F,$00				; $81E8 ....?...
81F0: 06818C00
81F4: 3000D000  			defb $06,$81,$8C,$00,$30,$00,$D0,$00				; $81F0 ....0...
81F8: 01EFF7E1
81FC: FFC0007F  			defb $01,$EF,$F7,$E1,$FF,$C0,$00,$7F				; $81F8 ........
8200: 83F8007F
8204: F1FE3FFF  			defb $83,$F8,$00,$7F,$F1,$FE,$3F,$FF				; $8200 ......?.
8208: 008AA000
820C: 01F0319B  			defb $00,$8A,$A0,$00,$01,$F0,$31,$9B				; $8208 ......1.
8210: F0306FD9
8214: 8C6CDF81  			defb $F0,$30,$6F,$D9,$8C,$6C,$DF,$81				; $8210 .0o..l..
8218: 8D9BF636
821C: CDF8008A  			defb $8D,$9B,$F6,$36,$CD,$F8,$00,$8A				; $8218 ...6....
8220: A000901B
8224: 2AAA8FF8  			defb $A0,$00,$90,$1B,$2A,$AA,$8F,$F8				; $8220 ....*...
8228: 00AAA000
822C: 416402AA  			defb $00,$AA,$A0,$00,$41,$64,$02,$AA				; $8228 ....Ad..
8230: 7FF8AA7C
8234: F0000AAA  			defb $7F,$F8,$AA,$7C,$F0,$00,$0A,$AA				; $8230 ...|....
8238: A8000800
823C: 7FC01FFF  			defb $A8,$00,$08,$00,$7F,$C0,$1F,$FF				; $8238 ........
8240: 80000F00
8244: FF7FFF8F  			defb $80,$00,$0F,$00,$FF,$7F,$FF,$8F				; $8240 ........
8248: FF8003FF
824C: F87FF000  			defb $FF,$80,$03,$FF,$F8,$7F,$F0,$00				; $8248 ........
8250: FFE001FF
8254: C03FFC7F  			defb $FF,$E0,$01,$FF,$C0,$3F,$FC,$7F				; $8250 .....?..
8258: 00155000
825C: A000FF00  			defb $00,$15,$50,$00,$A0,$00,$FF,$00				; $8258 ..P.....
8260: 0FF7F03F
8264: C3FC007F  			defb $0F,$F7,$F0,$3F,$C3,$FC,$00,$7F				; $8260 ...?....
8268: 03F8FF0F
826C: F1FE1FE3  			defb $03,$F8,$FF,$0F,$F1,$FE,$1F,$E3				; $8268 ........
8270: FC7FFF00
8274: 06B41550  			defb $FC,$7F,$FF,$00,$06,$B4,$15,$50				; $8270 .......P
8278: 00FFEFF0
827C: 3FC3FC00  			defb $00,$FF,$EF,$F0,$3F,$C3,$FC,$00				; $8278 ....?...
8280: 7FBFE0FF
8284: 0FF1FE1F  			defb $7F,$BF,$E0,$FF,$0F,$F1,$FE,$1F				; $8280 ........
8288: E3FC7F80
828C: 7F00071D  			defb $E3,$FC,$7F,$80,$7F,$00,$07,$1D				; $8288 ........
8290: CE733180
8294: C31CE600  			defb $CE,$73,$31,$80,$C3,$1C,$E6,$00				; $8290 .s1.....
8298: 0FF00055
829C: 5000F031  			defb $0F,$F0,$00,$55,$50,$00,$F0,$31				; $8298 ...UP..1
82A0: 9BF0306F
82A4: D98C6CDF  			defb $9B,$F0,$30,$6F,$D9,$8C,$6C,$DF				; $82A0 ..0o..l.
82A8: 818D9BF6
82AC: 36CDF800  			defb $81,$8D,$9B,$F6,$36,$CD,$F8,$00				; $82A8 ....6...
82B0: 55500001
82B4: 0864D455  			defb $55,$50,$00,$01,$08,$64,$D4,$55				; $82B0 UP...d.U
82B8: 53FC0051
82BC: 5000209B  			defb $53,$FC,$00,$51,$50,$00,$20,$9B				; $82B8 S..QP. .
82C0: 05557FFE
82C4: 5533F000  			defb $05,$55,$7F,$FE,$55,$33,$F0,$00				; $82C0 .U..U3..
82C8: 1552A800
82CC: 3FE00FFF  			defb $15,$52,$A8,$00,$3F,$E0,$0F,$FF				; $82C8 .R..?...
82D0: 00154000
82D4: 7FFFBFFF  			defb $00,$15,$40,$00,$7F,$FF,$BF,$FF				; $82D0 ..@.....
82D8: 1FFFC007
82DC: FFF0FFF8  			defb $1F,$FF,$C0,$07,$FF,$F0,$FF,$F8				; $82D8 ........
82E0: 01FFF003
82E4: FFE01FF8  			defb $01,$FF,$F0,$03,$FF,$E0,$1F,$F8				; $82E0 ........
82E8: 7F002AA0
82EC: 0040007F  			defb $7F,$00,$2A,$A0,$00,$40,$00,$7F				; $82E8 ..*..@..
82F0: 800FF7FF
82F4: 87FFF8FF  			defb $80,$0F,$F7,$FF,$87,$FF,$F8,$FF				; $82F0 ........
82F8: F1FE1FE3
82FC: FC3FC7F8  			defb $F1,$FE,$1F,$E3,$FC,$3F,$C7,$F8				; $82F8 .....?..
8300: FF0006B4
8304: 2AA0007F  			defb $FF,$00,$06,$B4,$2A,$A0,$00,$7F				; $8300 ....*...
8308: EFF07F87
830C: F800FF1F  			defb $EF,$F0,$7F,$87,$F8,$00,$FF,$1F				; $8308 ........
8310: F1FE1FE3
8314: FC3FC7F8  			defb $F1,$FE,$1F,$E3,$FC,$3F,$C7,$F8				; $8310 .....?..
8318: FF007F00
831C: 07358CD7  			defb $FF,$00,$7F,$00,$07,$35,$8C,$D7				; $8318 .....5..
8320: B3C0C7B1
8324: 8D007FF0  			defb $B3,$C0,$C7,$B1,$8D,$00,$7F,$F0				; $8320 ........
8328: 008AA000
832C: 70008AA0  			defb $00,$8A,$A0,$00,$70,$00,$8A,$A0				; $8328 ....p...
8330: 0006A099
8334: 2AAAA87C  			defb $00,$06,$A0,$99,$2A,$AA,$A8,$7C				; $8330 ....*..|
8338: 001000AA
833C: A8000800  			defb $00,$10,$00,$AA,$A8,$00,$08,$00				; $8338 ........
8340: 03602AAA
8344: 7FFFAA8F  			defb $03,$60,$2A,$AA,$7F,$FF,$AA,$8F				; $8340 .`*.....
8348: F8002AAB
834C: A8001FF0  			defb $F8,$00,$2A,$AB,$A8,$00,$1F,$F0				; $8348 ..*.....
8350: 1FFE0015
8354: 40003FFF  			defb $1F,$FE,$00,$15,$40,$00,$3F,$FF				; $8350 ....@.?.
8358: 9FFE3FFF
835C: E00FFFE1  			defb $9F,$FE,$3F,$FF,$E0,$0F,$FF,$E1				; $8358 ..?.....
8360: FFFC03FF
8364: F807FFF0  			defb $FF,$FC,$03,$FF,$F8,$07,$FF,$F0				; $8360 ........
8368: 0FF07F00
836C: 1550003F  			defb $0F,$F0,$7F,$00,$15,$50,$00,$3F				; $8368 .....P.?
8370: C00FF7FF
8374: 0FFFF1FF  			defb $C0,$0F,$F7,$FF,$0F,$FF,$F1,$FF				; $8370 ........
8378: E3FC3FC7
837C: F87F8FF1  			defb $E3,$FC,$3F,$C7,$F8,$7F,$8F,$F1				; $8378 ..?.....
8380: FF00071C
8384: 1550003F  			defb $FF,$00,$07,$1C,$15,$50,$00,$3F				; $8380 .....P.?
8388: EFF7FF0F
838C: FFFE0FFF  			defb $EF,$F7,$FF,$0F,$FF,$FE,$0F,$FF				; $8388 ........
8390: FC3FC7FF
8394: 8FF1FF00  			defb $FC,$3F,$C7,$FF,$8F,$F1,$FF,$00				; $8390 .?......
8398: 06B58CD6
839C: 3380D631  			defb $06,$B5,$8C,$D6,$33,$80,$D6,$31				; $8398 ....3..1
83A0: 8D003FF0
83A4: FD9BF03F  			defb $8D,$00,$3F,$F0,$FD,$9B,$F0,$3F				; $83A0 ..?....?
83A8: 6FD9BF6C
83AC: DF818DFB  			defb $6F,$D9,$BF,$6C,$DF,$81,$8D,$FB				; $83A8 o..l....
83B0: F636CDF8
83B4: 00555000  			defb $F6,$36,$CD,$F8,$00,$55,$50,$00				; $83B0 .6...UP.
83B8: 30005150
83BC: 00094364  			defb $30,$00,$51,$50,$00,$09,$43,$64				; $83B8 0.QP..Cd
83C0: 9515551C
83C4: 00280001  			defb $95,$15,$55,$1C,$00,$28,$00,$01				; $83C0 ..U..(..
83C8: 51500022
83CC: 00648855  			defb $51,$50,$00,$22,$00,$64,$88,$55				; $83C8 QP.".d.U
83D0: 1FFFC557
83D4: FC001550  			defb $1F,$FF,$C5,$57,$FC,$00,$15,$50				; $83D0 ...W...P
83D8: E8000FF8
83DC: 3FFC000C  			defb $E8,$00,$0F,$F8,$3F,$FC,$00,$0C				; $83D8 ....?...
83E0: A0001FFF
83E4: 0FFC7FFF  			defb $A0,$00,$1F,$FF,$0F,$FC,$7F,$FF				; $83E0 ........
83E8: F01FFFC3
83EC: FFFE07FF  			defb $F0,$1F,$FF,$C3,$FF,$FE,$07,$FF				; $83E8 ........
83F0: FC0FFFF8
83F4: 1FE07F00  			defb $FC,$0F,$FF,$F8,$1F,$E0,$7F,$00				; $83F0 ........
83F8: 2AA0001F
83FC: E00FF7FF  			defb $2A,$A0,$00,$1F,$E0,$0F,$F7,$FF				; $83F8 *.......
8400: FE1FFFE3
8404: FFC7F87F  			defb $FE,$1F,$FF,$E3,$FF,$C7,$F8,$7F				; $8400 ........
8408: 8FF0FF1F
840C: E3FF0004  			defb $8F,$F0,$FF,$1F,$E3,$FF,$00,$04				; $8408 ........
8410: 2AA0001F
8414: EFF7FE1F  			defb $2A,$A0,$00,$1F,$EF,$F7,$FE,$1F				; $8410 *.......
8418: FFFC07FF
841C: F87F87FF  			defb $FF,$FC,$07,$FF,$F8,$7F,$87,$FF				; $8418 ........
8420: 1FE3FF00
8424: 069D8C73  			defb $1F,$E3,$FF,$00,$06,$9D,$8C,$73				; $8420 .......s
8428: B9C0639C
842C: E6001FF0  			defb $B9,$C0,$63,$9C,$E6,$00,$1F,$F0				; $8428 ..c.....
8430: FD9BF03F
8434: 6FD9BF6E  			defb $FD,$9B,$F0,$3F,$6F,$D9,$BF,$6E				; $8430 ...?o..n
8438: DF81DDFB
843C: F636EDF8  			defb $DF,$81,$DD,$FB,$F6,$36,$ED,$F8				; $8438 .....6..
8440: 008AA000
8444: 10FFF800  			defb $00,$8A,$A0,$00,$10,$FF,$F8,$00				; $8440 ........
8448: 82A00016
844C: 04992A42  			defb $82,$A0,$00,$16,$04,$99,$2A,$42				; $8448 ......*B
8450: AAA3FC00
8454: 100002A8  			defb $AA,$A3,$FC,$00,$10,$00,$02,$A8				; $8450 ........
8458: A0000800
845C: 4B40AA6F  			defb $A0,$00,$08,$00,$4B,$40,$AA,$6F				; $8458 ....K@.o
8460: FFF2A9FE
8464: 002AAA30  			defb $FF,$F2,$A9,$FE,$00,$2A,$AA,$30				; $8460 .....*.0
8468: 0007FC7F
846C: F8007FE0  			defb $00,$07,$FC,$7F,$F8,$00,$7F,$E0				; $8468 ........
8470: 0018E000
8474: 0FFFFE0F  			defb $00,$18,$E0,$00,$0F,$FF,$FE,$0F				; $8470 ........
8478: F8FFF83F
847C: FF87FF0F  			defb $F8,$FF,$F8,$3F,$FF,$87,$FF,$0F				; $8478 ...?....
8480: FFFE1FFF
8484: FC3FC47F  			defb $FF,$FE,$1F,$FF,$FC,$3F,$C4,$7F				; $8480 .....?..
8488: 00155000
848C: 01F00E00  			defb $00,$15,$50,$00,$01,$F0,$0E,$00				; $8488 ..P.....
8490: 70C030F8
8494: 003E0C01  			defb $70,$C0,$30,$F8,$00,$3E,$0C,$01				; $8490 p.0..>..
8498: 801F1801
849C: 0E30061B  			defb $80,$1F,$18,$01,$0E,$30,$06,$1B				; $8498 .....0..
84A0: C3003815
84A4: 50000FEF  			defb $C3,$00,$38,$15,$50,$00,$0F,$EF				; $84A0 ..8.P...
84A8: F7FC3FFF
84AC: F803FFF0  			defb $F7,$FC,$3F,$FF,$F8,$03,$FF,$F0				; $84A8 ..?.....
84B0: FF03FFFE
84B4: 3FC7FF00  			defb $FF,$03,$FF,$FE,$3F,$C7,$FF,$00				; $84B0 ....?...
84B8: 0FF031FB
84BC: 00306C1F  			defb $0F,$F0,$31,$FB,$00,$30,$6C,$1F				; $84B8 ..1..0l.
84C0: 8C6FD801
84C4: FD9B07F6  			defb $8C,$6F,$D8,$01,$FD,$9B,$07,$F6				; $84C0 .o......
84C8: FD800055
84CC: 50000150  			defb $FD,$80,$00,$55,$50,$00,$01,$50				; $84C8 ...UP..P
84D0: 00281B64
84D4: 55795553  			defb $00,$28,$1B,$64,$55,$79,$55,$53				; $84D0 .(.dUyUS
84D8: FE000553
84DC: 18005D00  			defb $FE,$00,$05,$53,$18,$00,$5D,$00				; $84D8 ...S..].
84E0: 24055533
84E4: FFF1547F  			defb $24,$05,$55,$33,$FF,$F1,$54,$7F				; $84E0 $.U3..T.
84E8: 00155540
84EC: 000708AA  			defb $00,$15,$55,$40,$00,$07,$08,$AA				; $84E8 ..U@....
84F0: 6DFFF0AA
84F4: 9F00082A  			defb $6D,$FF,$F0,$AA,$9F,$00,$08,$2A				; $84F0 m......*
84F8: A2A000A0
84FC: 788AAA01  			defb $A2,$A0,$00,$A0,$78,$8A,$AA,$01				; $84F8 ....x...
8500: A0800002
8504: AA0002AA  			defb $A0,$80,$00,$02,$AA,$00,$02,$AA				; $8500 ........
8508: 8AA00002
850C: 8037606A  			defb $8A,$A0,$00,$02,$80,$37,$60,$6A				; $8508 .....7`j
8510: 3FC00002
8514: CA002AAA  			defb $3F,$C0,$00,$02,$CA,$00,$2A,$AA				; $8510 ?.....*.
8518: A8E4AAE0
851C: 00010032  			defb $A8,$E4,$AA,$E0,$00,$01,$00,$32				; $8518 .......2
8520: 808D01FC
8524: ABC000BE  			defb $80,$8D,$01,$FC,$AB,$C0,$00,$BE				; $8520 ........
8528: 8AAAA06C
852C: 003C8026  			defb $8A,$AA,$A0,$6C,$00,$3C,$80,$26				; $8528 ...l.<.&
8530: 007C0A80
8534: 1000AF2B  			defb $00,$7C,$0A,$80,$10,$00,$AF,$2B				; $8530 .|.....+
8538: A2AA8000
853C: 5E801900  			defb $A2,$AA,$80,$00,$5E,$80,$19,$00				; $8538 ....^...
8540: 2A002BCA
8544: 9AE2000C  			defb $2A,$00,$2B,$CA,$9A,$E2,$00,$0C				; $8540 *.+.....
8548: A00A8000
854C: 02A0003D  			defb $A0,$0A,$80,$00,$02,$A0,$00,$3D				; $8548 .......=
8550: F271A800
8554: 02A81180  			defb $F2,$71,$A8,$00,$02,$A8,$11,$80				; $8550 .q......
8558: 002A0017
855C: 4AA7DCA8  			defb $00,$2A,$00,$17,$4A,$A7,$DC,$A8				; $8558 .*..J...
8560: 09E00008
8564: 0010E455  			defb $09,$E0,$00,$08,$00,$10,$E4,$55				; $8560 .......U
8568: 3A7FE015
856C: 41800014  			defb $3A,$7F,$E0,$15,$41,$80,$00,$14				; $8568 :...A...
8570: 55400001
8574: 401E4554  			defb $55,$40,$00,$01,$40,$1E,$45,$54				; $8570 U@..@.ET
8578: 02830001
857C: 55000555  			defb $02,$83,$00,$01,$55,$00,$05,$55				; $8578 ....U..U
8580: 15400020
8584: 0001409D  			defb $15,$40,$00,$20,$00,$01,$40,$9D				; $8580 .@. ..@.
8588: 81A53FE0
858C: 00650055  			defb $81,$A5,$3F,$E0,$00,$65,$00,$55				; $8588 ..?..e.U
8590: 542D4AA0
8594: 0025405C  			defb $54,$2D,$4A,$A0,$00,$25,$40,$5C				; $8590 T-J..%@\
8598: 03FC5580
859C: 005E4555  			defb $03,$FC,$55,$80,$00,$5E,$45,$55				; $8598 ..U..^EU
85A0: 506C0021
85A4: 40003805  			defb $50,$6C,$00,$21,$40,$00,$38,$05				; $85A0 Pl.!@.8.
85A8: 40004F95
85AC: 5155007E  			defb $40,$00,$4F,$95,$51,$55,$00,$7E				; $85A8 @.O.QU.~
85B0: 40005400
85B4: 13D45CD4  			defb $40,$00,$54,$00,$13,$D4,$5C,$D4				; $85B0 @.T...\.
85B8: 000D5000
85BC: 02015000  			defb $00,$0D,$50,$00,$02,$01,$50,$00				; $85B8 ..P...P.
85C0: DCF57694
85C4: 00015000  			defb $DC,$F5,$76,$94,$00,$01,$50,$00				; $85C0 ..v...P.
85C8: 15003795
85CC: 53DD5415  			defb $15,$00,$37,$95,$53,$DD,$54,$15				; $85C8 ..7.S.T.
85D0: F0002A78
85D4: AAED9FE0  			defb $F0,$00,$2A,$78,$AA,$ED,$9F,$E0				; $85D0 ..*x....
85D8: 0AAA0028
85DC: AAA000A0  			defb $0A,$AA,$00,$28,$AA,$A0,$00,$A0				; $85D8 ...(....
85E0: 078AA80A
85E4: 0400AA80  			defb $07,$8A,$A8,$0A,$04,$00,$AA,$80				; $85E0 ........
85E8: 0002AA4A
85EC: A0000A80  			defb $00,$02,$AA,$4A,$A0,$00,$0A,$80				; $85E8 ...J....
85F0: 5702E29F
85F4: E0007280  			defb $57,$02,$E2,$9F,$E0,$00,$72,$80				; $85F0 W.....r.
85F8: AAA80EAF
85FC: E0000A80  			defb $AA,$A8,$0E,$AF,$E0,$00,$0A,$80				; $85F8 ........
8600: 1007FE29
8604: 009EA2AA  			defb $10,$07,$FE,$29,$00,$9E,$A2,$AA				; $8600 ...)....
8608: A078001E
860C: 80520020  			defb $A0,$78,$00,$1E,$80,$52,$00,$20				; $8608 .x...R. 
8610: 02A000AF
8614: A926AA80  			defb $02,$A0,$00,$AF,$A9,$26,$AA,$80				; $8610 .....&..
8618: 007EA029
861C: 00082A00  			defb $00,$7E,$A0,$29,$00,$08,$2A,$00				; $8618 .~.)..*.
8620: 2BEA9D40
8624: 0004A014  			defb $2B,$EA,$9D,$40,$00,$04,$A0,$14				; $8620 +..@....
8628: 800002A0
862C: 00DA72F7  			defb $80,$00,$02,$A0,$00,$DA,$72,$F7				; $8628 ......r.
8630: 28010002
8634: A8112000  			defb $28,$01,$00,$02,$A8,$11,$20,$00				; $8630 (..... .
8638: 2A80007B
863C: 2AADBAA8  			defb $2A,$80,$00,$7B,$2A,$AD,$BA,$A8				; $8638 *..{*...
8640: 09F00008
8644: 00451E55  			defb $09,$F0,$00,$08,$00,$45,$1E,$55				; $8640 .....E.U
8648: 54B86FC0
864C: 05554000  			defb $54,$B8,$6F,$C0,$05,$55,$40,$00				; $8648 T.o..U@.
8650: 54554540
8654: 0001404D  			defb $54,$55,$45,$40,$00,$01,$40,$4D				; $8650 TUE@..@M
8658: E5542808
865C: 00554000  			defb $E5,$54,$28,$08,$00,$55,$40,$00				; $8658 .T(..U@.
8660: 05555000
8664: 20001540  			defb $05,$55,$50,$00,$20,$00,$15,$40				; $8660 .UP. ..@
8668: 9C0B855F
866C: F0007941  			defb $9C,$0B,$85,$5F,$F0,$00,$79,$41				; $8668 ..._..yA
8670: 55500E40
8674: 0005400B  			defb $55,$50,$0E,$40,$00,$05,$40,$0B				; $8670 UP.@..@.
8678: FE14005E
867C: 51155540  			defb $FE,$14,$00,$5E,$51,$15,$55,$40				; $8678 ...^Q.U@
8680: 70007E40
8684: 00015000  			defb $70,$00,$7E,$40,$00,$01,$50,$00				; $8680 p.~@..P.
8688: 57954F55
868C: 003E4000  			defb $57,$95,$4F,$55,$00,$3E,$40,$00				; $8688 W.OU.>@.
8690: 15001000
8694: 13E45D94  			defb $15,$00,$10,$00,$13,$E4,$5D,$94				; $8690 ......].
8698: 00080001
869C: 50000150  			defb $00,$08,$00,$01,$50,$00,$01,$50				; $8698 ....P..P
86A0: 0001E964
86A4: F7540180  			defb $00,$01,$E9,$64,$F7,$54,$01,$80				; $86A0 ...d.T..
86A8: 00015400
86AC: 1540007A  			defb $00,$01,$54,$00,$15,$40,$00,$7A				; $86A8 ..T..@.z
86B0: 554EBA50
86B4: 15F00028  			defb $55,$4E,$BA,$50,$15,$F0,$00,$28				; $86B0 UN.P...(
86B8: A72AAAEE
86BC: 33C002AA  			defb $A7,$2A,$AA,$EE,$33,$C0,$02,$AA				; $86B8 .*..3...
86C0: A00028AA
86C4: A0008097  			defb $A0,$00,$28,$AA,$A0,$00,$80,$97				; $86C0 ..(.....
86C8: 72A8A030
86CC: 002AA000  			defb $72,$A8,$A0,$30,$00,$2A,$A0,$00				; $86C8 r..0.*..
86D0: 0AAA48AC
86D4: 00800001  			defb $0A,$AA,$48,$AC,$00,$80,$00,$01				; $86D0 ..H.....
86D8: 74003280
86DC: 100E02AF  			defb $74,$00,$32,$80,$10,$0E,$02,$AF				; $86D8 t.2.....
86E0: F800BCA2
86E4: AAA81AA0  			defb $F8,$00,$BC,$A2,$AA,$A8,$1A,$A0				; $86E0 ........
86E8: 000A807B
86EC: FF2A009F  			defb $00,$0A,$80,$7B,$FF,$2A,$00,$9F				; $86E8 ...{.*..
86F0: 248AAAA0
86F4: 20007E80  			defb $24,$8A,$AA,$A0,$20,$00,$7E,$80				; $86F0 $... .~.
86F8: 488002A0
86FC: 00A7A92F  			defb $48,$80,$02,$A0,$00,$A7,$A9,$2F				; $86F8 H....../
8700: 0A003EA0
8704: 2440000A  			defb $0A,$00,$3E,$A0,$24,$40,$00,$0A				; $8700 ..>.$@..
8708: 80000BEA
870C: 9DC80014  			defb $80,$00,$0B,$EA,$9D,$C8,$00,$14				; $8708 ........
8710: 0002A00A
8714: 8000A800  			defb $00,$02,$A0,$0A,$80,$00,$A8,$00				; $8710 ........
8718: 03F2A96F
871C: 2801C000  			defb $03,$F2,$A9,$6F,$28,$01,$C0,$00				; $8718 ...o(...
8720: 080002A8
8724: 02200004  			defb $08,$00,$02,$A8,$02,$20,$00,$04				; $8720 ..... ..
8728: 0A8000BC
872C: AA9F3AA8  			defb $0A,$80,$00,$BC,$AA,$9F,$3A,$A8				; $8728 ......:.
8730: 29F00056
8734: 519554B8  			defb $29,$F0,$00,$56,$51,$95,$54,$B8				; $8730 )..VQ.T.
8738: 0DC00055
873C: 50005540  			defb $0D,$C0,$00,$55,$50,$00,$55,$40				; $8738 ...UP.U@
8740: 0001400D
8744: 995080C0  			defb $00,$01,$40,$0D,$99,$50,$80,$C0				; $8740 ..@..P..
8748: 00145000
874C: 155554D1  			defb $00,$14,$50,$00,$15,$55,$54,$D1				; $8748 ..P..UT.
8750: 4E000140
8754: 00200015  			defb $4E,$00,$01,$40,$00,$20,$00,$15				; $8750 N..@. ..
8758: 4058114F
875C: FC003C51  			defb $40,$58,$11,$4F,$FC,$00,$3C,$51				; $8758 @X.O..<Q
8760: 55501A40
8764: 00054001  			defb $55,$50,$1A,$40,$00,$05,$40,$01				; $8760 UP.@..@.
8768: A1FF1500
876C: 5F524555  			defb $A1,$FF,$15,$00,$5F,$52,$45,$55				; $8768 ...._REU
8770: 4020007E
8774: 40000150  			defb $40,$20,$00,$7E,$40,$00,$01,$50				; $8770 @ .~@..P
8778: 0057D44F
877C: 65001D40  			defb $00,$57,$D4,$4F,$65,$00,$1D,$40				; $8778 .W.Oe..@
8780: 00150015
8784: E53D9000  			defb $00,$15,$00,$15,$E5,$3D,$90,$00				; $8780 .....=..
8788: 08000150
878C: 00540040  			defb $08,$00,$01,$50,$00,$54,$00,$40				; $8788 ...P.T.@
8790: 01F555AF
8794: 5405C000  			defb $01,$F5,$55,$AF,$54,$05,$C0,$00				; $8790 ..U.T...
8798: 01540005
879C: 4001DD55  			defb $01,$54,$00,$05,$40,$01,$DD,$55				; $8798 .T..@..U
87A0: 5F565015
87A4: F800A78A  			defb $5F,$56,$50,$15,$F8,$00,$A7,$8A				; $87A0 _VP.....
87A8: 2AAAE016
87AC: 002AA800  			defb $2A,$AA,$E0,$16,$00,$2A,$A8,$00				; $87A8 *....*..
87B0: AA8AA000
87B4: 02805760  			defb $AA,$8A,$A0,$00,$02,$80,$57,$60				; $87B0 ......W`
87B8: AA03000A
87BC: 28002AAA  			defb $AA,$03,$00,$0A,$28,$00,$2A,$AA				; $87B8 ....(.*.
87C0: A8AB8000
87C4: 80000100  			defb $A8,$AB,$80,$00,$80,$00,$01,$00				; $87C0 ........
87C8: 12808170
87CC: 38A7F800  			defb $12,$80,$81,$70,$38,$A7,$F8,$00				; $87C8 ...p8...
87D0: BD28AAA0
87D4: 3AA0001A  			defb $BD,$28,$AA,$A0,$3A,$A0,$00,$1A				; $87D0 .(..:...
87D8: 8046C0FF
87DC: 0A8000AF  			defb $80,$46,$C0,$FF,$0A,$80,$00,$AF				; $87D8 .F......
87E0: 2B22AA80
87E4: 00788028  			defb $2B,$22,$AA,$80,$00,$78,$80,$28				; $87E0 +"...x.(
87E8: 8000A801
87EC: 00A7CA2E  			defb $80,$00,$A8,$01,$00,$A7,$CA,$2E				; $87E8 ........
87F0: EA001CA0
87F4: 1440000A  			defb $EA,$00,$1C,$A0,$14,$40,$00,$0A				; $87F0 .....@..
87F8: 800019E8
87FC: 9BA80002  			defb $80,$00,$19,$E8,$9B,$A8,$00,$02				; $87F8 ........
8800: A8028000
8804: AA0006EA  			defb $A8,$02,$80,$00,$AA,$00,$06,$EA				; $8800 ........
8808: ABC6A801
880C: E0000800  			defb $AB,$C6,$A8,$01,$E0,$00,$08,$00				; $8808 ........
8810: 02A800A0
8814: 0002A003  			defb $02,$A8,$00,$A0,$00,$02,$A0,$03				; $8810 ........
8818: DAAA8EE7
881C: 282AF800  			defb $DA,$AA,$8E,$E7,$28,$2A,$F8,$00				; $8818 ....(*..
8820: 51E55554
8824: 80798000  			defb $51,$E5,$55,$54,$80,$79,$80,$00				; $8820 Q.UT.y..
8828: 15540001
882C: 55154000  			defb $15,$54,$00,$01,$55,$15,$40,$00				; $8828 .T..U.@.
8830: 01409DD8
8834: 150F8000  			defb $01,$40,$9D,$D8,$15,$0F,$80,$00				; $8830 .@......
8838: 04940055
883C: 54A54BE0  			defb $04,$94,$00,$55,$54,$A5,$4B,$E0				; $8838 ...UT.K.
8840: 00200002
8844: 80254003  			defb $00,$20,$00,$02,$80,$25,$40,$03				; $8840 . ...%@.
8848: C0F957F0
884C: 003E1555  			defb $C0,$F9,$57,$F0,$00,$3E,$15,$55				; $8848 ..W..>.U
8850: 502E0019
8854: 408B00FE  			defb $50,$2E,$00,$19,$40,$8B,$00,$FE				; $8850 P...@...
8858: 05004F53
885C: 95554000  			defb $05,$00,$4F,$53,$95,$55,$40,$00				; $8858 ..OS.U@.
8860: 26400054
8864: 0057D446  			defb $26,$40,$00,$54,$00,$57,$D4,$46				; $8860 &@.T.W.F
8868: E4001D50
886C: 00054001  			defb $E4,$00,$1D,$50,$00,$05,$40,$01				; $8868 ...P..@.
8870: 0039F12B
8874: 90000150  			defb $00,$39,$F1,$2B,$90,$00,$01,$50				; $8870 .9.+...P
8878: 0054000E
887C: D553DA54  			defb $00,$54,$00,$0E,$D5,$53,$DA,$54				; $8878 .T...S.T
8880: 05E0005D
8884: 00015400  			defb $05,$E0,$00,$5D,$00,$01,$54,$00				; $8880 ...]..T.
8888: 055005E5
888C: 5556E350  			defb $05,$50,$05,$E5,$55,$56,$E3,$50				; $8888 .P..UV.P
8890: 54F800AA
8894: 04400002  			defb $54,$F8,$00,$AA,$04,$40,$00,$02				; $8890 T....@..
8898: A80EEAAA
889C: 89EB20AA  			defb $A8,$0E,$EA,$AA,$89,$EB,$20,$AA				; $8898 ...... .
88A0: F8000D2A
88A4: A0002A01  			defb $F8,$00,$0D,$2A,$A0,$00,$2A,$01				; $88A0 ...*..*.
88A8: 10202A00
88AC: 0E2AAAA2  			defb $10,$20,$2A,$00,$0E,$2A,$AA,$A2				; $88A8 . *..*..
88B0: A685AA80
88B4: 0004AA00  			defb $A6,$85,$AA,$80,$00,$04,$AA,$00				; $88B0 ........
88B8: 0AA05400
88BC: 2AAAA9E2  			defb $0A,$A0,$54,$00,$2A,$AA,$A9,$E2				; $88B8 ..T.*...
88C0: AA9BD27F
88C4: E0002FB8  			defb $AA,$9B,$D2,$7F,$E0,$00,$2F,$B8				; $88C0 ....../.
88C8: 00AAA002
88CC: AAA8AA08  			defb $00,$AA,$A0,$02,$AA,$A8,$AA,$08				; $88C8 ........
88D0: 902A8FFF
88D4: 08AAA9FF  			defb $90,$2A,$8F,$FF,$08,$AA,$A9,$FF				; $88D0 .*......
88D8: CAAAA000
88DC: 200029DC  			defb $CA,$AA,$A0,$00,$20,$00,$29,$DC				; $88D8 .... .).
88E0: AAA07DF0
88E4: 023F2A32  			defb $AA,$A0,$7D,$F0,$02,$3F,$2A,$32				; $88E0 ..}..?*2
88E8: AA7FFCA8
88EC: 0002AAA3  			defb $AA,$7F,$FC,$A8,$00,$02,$AA,$A3				; $88E8 ........
88F0: 000AAA0A
88F4: AA6ABAA3  			defb $00,$0A,$AA,$0A,$AA,$6A,$BA,$A3				; $88F0 .....j..
88F8: FF27F22A
88FC: 003F8A80  			defb $FF,$27,$F2,$2A,$00,$3F,$8A,$80				; $88F8 .'.*.?..
8900: 000AA80A
8904: 9F82AFCA  			defb $00,$0A,$A8,$0A,$9F,$82,$AF,$CA				; $8900 ........
8908: A83FFE3F
890C: FE3FFE3F  			defb $A8,$3F,$FE,$3F,$FE,$3F,$FE,$3F				; $8908 .?.?.?.?
8910: FE3FFE3F
8914: FE003FCA  			defb $FE,$3F,$FE,$3F,$FE,$00,$3F,$CA				; $8910 .?.?..?.
8918: AA0063E3
891C: 63FF6633  			defb $AA,$00,$63,$E3,$63,$FF,$66,$33				; $8918 ..c.c.f3
8920: 7FE363E3
8924: 63830180  			defb $7F,$E3,$63,$E3,$63,$83,$01,$80				; $8920 ..c.c...
8928: 00015400
892C: 7C01500E  			defb $00,$01,$54,$00,$7C,$01,$50,$0E				; $8928 ..T.|.P.
8930: D55545D3
8934: 5054F800  			defb $D5,$55,$45,$D3,$50,$54,$F8,$00				; $8930 .UE.PT..
8938: 07555000
893C: 55003044  			defb $07,$55,$50,$00,$55,$00,$30,$44				; $8938 .UP.U.0D
8940: 000E1555
8944: 0DD54000  			defb $00,$0E,$15,$55,$0D,$D5,$40,$00				; $8940 ...U..@.
8948: 02554000
894C: 05400003  			defb $02,$55,$40,$00,$05,$40,$00,$03				; $8948 .U@..@..
8950: 855554E1
8954: 553DD57F  			defb $85,$55,$54,$E1,$55,$3D,$D5,$7F				; $8950 .UT.U=..
8958: C0002AA0
895C: 00155550  			defb $C0,$00,$2A,$A0,$00,$15,$55,$50				; $8958 ..*...UP
8960: 55545540
8964: 001551FF  			defb $55,$54,$55,$40,$00,$15,$51,$FF				; $8960 UTU@..Q.
8968: E55553FF
896C: 95454000  			defb $E5,$55,$53,$FF,$95,$45,$40,$00				; $8968 .US..E@.
8970: 5000136F
8974: 15554F1D  			defb $50,$00,$13,$6F,$15,$55,$4F,$1D				; $8970 P..o.UO.
8978: F7DD4FC4
897C: 54F9557F  			defb $F7,$DD,$4F,$C4,$54,$F9,$55,$7F				; $8978 ..O.T.U.
8980: F9500055
8984: 54000155  			defb $F9,$50,$00,$55,$54,$00,$01,$55				; $8980 .P.UT..U
8988: 4555355D
898C: 1FFF57F9  			defb $45,$55,$35,$5D,$1F,$FF,$57,$F9				; $8988 EU5]..W.
8990: 54001805
8994: 40001554  			defb $54,$00,$18,$05,$40,$00,$15,$54				; $8990 T...@..T
8998: 00555F95
899C: 527FFF7F  			defb $00,$55,$5F,$95,$52,$7F,$FF,$7F				; $8998 .U_.R...
89A0: FF7FFF7F
89A4: FF7FFF7F  			defb $FF,$7F,$FF,$7F,$FF,$7F,$FF,$7F				; $89A0 ........
89A8: FF001FD5
89AC: 55400063  			defb $FF,$00,$1F,$D5,$55,$40,$00,$63				; $89A8 ....U@.c
89B0: E363FF66
89B4: 337FE363  			defb $E3,$63,$FF,$66,$33,$7F,$E3,$63				; $89B0 .c.f3..c
89B8: E363C31F
89BC: E0000100  			defb $E3,$63,$C3,$1F,$E0,$00,$01,$00				; $89B8 .c......
89C0: AA044800
89C4: 0183E0A8  			defb $AA,$04,$48,$00,$01,$83,$E0,$A8				; $89C0 ..H.....
89C8: 2F2AAACB
89CC: 20AAF800  			defb $2F,$2A,$AA,$CB,$20,$AA,$F8,$00				; $89C8 /*.. ...
89D0: 06AA002A
89D4: 81121C48  			defb $06,$AA,$00,$2A,$81,$12,$1C,$48				; $89D0 ...*...H
89D8: 000F0AAA
89DC: A2AD0DE2  			defb $00,$0F,$0A,$AA,$A2,$AD,$0D,$E2				; $89D8 ........
89E0: 800001AA
89E4: A000AAA0  			defb $80,$00,$01,$AA,$A0,$00,$AA,$A0				; $89E0 ........
89E8: 45C1F8AA
89EC: E0AA7C0A  			defb $45,$C1,$F8,$AA,$E0,$AA,$7C,$0A				; $89E8 E.....|.
89F0: 7FC0006A
89F4: A0000AA8  			defb $7F,$C0,$00,$6A,$A0,$00,$0A,$A8				; $89F0 ...j....
89F8: AA2AA100
89FC: 02AA3FEA  			defb $AA,$2A,$A1,$00,$02,$AA,$3F,$EA				; $89F8 .*....?.
8A00: 2AA7FFAA
8A04: 8AA00020  			defb $2A,$A7,$FF,$AA,$8A,$A0,$00,$20				; $8A00 *...... 
8A08: 000EB6A0
8A0C: 2AAAAFA0  			defb $00,$0E,$B6,$A0,$2A,$AA,$AF,$A0				; $8A08 ....*...
8A10: F7DCA3C2
8A14: A3FCAA00  			defb $F7,$DC,$A3,$C2,$A3,$FC,$AA,$00				; $8A10 ........
8A18: 02A0002A
8A1C: AA000AA2  			defb $02,$A0,$00,$2A,$AA,$00,$0A,$A2				; $8A18 ...*....
8A20: AA9AACBF
8A24: FE7E27FC  			defb $AA,$9A,$AC,$BF,$FE,$7E,$27,$FC				; $8A20 .....~'.
8A28: AA000A80
8A2C: 00AA8007  			defb $AA,$00,$0A,$80,$00,$AA,$80,$07				; $8A28 ........
8A30: AA9FAA8B
8A34: 63E36003  			defb $AA,$9F,$AA,$8B,$63,$E3,$60,$03				; $8A30 ....c.`.
8A38: 66336003
8A3C: 600363E3  			defb $66,$33,$60,$03,$60,$03,$63,$E3				; $8A38 f3`.`.c.
8A40: 001FEAAA
8A44: A80063E3  			defb $00,$1F,$EA,$AA,$A8,$00,$63,$E3				; $8A40 ......c.
8A48: 63FF6633
8A4C: 63E363E3  			defb $63,$FF,$66,$33,$63,$E3,$63,$E3				; $8A48 c.f3c.c.
8A50: 63E36C50
8A54: 00028000  			defb $63,$E3,$6C,$50,$00,$02,$80,$00				; $8A50 c.lP....
8A58: 54000624
8A5C: 11547715  			defb $54,$00,$06,$24,$11,$54,$77,$15				; $8A58 T..$.Tw.
8A60: 55451580
8A64: 55780001  			defb $55,$45,$15,$80,$55,$78,$00,$01				; $8A60 UE..Ux..
8A68: 55001500
8A6C: 1F8003FF  			defb $55,$00,$15,$00,$1F,$80,$03,$FF				; $8A68 U.......
8A70: 05551A1D
8A74: F8004555  			defb $05,$55,$1A,$1D,$F8,$00,$45,$55				; $8A70 .U....EU
8A78: 50001545
8A7C: 500001FF  			defb $50,$00,$15,$45,$50,$00,$01,$FF				; $8A78 P..EP...
8A80: 1554C055
8A84: 54FDC43F  			defb $15,$54,$C0,$55,$54,$FD,$C4,$3F				; $8A80 .T.UT..?
8A88: 80000554
8A8C: 55155400  			defb $80,$00,$05,$54,$55,$15,$54,$00				; $8A88 ...TU.T.
8A90: 09554FF5
8A94: 5553FF55  			defb $09,$55,$4F,$F5,$55,$53,$FF,$55				; $8A90 .UO.US.U
8A98: 15400001
8A9C: DC550155  			defb $15,$40,$00,$01,$DC,$55,$01,$55				; $8A98 .@...U.U
8AA0: 43BE03DE
8AA4: 001553FC  			defb $43,$BE,$03,$DE,$00,$15,$53,$FC				; $8AA0 C.....S.
8AA8: 55500015
8AAC: 55000151  			defb $55,$50,$00,$15,$55,$00,$01,$51				; $8AA8 UP..U..Q
8AB0: 554C4E7F
8AB4: F8FC57FD  			defb $55,$4C,$4E,$7F,$F8,$FC,$57,$FD				; $8AB0 ULN...W.
8AB8: 54000500
8ABC: 15555055  			defb $54,$00,$05,$00,$15,$55,$50,$55				; $8AB8 T....UPU
8AC0: 3F5463E3
8AC4: 60036633  			defb $3F,$54,$63,$E3,$60,$03,$66,$33				; $8AC0 ?Tc.`.f3
8AC8: 60036003
8ACC: 61E3000F  			defb $60,$03,$60,$03,$61,$E3,$00,$0F				; $8AC8 `.`.a...
8AD0: E5554000
8AD4: 63E363FF  			defb $E5,$55,$40,$00,$63,$E3,$63,$FF				; $8AD0 .U@.c.c.
8AD8: 663363E3
8ADC: 63E363E3  			defb $66,$33,$63,$E3,$63,$E3,$63,$E3				; $8AD8 f3c.c.c.
8AE0: 1B480001
8AE4: 00AA00A8  			defb $1B,$48,$00,$01,$00,$AA,$00,$A8				; $8AE0 .H......
8AE8: 0008A058
8AEC: AAF6AAA9  			defb $00,$08,$A0,$58,$AA,$F6,$AA,$A9				; $8AE8 ...X....
8AF0: A0AA7000
8AF4: 01AA8000  			defb $A0,$AA,$70,$00,$01,$AA,$80,$00				; $8AF0 ..p.....
8AF8: 2A802203
8AFC: F81FFE0A  			defb $2A,$80,$22,$03,$F8,$1F,$FE,$0A				; $8AF8 *.".....
8B00: AAA03A9E
8B04: FE0032AA  			defb $AA,$A0,$3A,$9E,$FE,$00,$32,$AA				; $8B00 ..:...2.
8B08: A800AAA2
8B0C: A001407F  			defb $A8,$00,$AA,$A2,$A0,$01,$40,$7F				; $8B08 ......@.
8B10: E2AA40AA
8B14: 89FA48BF  			defb $E2,$AA,$40,$AA,$89,$FA,$48,$BF				; $8B10 ..@...H.
8B18: 0002AA2A
8B1C: AA82AAA0  			defb $00,$02,$AA,$2A,$AA,$82,$AA,$A0				; $8B18 ...*....
8B20: 0E2AA1F2
8B24: 2AABFE00  			defb $0E,$2A,$A1,$F2,$2A,$AB,$FE,$00				; $8B20 .*..*...
8B28: 2A8000B8
8B2C: AAA82AAA  			defb $2A,$80,$00,$B8,$AA,$A8,$2A,$AA				; $8B28 *.....*.
8B30: A43EF800
8B34: 2AAAABFE  			defb $A4,$3E,$F8,$00,$2A,$AA,$AB,$FE				; $8B30 .>..*...
8B38: 2AAAA000
8B3C: 62AAA000  			defb $2A,$AA,$A0,$00,$62,$AA,$A0,$00				; $8B38 *...b...
8B40: 282AA727
8B44: 7FC1F8A7  			defb $28,$2A,$A7,$27,$7F,$C1,$F8,$A7				; $8B40 (*.'....
8B48: FEA80002
8B4C: AA2AAA7E  			defb $FE,$A8,$00,$02,$AA,$2A,$AA,$7E				; $8B48 .....*.~
8B50: 02AA63E3
8B54: 63FF6633  			defb $02,$AA,$63,$E3,$63,$FF,$66,$33				; $8B50 ..c.c.f3
8B58: 63E363E3
8B5C: 60E30007  			defb $63,$E3,$63,$E3,$60,$E3,$00,$07				; $8B58 c.c.`...
8B60: F2AA8000
8B64: 63E36003  			defb $F2,$AA,$80,$00,$63,$E3,$60,$03				; $8B60 ....c.`.
8B68: 60036003
8B6C: 600363E3  			defb $60,$03,$60,$03,$60,$03,$63,$E3				; $8B68 `.`.`.c.
8B70: 3CD40055
8B74: 00121F38  			defb $3C,$D4,$00,$55,$00,$12,$1F,$38				; $8B70 <..U...8
8B78: 55795545
8B7C: 15415530  			defb $55,$79,$55,$45,$15,$41,$55,$30				; $8B78 UyUE.AU0
8B80: 00555000
8B84: 15400004  			defb $00,$55,$50,$00,$15,$40,$00,$04				; $8B80 .UP..@..
8B88: 3F800205
8B8C: 5553D53E  			defb $3F,$80,$02,$05,$55,$53,$D5,$3E				; $8B88 ?...US.>
8B90: FC000955
8B94: 00555150  			defb $FC,$00,$09,$55,$00,$55,$51,$50				; $8B90 ...U.UQP
8B98: 000FFC55
8B9C: 015525F5  			defb $00,$0F,$FC,$55,$01,$55,$25,$F5				; $8B98 ...U.U%.
8BA0: 15400055
8BA4: 58555795  			defb $15,$40,$00,$55,$58,$55,$57,$95				; $8BA0 .@.UXUW.
8BA8: 54391551
8BAC: FFFE5500  			defb $54,$39,$15,$51,$FF,$FE,$55,$00				; $8BA8 T9.Q..U.
8BB0: 14555441
8BB4: 555140FB  			defb $14,$55,$54,$41,$55,$51,$40,$FB				; $8BB0 .UTAUQ@.
8BB8: EF5545FF
8BBC: 554000F9  			defb $EF,$55,$45,$FF,$55,$40,$00,$F9				; $8BB8 .UE.U@..
8BC0: 55500054
8BC4: 1551CA3F  			defb $55,$50,$00,$54,$15,$51,$CA,$3F				; $8BC0 UP.T.Q.?
8BC8: 15F157FF
8BCC: 50005515  			defb $15,$F1,$57,$FF,$50,$00,$55,$15				; $8BC8 ..W.P.U.
8BD0: 55015563
8BD4: E363FF66  			defb $55,$01,$55,$63,$E3,$63,$FF,$66				; $8BD0 U.Uc.c.f
8BD8: 3363FF63
8BDC: E3606300  			defb $33,$63,$FF,$63,$E3,$60,$63,$00				; $8BD8 3c.c.`c.
8BE0: 01F55554
8BE4: 0063E360  			defb $01,$F5,$55,$54,$00,$63,$E3,$60				; $8BE0 ..UT.c.`
8BE8: 03600360
8BEC: 03600363  			defb $03,$60,$03,$60,$03,$60,$03,$63				; $8BE8 .`.`.`.c
8BF0: E316AA80
8BF4: 00AA0028  			defb $E3,$16,$AA,$80,$00,$AA,$00,$28				; $8BF0 .......(
8BF8: 0010E0FC
8BFC: 2A7AAAA2  			defb $00,$10,$E0,$FC,$2A,$7A,$AA,$A2				; $8BF8 ....*z..
8C00: AB412AB0
8C04: 0022AAA8  			defb $AB,$41,$2A,$B0,$00,$22,$AA,$A8				; $8C00 .A*.."..
8C08: 002A8002
8C0C: 81FFF802  			defb $00,$2A,$80,$02,$81,$FF,$F8,$02				; $8C08 .*......
8C10: AAABD4BF
8C14: 78007FF8  			defb $AA,$AB,$D4,$BF,$78,$00,$7F,$F8				; $8C10 ....x...
8C18: 06AAA800
8C1C: 2AAAA80A  			defb $06,$AA,$A8,$00,$2A,$AA,$A8,$0A				; $8C18 ....*...
8C20: 8023FF82
8C24: 80AA6BF2  			defb $80,$23,$FF,$82,$80,$AA,$6B,$F2				; $8C20 .#....k.
8C28: AAA8002A
8C2C: 22AA9F02  			defb $AA,$A8,$00,$2A,$22,$AA,$9F,$02				; $8C28 ...*"...
8C30: AAA3E2AA
8C34: 82AAA9FF  			defb $AA,$A3,$E2,$AA,$82,$AA,$A9,$FF				; $8C30 ........
8C38: FEAA0008
8C3C: 2AAABE0A  			defb $FE,$AA,$00,$08,$2A,$AA,$BE,$0A				; $8C38 ....*...
8C40: AAA8AA01
8C44: EF6AAA1D  			defb $AA,$A8,$AA,$01,$EF,$6A,$AA,$1D				; $8C40 .....j..
8C48: FF282A8A
8C4C: 800001FE  			defb $FF,$28,$2A,$8A,$80,$00,$01,$FE				; $8C48 .(*.....
8C50: 2AA0002A
8C54: 82AAF1DC  			defb $2A,$A0,$00,$2A,$82,$AA,$F1,$DC				; $8C50 *..*....
8C58: ABF2A7FF
8C5C: 20003E68  			defb $AB,$F2,$A7,$FF,$20,$00,$3E,$68				; $8C58 .... .>h
8C60: 000AA2A0
8C64: AA600360  			defb $00,$0A,$A2,$A0,$AA,$60,$03,$60				; $8C60 .....`.`
8C68: 03663360
8C6C: 0363E362  			defb $03,$66,$33,$60,$03,$63,$E3,$62				; $8C68 .f3`.c.b
8C70: 2300F2AA
8C74: A0007FFF  			defb $23,$00,$F2,$AA,$A0,$00,$7F,$FF				; $8C70 #.......
8C78: 7FFF7FFF
8C7C: 7FFF7FFF  			defb $7F,$FF,$7F,$FF,$7F,$FF,$7F,$FF				; $8C78 ........
8C80: 7FFF0995
8C84: 40005500  			defb $7F,$FF,$09,$95,$40,$00,$55,$00				; $8C80 ....@.U.
8C88: 4029001C
8C8C: 55355512  			defb $40,$29,$00,$1C,$55,$35,$55,$12				; $8C88 @)..U5U.
8C90: 85954000
8C94: 19555400  			defb $85,$95,$40,$00,$19,$55,$54,$00				; $8C90 ..@..UT.
8C98: 15400001
8C9C: 54000301  			defb $15,$40,$00,$01,$54,$00,$03,$01				; $8C98 .@..T...
8CA0: 554BC97F
8CA4: 00200801  			defb $55,$4B,$C9,$7F,$00,$20,$08,$01				; $8CA0 UK... ..
8CA8: 55515540
8CAC: 05555154  			defb $55,$51,$55,$40,$05,$55,$51,$54				; $8CA8 UQU@.UQT
8CB0: 00147FF8
8CB4: 5554F7E5  			defb $00,$14,$7F,$F8,$55,$54,$F7,$E5				; $8CB0 ....UT..
8CB8: 55500014
8CBC: F1554F7C  			defb $55,$50,$00,$14,$F1,$55,$4F,$7C				; $8CB8 UP...UO|
8CC0: 0550FC55
8CC4: 0554FFFD  			defb $05,$50,$FC,$55,$05,$54,$FF,$FD				; $8CC0 .P.U.T..
8CC8: 54000555
8CCC: 4F015554  			defb $54,$00,$05,$55,$4F,$01,$55,$54				; $8CC8 T..UO.UT
8CD0: 15540075
8CD4: 54FF13C5  			defb $15,$54,$00,$75,$54,$FF,$13,$C5				; $8CD0 .T.uT...
8CD8: 1500FF95
8CDC: 40001541  			defb $15,$00,$FF,$95,$40,$00,$15,$41				; $8CD8 ....@..A
8CE0: 557FE957
8CE4: E557003F  			defb $55,$7F,$E9,$57,$E5,$57,$00,$3F				; $8CE0 U..W.W.?
8CE8: 95555000
8CEC: 15555460  			defb $95,$55,$50,$00,$15,$55,$54,$60				; $8CE8 .UP..UT`
8CF0: 03600366
8CF4: 33600363  			defb $03,$60,$03,$66,$33,$60,$03,$63				; $8CF0 .`.f3`.c
8CF8: E3630300
8CFC: 3555003F  			defb $E3,$63,$03,$00,$35,$55,$00,$3F				; $8CF8 .c..5U.?
8D00: FE3FFE3F
8D04: FE3FFE3F  			defb $FE,$3F,$FE,$3F,$FE,$3F,$FE,$3F				; $8D00 .?.?.?.?
8D08: FE3FFE47
8D0C: 46474647  			defb $FE,$3F,$FE,$47,$46,$47,$46,$47				; $8D08 .?.GFGFG
8D10: 46444647
8D14: 46454645  			defb $46,$44,$46,$47,$46,$45,$46,$45				; $8D10 FDFGFEFE
8D18: 46454645
8D1C: 46454645  			defb $46,$45,$46,$45,$46,$45,$46,$45				; $8D18 FEFEFEFE
8D20: 46454645
8D24: 46454645  			defb $46,$45,$46,$45,$46,$45,$46,$45				; $8D20 FEFEFEFE
8D28: 46454645
8D2C: 46454645  			defb $46,$45,$46,$45,$46,$45,$46,$45				; $8D28 FEFEFEFE
8D30: 46454645
8D34: 46454645  			defb $46,$45,$46,$45,$46,$45,$46,$45				; $8D30 FEFEFEFE
8D38: 474547E0
8D3C: FFFFF983  			defb $47,$45,$47,$E0,$FF,$FF,$F9,$83				; $8D38 GEG.....
8D40: FF1FF140
8D44: 10F00180  			defb $FF,$1F,$F1,$40,$10,$F0,$01,$80				; $8D40 ...@....
8D48: FF0301B0
8D4C: F107C0F1  			defb $FF,$03,$01,$B0,$F1,$07,$C0,$F1				; $8D48 ........
8D50: FFFFFFF1
8D54: FF03F030  			defb $FF,$FF,$FF,$F1,$FF,$03,$F0,$30				; $8D50 .......0
8D58: E1FFFFF1
8D5C: 93FF1FF1  			defb $E1,$FF,$FF,$F1,$93,$FF,$1F,$F1				; $8D58 ........
8D60: F0010180
8D64: 8301B0F1  			defb $F0,$01,$01,$80,$83,$01,$B0,$F1				; $8D60 ........
8D68: 07C0F1FF
8D6C: 07FCF1FF  			defb $07,$C0,$F1,$FF,$07,$FC,$F1,$FF				; $8D68 ........
8D70: 03F03003
8D74: FFFFF197  			defb $03,$F0,$30,$03,$FF,$FF,$F1,$97				; $8D70 ..0.....
8D78: FF9F71F0
8D7C: 01808301  			defb $FF,$9F,$71,$F0,$01,$80,$83,$01				; $8D78 ..q.....
8D80: B0F107C0
8D84: F1FF07FC  			defb $B0,$F1,$07,$C0,$F1,$FF,$07,$FC				; $8D80 ........
8D88: F1FF03F0
8D8C: 3003FFFF  			defb $F1,$FF,$03,$F0,$30,$03,$FF,$FF				; $8D88 ....0...
8D90: F9068071
8D94: F003C6FF  			defb $F9,$06,$80,$71,$F0,$03,$C6,$FF				; $8D90 ...q....
8D98: FFF10FC0
8D9C: F1FF03FC  			defb $FF,$F1,$0F,$C0,$F1,$FF,$03,$FC				; $8D98 ........
8DA0: F1FF03F0
8DA4: F083FFFF  			defb $F1,$FF,$03,$F0,$F0,$83,$FF,$FF				; $8DA0 ........
8DA8: F1048071
8DAC: 400820F0  			defb $F1,$04,$80,$71,$40,$08,$20,$F0				; $8DA8 ...q@. .
8DB0: 03C6FFFF
8DB4: F1CFFFFF  			defb $03,$C6,$FF,$FF,$F1,$CF,$FF,$FF				; $8DB0 ........
8DB8: F1FF039C
8DBC: 31FF03F0  			defb $F1,$FF,$03,$9C,$31,$FF,$03,$F0				; $8DB8 ....1...
8DC0: F083FFFF
8DC4: F10480F1  			defb $F0,$83,$FF,$FF,$F1,$04,$80,$F1				; $8DC0 ........
8DC8: 410820F0
8DCC: 03013106  			defb $41,$08,$20,$F0,$03,$01,$31,$06				; $8DC8 A. ...1.
8DD0: C0F1CFFF
8DD4: FFF1FF03  			defb $C0,$F1,$CF,$FF,$FF,$F1,$FF,$03				; $8DD0 ........
8DD8: 9C30FF23
8DDC: F0F083FF  			defb $9C,$30,$FF,$23,$F0,$F0,$83,$FF				; $8DD8 .0.#....
8DE0: FFF10480
8DE4: F10108A0  			defb $FF,$F1,$04,$80,$F1,$01,$08,$A0				; $8DE0 ........
8DE8: F0030131
8DEC: 06C0F1CF  			defb $F0,$03,$01,$31,$06,$C0,$F1,$CF				; $8DE8 ...1....
8DF0: FFCFF1FF
8DF4: 039830FF  			defb $FF,$CF,$F1,$FF,$03,$98,$30,$FF				; $8DF0 ......0.
8DF8: 23F0F083
8DFC: FF1FF140  			defb $23,$F0,$F0,$83,$FF,$1F,$F1,$40				; $8DF8 #......@
8E00: 1080F101
8E04: 80F00301  			defb $10,$80,$F1,$01,$80,$F0,$03,$01				; $8E00 ........
8E08: B0FF07C0
8E0C: F1FFFFFF  			defb $B0,$FF,$07,$C0,$F1,$FF,$FF,$FF				; $8E08 ........
8E10: F1FF03F8
8E14: 30FF23F0  			defb $F1,$FF,$03,$F8,$30,$FF,$23,$F0				; $8E10 ....0.#.
8E18: F0FF2370
8E1C: F0FF0320  			defb $F0,$FF,$23,$70,$F0,$FF,$03,$20				; $8E18 ..#p... 
8E20: F1FF0106
8E24: E07F8EF8  			defb $F1,$FF,$01,$06,$E0,$7F,$8E,$F8				; $8E20 ........
8E28: FF010CFC
8E2C: FF610EFE  			defb $FF,$01,$0C,$FC,$FF,$61,$0E,$FE				; $8E28 .....a..
8E30: FF410CFE
8E34: FFC10498  			defb $FF,$41,$0C,$FE,$FF,$C1,$04,$98				; $8E30 .A......
8E38: FF2360F2
8E3C: FF0122F1  			defb $FF,$23,$60,$F2,$FF,$01,$22,$F1				; $8E38 .#`...".
8E40: F3018EE0
8E44: FF018EF8  			defb $F3,$01,$8E,$E0,$FF,$01,$8E,$F8				; $8E40 ........
8E48: FF110EFE
8E4C: FF710EFE  			defb $FF,$11,$0E,$FE,$FF,$71,$0E,$FE				; $8E48 .....q..
8E50: FF310CFE
8E54: FFF104F8  			defb $FF,$31,$0C,$FE,$FF,$F1,$04,$F8				; $8E50 .1......
8E58: FF2370F2
8E5C: FF0306F1  			defb $FF,$23,$70,$F2,$FF,$03,$06,$F1				; $8E58 .#p.....
8E60: FF018EE0
8E64: FF018FF8  			defb $FF,$01,$8E,$E0,$FF,$01,$8F,$F8				; $8E60 ........
8E68: FF010EFC
8E6C: FF210EFE  			defb $FF,$01,$0E,$FC,$FF,$21,$0E,$FE				; $8E68 .....!..
8E70: FF410CFC
8E74: FFC198FF  			defb $FF,$41,$0C,$FC,$FF,$C1,$98,$FF				; $8E70 .A......
8E78: 0360F0FF
8E7C: 0106F3F3  			defb $03,$60,$F0,$FF,$01,$06,$F3,$F3				; $8E78 .`......
8E80: 018EF0FF
8E84: 090FF8FF  			defb $01,$8E,$F0,$FF,$09,$0F,$F8,$FF				; $8E80 ........
8E88: 310EFEFF
8E8C: 7108FEE7  			defb $31,$0E,$FE,$FF,$71,$08,$FE,$E7				; $8E88 1...q...
8E90: 7104F8FF
8E94: F1F8FF03  			defb $71,$04,$F8,$FF,$F1,$F8,$FF,$03				; $8E90 q.......
8E98: 60F2FF03
8E9C: 0671F001  			defb $60,$F2,$FF,$03,$06,$71,$F0,$01				; $8E98 `....q..
8EA0: 8EF0FF09
8EA4: 0FF8FF41  			defb $8E,$F0,$FF,$09,$0F,$F8,$FF,$41				; $8EA0 .......A
8EA8: 0EFEFF41
8EAC: 0CFEE7C1  			defb $0E,$FE,$FF,$41,$0C,$FE,$E7,$C1				; $8EA8 ...A....
8EB0: 0498FF41
8EB4: F8FF0360  			defb $04,$98,$FF,$41,$F8,$FF,$03,$60				; $8EB0 ...A...`
8EB8: F3FF0106
8EBC: 30F2098E  			defb $F3,$FF,$01,$06,$30,$F2,$09,$8E				; $8EB8 ....0...
8EC0: F0FF010F
8EC4: F8FF310E  			defb $F0,$FF,$01,$0F,$F8,$FF,$31,$0E				; $8EC0 ......1.
8EC8: FEFF710E
8ECC: FEE7F1F8  			defb $FE,$FF,$71,$0E,$FE,$E7,$F1,$F8				; $8EC8 ..q.....
8ED0: FFF1F8FF
8ED4: 0362F1FF  			defb $FF,$F1,$F8,$FF,$03,$62,$F1,$FF				; $8ED0 .....b..
8ED8: 0107617E
8EDC: 8EF0FF01  			defb $01,$07,$61,$7E,$8E,$F0,$FF,$01				; $8ED8 ..a~....
8EE0: 0DFCFF41
8EE4: 0CFEFF41  			defb $0D,$FC,$FF,$41,$0C,$FE,$FF,$41				; $8EE0 ...A...A
8EE8: 0CFEFFC1
8EEC: 0498FFC1  			defb $0C,$FE,$FF,$C1,$04,$98,$FF,$C1				; $8EE8 ........
8EF0: F8FF0320
8EF4: F1FF0186  			defb $F8,$FF,$03,$20,$F1,$FF,$01,$86				; $8EF0 ... ....
8EF8: E0738EF8
8EFC: FF010FFC  			defb $E0,$73,$8E,$F8,$FF,$01,$0F,$FC				; $8EF8 .s......
8F00: FF710EFE
8F04: FF7108FE  			defb $FF,$71,$0E,$FE,$FF,$71,$08,$FE				; $8F00 .q...q..
8F08: FFF10498
8F0C: FFF1F8FF  			defb $FF,$F1,$04,$98,$FF,$F1,$F8,$FF				; $8F08 ........
8F10: C3F8F003
8F14: 18F8E903  			defb $C3,$F8,$F0,$03,$18,$F8,$E9,$03				; $8F10 ........
8F18: 18FC3002
8F1C: CE8F0702  			defb $18,$FC,$30,$02,$CE,$8F,$07,$02				; $8F18 ..0.....
8F20: FF3F84FF
8F24: 7F08FEC7  			defb $FF,$3F,$84,$FF,$7F,$08,$FE,$C7				; $8F20 .?......
8F28: 07F871F8
8F2C: F013B8F8  			defb $07,$F8,$71,$F8,$F0,$13,$B8,$F8				; $8F28 ..q.....
8F30: C90318FC
8F34: 2003CE0F  			defb $C9,$03,$18,$FC,$20,$03,$CE,$0F				; $8F30 .... ...
8F38: 07FF7F84
8F3C: FF7F88FE  			defb $07,$FF,$7F,$84,$FF,$7F,$88,$FE				; $8F38 ........
8F40: C7037802
8F44: 20F8F403  			defb $C7,$03,$78,$02,$20,$F8,$F4,$03				; $8F40 ..x. ...
8F48: 18F8C903
8F4C: 19FCC007  			defb $18,$F8,$C9,$03,$19,$FC,$C0,$07				; $8F48 ........
8F50: CE0F06FF
8F54: 7F0480FF  			defb $CE,$0F,$06,$FF,$7F,$04,$80,$FF				; $8F50 ........
8F58: FF18FEC7
8F5C: 097830F8  			defb $FF,$18,$FE,$C7,$09,$78,$30,$F8				; $8F58 .....x0.
8F60: F41338FC
8F64: C30108FC  			defb $F4,$13,$38,$FC,$C3,$01,$08,$FC				; $8F60 ..8.....
8F68: C707FE0F
8F6C: 0630FF7F  			defb $C7,$07,$FE,$0F,$06,$30,$FF,$7F				; $8F68 .....0..
8F70: 0480FFFF
8F74: 1C08FEC7  			defb $04,$80,$FF,$FF,$1C,$08,$FE,$C7				; $8F70 ........
8F78: 09780230
8F7C: F8E40318  			defb $09,$78,$02,$30,$F8,$E4,$03,$18				; $8F78 .x.0....
8F80: FC430308
8F84: FE8707FE  			defb $FC,$43,$03,$08,$FE,$87,$07,$FE				; $8F80 .C......
8F88: 1F0420FF
8F8C: 7F0880FF  			defb $1F,$04,$20,$FF,$7F,$08,$80,$FF				; $8F88 .. .....
8F90: FF1FFEC7
8F94: 09F83310  			defb $FF,$1F,$FE,$C7,$09,$F8,$33,$10				; $8F90 ......3.
8F98: F8E50318
8F9C: FC532308  			defb $F8,$E5,$03,$18,$FC,$53,$23,$08				; $8F98 .....S#.
8FA0: FEEF27FF
8FA4: 1F0431FF  			defb $FE,$EF,$27,$FF,$1F,$04,$31,$FF				; $8FA0 ..'...1.
8FA8: 7F0880FF
8FAC: FF3F08FE  			defb $7F,$08,$80,$FF,$FF,$3F,$08,$FE				; $8FA8 .....?..
8FB0: C70CF003
8FB4: 10F8E123  			defb $C7,$0C,$F0,$03,$10,$F8,$E1,$23				; $8FB0 .......#
8FB8: 18FC4006
8FBC: 08FE8F07  			defb $18,$FC,$40,$06,$08,$FE,$8F,$07				; $8FB8 ..@.....
8FC0: FF1FFF3F
8FC4: 0880FFFF  			defb $FF,$1F,$FF,$3F,$08,$80,$FF,$FF				; $8FC0 ...?....
8FC8: 070CFECF
8FCC: 0CF01330  			defb $07,$0C,$FE,$CF,$0C,$F0,$13,$30				; $8FC8 .......0
8FD0: F8E10318
8FD4: FE2204FE  			defb $F8,$E1,$03,$18,$FE,$22,$04,$FE				; $8FD0 ....."..
8FD8: 8F0702FF
8FDC: 3F84FF7F  			defb $8F,$07,$02,$FF,$3F,$84,$FF,$7F				; $8FD8 ....?...
8FE0: 08E0FFFF
8FE4: 0704FECF  			defb $08,$E0,$FF,$FF,$07,$04,$FE,$CF				; $8FE0 ........
8FE8: 0EFEFFFF
8FEC: FDFEFFFF  			defb $0E,$FE,$FF,$FF,$FD,$FE,$FF,$FF				; $8FE8 ........
8FF0: FDFEFFFF
8FF4: FDFEFFFF  			defb $FD,$FE,$FF,$FF,$FD,$FE,$FF,$FF				; $8FF0 ........
8FF8: FFFFFFFF
8FFC: FDFEFFFF  			defb $FF,$FF,$FF,$FF,$FD,$FE,$FF,$FF				; $8FF8 ........
9000: FDFEBFFF
9004: FFFEBFFF  			defb $FD,$FE,$BF,$FF,$FF,$FE,$BF,$FF				; $9000 ........
9008: FFFEBFFF
900C: FFFEBFFF  			defb $FF,$FE,$BF,$FF,$FF,$FE,$BF,$FF				; $9008 ........
9010: FFFEBFFF
9014: FFFEBFFF  			defb $FF,$FE,$BF,$FF,$FF,$FE,$BF,$FF				; $9010 ........
9018: FFFEBFFF
901C: FFFE7FFF  			defb $FF,$FE,$BF,$FF,$FF,$FE,$7F,$FF				; $9018 ........
9020: FFFE7FFF
9024: FFFEFFFE  			defb $FF,$FE,$7F,$FF,$FF,$FE,$FF,$FE				; $9020 ........
9028: FFFEFFFD
902C: FFFEFFFD  			defb $FF,$FE,$FF,$FD,$FF,$FE,$FF,$FD				; $9028 ........
9030: FFFEFFFB
9034: FFFEFFFB  			defb $FF,$FE,$FF,$FB,$FF,$FE,$FF,$FB				; $9030 ........
9038: FFECFFF7
903C: FFFEFFF7  			defb $FF,$EC,$FF,$F7,$FF,$FE,$FF,$F7				; $9038 ........
9040: FFFEFFEF
9044: FFFEFFEF  			defb $FF,$FE,$FF,$EF,$FF,$FE,$FF,$EF				; $9040 ........
9048: FFFFDBDF
904C: FFFFB8DF  			defb $FF,$FF,$DB,$DF,$FF,$FF,$B8,$DF				; $9048 ........
9050: FFFF98DF
9054: FFDF18DF  			defb $FF,$FF,$98,$DF,$FF,$DF,$18,$DF				; $9050 ........
9058: FFDF1FFF
905C: FFDF7FFD  			defb $FF,$DF,$1F,$FF,$FF,$DF,$7F,$FD				; $9058 ........
9060: FFDF7FFD
9064: FFFFFDFD  			defb $FF,$DF,$7F,$FD,$FF,$FF,$FD,$FD				; $9060 ........
9068: FFFFDFFF
906C: FFFFFFFF  			defb $FF,$FF,$DF,$FF,$FF,$FF,$FF,$FF				; $9068 ........
9070: FFFFFFFF
9074: BFFFFFFF  			defb $FF,$FF,$FF,$FF,$BF,$FF,$FF,$FF				; $9070 ........
9078: BFFFFFFF
907C: BFFFFFFF  			defb $BF,$FF,$FF,$FF,$BF,$FF,$FF,$FF				; $9078 ........
9080: BBFFFDFF
9084: BFFFFDFF  			defb $BB,$FF,$FD,$FF,$BF,$FF,$FD,$FF				; $9080 ........
9088: BFFBBFDF
908C: 73FBBFDB  			defb $BF,$FB,$BF,$DF,$73,$FB,$BF,$DB				; $9088 ....s...
9090: 73FFBFFB
9094: 73FBBFFF  			defb $73,$FF,$BF,$FB,$73,$FB,$BF,$FF				; $9090 s...s...
9098: 77FFBFFF
909C: 73FFBFFF  			defb $77,$FF,$BF,$FF,$73,$FF,$BF,$FF				; $9098 w...s...
90A0: 77FFBFF9
90A4: 77FFFEFD  			defb $77,$FF,$BF,$F9,$77,$FF,$FE,$FD				; $90A0 w...w...
90A8: 77FFFFFF
90AC: FFFFFFFF  			defb $77,$FF,$FF,$FF,$FF,$FF,$FF,$FF				; $90A8 w.......
90B0: FFFFFFFF
90B4: FF000000  			defb $FF,$FF,$FF,$FF,$FF,$00,$00,$00				; $90B0 ........
90B8: 00000000
90BC: 00000000  			defb $00,$00,$00,$00,$00,$00,$00,$00				; $90B8 ........
90C0: 00000000
90C4: 00000000  			defb $00,$00,$00,$00,$00,$00,$00,$00				; $90C0 ........
90C8: 00000000
90CC: 00000000  			defb $00,$00,$00,$00,$00,$00,$00,$00				; $90C8 ........
90D0: 00000000
90D4: 00000000  			defb $00,$00,$00,$00,$00,$00,$00,$00				; $90D0 ........
90D8: 00000000
90DC: 00000000  			defb $00,$00,$00,$00,$00,$00,$00,$00				; $90D8 ........
90E0: 00000000
90E4: 00000000  			defb $00,$00,$00,$00,$00,$00,$00,$00				; $90E0 ........
90E8: 00000000
90EC: 00000000  			defb $00,$00,$00,$00,$00,$00,$00,$00				; $90E8 ........
90F0: 00000000
90F4: 00000000  			defb $00,$00,$00,$00,$00,$00,$00,$00				; $90F0 ........
90F8: 00000000
90FC: 00000000  			defb $00,$00,$00,$00,$00,$00,$00,$00				; $90F8 ........
9100: 00000000
9104: 00000000  			defb $00,$00,$00,$00,$00,$00,$00,$00				; $9100 ........
9108: 00000000
910C: 00000000  			defb $00,$00,$00,$00,$00,$00,$00,$00				; $9108 ........
9110: 00000000
9114: 00000000  			defb $00,$00,$00,$00,$00,$00,$00,$00				; $9110 ........
9118: 00000000
911C: 00000000  			defb $00,$00,$00,$00,$00,$00,$00,$00				; $9118 ........
9120: 00000000
9124: 00000000  			defb $00,$00,$00,$00,$00,$00,$00,$00				; $9120 ........
9128: 00000000
912C: 00000000  			defb $00,$00,$00,$00,$00,$00,$00,$00				; $9128 ........
9130: 00000000
9134: 00        			defb $00,$00,$00,$00,$00			 				; $9130 .....
9135:           
9135:           CODE2END equ $ ; Marker to show end of object code
9135:           
9135:           
9135:           
9135:           ; . . . . . . . . . . .
9135:           ; Code Block 3 Header
9135:           
9135:           
FFFFFFFD: 000000    #code				0,17,HEADERFLAG	; declare code segment
0000:           
0000:           CODE3START	equ $6104			; 24836
0000:           
0000: 2A        			defb $2A				; Code
0001: 63796265
0005: 726E6F69
0009: 6420      			defm "cybernoid "	; Pad to 10 chars
000B: FC9A      			defw CODE3END-CODE3START	; Length 39676 $9AFC
000D: 0461      			defw CODE3START		; Code Start Address
000F: 0461      			defw CODE3START			; Unused
0011:           
0011:           
0011:           ; . . . . . . . . . . .
0011:           ; Code Block 3 Data
0011:           
0011:           
6101: 0000FF    #code				CODE3START,$A000,DATAFLAG	; declare code segment
6104:           
6104: F3310000
6108: CDB47021  			defb $F3,$31,$00,$00,$CD,$B4,$70,$21				; $6104 .1....p!
610C: 005B1101
6110: 5B360001  			defb $00,$5B,$11,$01,$5B,$36,$00,$01				; $610C .[..[6..
6114: 030AEDB0
6118: AF32A581  			defb $03,$0A,$ED,$B0,$AF,$32,$A5,$81				; $6114 .....2..
611C: 32FA7BD3
6120: FE3A6E38  			defb $32,$FA,$7B,$D3,$FE,$3A,$6E,$38				; $611C 2.{..:n8
6124: D6FF2802
6128: 3E013299  			defb $D6,$FF,$28,$02,$3E,$01,$32,$99				; $6124 ..(.>.2.
612C: 85B7C23F
6130: 653EC932  			defb $85,$B7,$C2,$3F,$65,$3E,$C9,$32				; $612C ...?e>.2
6134: 38EF323B
6138: EF3242EF  			defb $38,$EF,$32,$3B,$EF,$32,$42,$EF				; $6134 8.2;.2B.
613C: CD3887CD
6140: 3BEF1E01  			defb $CD,$38,$87,$CD,$3B,$EF,$1E,$01				; $613C .8..;...
6144: CD42EFFB
6148: CDFC7BCD  			defb $CD,$42,$EF,$FB,$CD,$FC,$7B,$CD				; $6144 .B....{.
614C: 1E67CDA6
6150: 81CDE766  			defb $1E,$67,$CD,$A6,$81,$CD,$E7,$66				; $614C .g.....f
6154: 3E0432D3
6158: 7821F978  			defb $3E,$04,$32,$D3,$78,$21,$F9,$78				; $6154 >.2.x!.x
615C: 11FA7801
6160: 05003630  			defb $11,$FA,$78,$01,$05,$00,$36,$30				; $615C ..x...60
6164: EDB0AFCD
6168: 65743A1A  			defb $ED,$B0,$AF,$CD,$65,$74,$3A,$1A				; $6164 ....et:.
616C: 71FE0230
6170: 03C36A65  			defb $71,$FE,$02,$30,$03,$C3,$6A,$65				; $616C q..0..je
6174: AF321A71
6178: 21EA6534  			defb $AF,$32,$1A,$71,$21,$EA,$65,$34				; $6174 .2.q!.e4
617C: 21448E36
6180: FF22428E  			defb $21,$44,$8E,$36,$FF,$22,$42,$8E				; $617C !D.6."B.
6184: CD8F68CD
6188: AC68CDB8  			defb $CD,$8F,$68,$CD,$AC,$68,$CD,$B8				; $6184 ..h..h..
618C: 75CD507A
6190: CDEA7ACD  			defb $75,$CD,$50,$7A,$CD,$EA,$7A,$CD				; $618C u.Pz..z.
6194: D27CCD4A
6198: 7BCD107C  			defb $D2,$7C,$CD,$4A,$7B,$CD,$10,$7C				; $6194 .|.J{..|
619C: CD6970CD
61A0: AC87CD69  			defb $CD,$69,$70,$CD,$AC,$87,$CD,$69				; $619C .ip....i
61A4: 8ACD1D7F
61A8: CDE77FCD  			defb $8A,$CD,$1D,$7F,$CD,$E7,$7F,$CD				; $61A4 ........
61AC: DA8ACDD7
61B0: 89CD2389  			defb $DA,$8A,$CD,$D7,$89,$CD,$23,$89				; $61AC ......#.
61B4: CD8475CD
61B8: 3C8DCDD7  			defb $CD,$84,$75,$CD,$3C,$8D,$CD,$D7				; $61B4 ..u.<...
61BC: 8CCD4090
61C0: CD6792CD  			defb $8C,$CD,$40,$90,$CD,$67,$92,$CD				; $61BC ..@..g..
61C4: F097CD0F
61C8: 97CDE29B  			defb $F0,$97,$CD,$0F,$97,$CD,$E2,$9B				; $61C4 ........
61CC: CDB498CD
61D0: 4EA0CD66  			defb $CD,$B4,$98,$CD,$4E,$A0,$CD,$66				; $61CC ....N..f
61D4: 80CD86A0
61D8: CDDB8ECD  			defb $80,$CD,$86,$A0,$CD,$DB,$8E,$CD				; $61D4 ........
61DC: 277ECDFE
61E0: 79CD0B66  			defb $27,$7E,$CD,$FE,$79,$CD,$0B,$66				; $61DC '~..y..f
61E4: CDEB65C3
61E8: 6A65003E  			defb $CD,$EB,$65,$C3,$6A,$65,$00,$3E				; $61E4 ..e.je.>
61EC: FEDBFEE6
61F0: 01C03E7F  			defb $FE,$DB,$FE,$E6,$01,$C0,$3E,$7F				; $61EC ......>.
61F4: DBFEE602
61F8: C001F401  			defb $DB,$FE,$E6,$02,$C0,$01,$F4,$01				; $61F4 ........
61FC: CD6A67CD
6200: 726620FB  			defb $CD,$6A,$67,$CD,$72,$66,$20,$FB				; $61FC .jg.rf .
6204: CD2B66B7
6208: 28FAC93E  			defb $CD,$2B,$66,$B7,$28,$FA,$C9,$3E				; $6204 .+f.(..>
620C: F7DBFEE6
6210: 1FC0C304  			defb $F7,$DB,$FE,$E6,$1F,$C0,$C3,$04				; $620C ........
6214: 65E6F1C2
6218: DF0A0AE0  			defb $65,$E6,$F1,$C2,$DF,$0A,$0A,$E0				; $6214 e.......
621C: 45574849
6220: 4348204C  			defb $45,$57,$48,$49,$43,$48,$20,$4C				; $621C EWHICH L
6224: 4556454C
6228: 203FFFC5  			defb $45,$56,$45,$4C,$20,$3F,$FF,$C5				; $6224 EVEL ?..
622C: E5214966
6230: 16FE7ADB  			defb $E5,$21,$49,$66,$16,$FE,$7A,$DB				; $622C .!If..z.
6234: FE1E0106
6238: 050F3009  			defb $FE,$1E,$01,$06,$05,$0F,$30,$09				; $6234 ......0.
623C: 23CB2310
6240: F8CB0238  			defb $23,$CB,$23,$10,$F8,$CB,$02,$38				; $623C #.#....8
6244: ED7EE1C1
6248: C9015A58  			defb $ED,$7E,$E1,$C1,$C9,$01,$5A,$58				; $6244 .~....ZX
624C: 43564153
6250: 44464751  			defb $43,$56,$41,$53,$44,$46,$47,$51				; $624C CVASDFGQ
6254: 57455254
6258: 31323334  			defb $57,$45,$52,$54,$31,$32,$33,$34				; $6254 WERT1234
625C: 35303938
6260: 3736504F  			defb $35,$30,$39,$38,$37,$36,$50,$4F				; $625C 509876PO
6264: 4955590D
6268: 4C4B4A48  			defb $49,$55,$59,$0D,$4C,$4B,$4A,$48				; $6264 IUY.LKJH
626C: 20024D4E
6270: 4200AFDB  			defb $20,$02,$4D,$4E,$42,$00,$AF,$DB				; $626C  .MNB...
6274: FE2FE61F
6278: C9E5D5C5  			defb $FE,$2F,$E6,$1F,$C9,$E5,$D5,$C5				; $6274 ./......
627C: 3CF52AA8
6280: 66110700  			defb $3C,$F5,$2A,$A8,$66,$11,$07,$00				; $627C <.*.f...
6284: 195D5429
6288: 294D4429  			defb $19,$5D,$54,$29,$29,$4D,$44,$29				; $6284 .]T))MD)
628C: 091922A8
6290: 667DAC5F  			defb $09,$19,$22,$A8,$66,$7D,$AC,$5F				; $628C ..".f}._
6294: 1600F121
6298: 00000608  			defb $16,$00,$F1,$21,$00,$00,$06,$08				; $6294 ...!....
629C: 29173001
62A0: 1910F97C  			defb $29,$17,$30,$01,$19,$10,$F9,$7C				; $629C ).0....|
62A4: C1D1E1C9
62A8: 00000E00  			defb $C1,$D1,$E1,$C9,$00,$00,$0E,$00				; $62A4 ........
62AC: 21FF5A11
62B0: FE5A7101  			defb $21,$FF,$5A,$11,$FE,$5A,$71,$01				; $62AC !.Z..Zq.
62B4: 0003EDB8
62B8: 360001FF  			defb $00,$03,$ED,$B8,$36,$00,$01,$FF				; $62B4 ....6...
62BC: 17EDB8C9
62C0: 0E002180  			defb $17,$ED,$B8,$C9,$0E,$00,$21,$80				; $62BC ......!.
62C4: 58711181
62C8: 58017F02  			defb $58,$71,$11,$81,$58,$01,$7F,$02				; $62C4 Xq..X...
62CC: EDB02180
62D0: 4006A0C5  			defb $ED,$B0,$21,$80,$40,$06,$A0,$C5				; $62CC ..!.@...
62D4: E55D5413
62D8: 3600011F  			defb $E5,$5D,$54,$13,$36,$00,$01,$1F				; $62D4 .]T.6...
62DC: 00EDB0E1
62E0: CD4C67C1  			defb $00,$ED,$B0,$E1,$CD,$4C,$67,$C1				; $62DC .....Lg.
62E4: 10EDC921
62E8: 00633600  			defb $10,$ED,$C9,$21,$00,$63,$36,$00				; $62E4 ...!.c6.
62EC: 11016301
62F0: 1F00EDB0  			defb $11,$01,$63,$01,$1F,$00,$ED,$B0				; $62EC ..c.....
62F4: 21006436
62F8: 00110164  			defb $21,$00,$64,$36,$00,$11,$01,$64				; $62F4 !.d6...d
62FC: 011F00ED
6300: B0DD2120  			defb $01,$1F,$00,$ED,$B0,$DD,$21,$20				; $62FC ......! 
6304: 63FD2120
6308: 64218040  			defb $63,$FD,$21,$20,$64,$21,$80,$40				; $6304 c.! d!.@
630C: 06A0DD74
6310: 00FD7500  			defb $06,$A0,$DD,$74,$00,$FD,$75,$00				; $630C ...t..u.
6314: CD4C67DD
6318: 23FD2310  			defb $CD,$4C,$67,$DD,$23,$FD,$23,$10				; $6314 .Lg.#.#.
631C: F1C9DD21
6320: 0063FD21  			defb $F1,$C9,$DD,$21,$00,$63,$FD,$21				; $631C ...!.c.!
6324: 00642100
6328: 4006C0DD  			defb $00,$64,$21,$00,$40,$06,$C0,$DD				; $6324 .d!.@...
632C: 7400FD75
6330: 00CD4C67  			defb $74,$00,$FD,$75,$00,$CD,$4C,$67				; $632C t..u..Lg
6334: DD23FD23
6338: 10F1C9F5  			defb $DD,$23,$FD,$23,$10,$F1,$C9,$F5				; $6334 .#.#....
633C: 6A26637E
6340: 246E677B  			defb $6A,$26,$63,$7E,$24,$6E,$67,$7B				; $633C j&c~$ng{
6344: E67C0F0F
6348: 856FF1C9  			defb $E6,$7C,$0F,$0F,$85,$6F,$F1,$C9				; $6344 .|...o..
634C: 247CE607
6350: C07DC620  			defb $24,$7C,$E6,$07,$C0,$7D,$C6,$20				; $634C $|...}. 
6354: 6FD87CD6
6358: 0867C97C  			defb $6F,$D8,$7C,$D6,$08,$67,$C9,$7C				; $6354 o.|..g.|
635C: 25E607C0
6360: 7DD6206F  			defb $25,$E6,$07,$C0,$7D,$D6,$20,$6F				; $635C %...}. o
6364: D87CC608
6368: 67C9C5D5  			defb $D8,$7C,$C6,$08,$67,$C9,$C5,$D5				; $6364 .|..g...
636C: E5210000
6370: 110000ED  			defb $E5,$21,$00,$00,$11,$00,$00,$ED				; $636C .!......
6374: B0E1D1C1
6378: C9F5D57A  			defb $B0,$E1,$D1,$C1,$C9,$F5,$D5,$7A				; $6374 .......z
637C: E6F86F26
6380: 0029297B  			defb $E6,$F8,$6F,$26,$00,$29,$29,$7B				; $637C ..o&.)){
6384: E67C0F0F
6388: 5F160019  			defb $E6,$7C,$0F,$0F,$5F,$16,$00,$19				; $6384 .|.._...
638C: D1F1C9D5
6390: CD796711  			defb $D1,$F1,$C9,$D5,$CD,$79,$67,$11				; $638C .....yg.
6394: 005F19D1
6398: C9D5CD79  			defb $00,$5F,$19,$D1,$C9,$D5,$CD,$79				; $6394 ._.....y
639C: 67110058
63A0: 19D1C9D5  			defb $67,$11,$00,$58,$19,$D1,$C9,$D5				; $639C g..X....
63A4: CD796711
63A8: 005B19D1  			defb $CD,$79,$67,$11,$00,$5B,$19,$D1				; $63A4 .yg..[..
63AC: C9210058
63B0: 11005B01  			defb $C9,$21,$00,$58,$11,$00,$5B,$01				; $63AC .!.X..[.
63B4: 0003EDB0
63B8: C9F5C5E5  			defb $00,$03,$ED,$B0,$C9,$F5,$C5,$E5				; $63B4 ........
63BC: DDE58787
63C0: 6F260001  			defb $DD,$E5,$87,$87,$6F,$26,$00,$01				; $63BC ....o&..
63C4: EE6709E5
63C8: DDE1DD7E  			defb $EE,$67,$09,$E5,$DD,$E1,$DD,$7E				; $63C4 .g.....~
63CC: 02320568
63D0: DD8600ED  			defb $02,$32,$05,$68,$DD,$86,$00,$ED				; $63CC .2.h....
63D4: 443C3207
63D8: 68DD7E03  			defb $44,$3C,$32,$07,$68,$DD,$7E,$03				; $63D4 D<2.h.~.
63DC: 320E68DD
63E0: 8601ED44  			defb $32,$0E,$68,$DD,$86,$01,$ED,$44				; $63DC 2.h....D
63E4: 3C321068
63E8: DDE1E1C1  			defb $3C,$32,$10,$68,$DD,$E1,$E1,$C1				; $63E4 <2.h....
63EC: F1C90408
63F0: 04080810  			defb $F1,$C9,$04,$08,$04,$08,$08,$10				; $63EC ........
63F4: 08100810
63F8: 04080810  			defb $08,$10,$08,$10,$04,$08,$08,$10				; $63F4 ........
63FC: 01010000
6400: 08107B91  			defb $01,$01,$00,$00,$08,$10,$7B,$91				; $63FC ......{.
6404: D608FEF0
6408: 3E00D87A  			defb $D6,$08,$FE,$F0,$3E,$00,$D8,$7A				; $6404 ....>..z
640C: 90D610FE
6410: E03E00D8  			defb $90,$D6,$10,$FE,$E0,$3E,$00,$D8				; $640C .....>..
6414: 3CC91601
6418: 21A6680E  			defb $3C,$C9,$16,$01,$21,$A6,$68,$0E				; $6414 <...!.h.
641C: FE2306DF
6420: ED78E602  			defb $FE,$23,$06,$DF,$ED,$78,$E6,$02				; $641C .#...x..
6424: 20017223
6428: 06DFED78  			defb $20,$01,$72,$23,$06,$DF,$ED,$78				; $6424  .r#...x
642C: E6012001
6430: 722306FB  			defb $E6,$01,$20,$01,$72,$23,$06,$FB				; $642C .. .r#..
6434: ED78E601
6438: 20017223  			defb $ED,$78,$E6,$01,$20,$01,$72,$23				; $6434 .x.. .r#
643C: 067FED78
6440: E601C072  			defb $06,$7F,$ED,$78,$E6,$01,$C0,$72				; $643C ...x...r
6444: C901FEEF
6448: ED782FE6  			defb $C9,$01,$FE,$EF,$ED,$78,$2F,$E6				; $6444 .....x/.
644C: 1F57CD8A
6450: 6832AA68  			defb $1F,$57,$CD,$8A,$68,$32,$AA,$68				; $644C .W..h2.h
6454: CD8A6832
6458: A968CD8A  			defb $CD,$8A,$68,$32,$A9,$68,$CD,$8A				; $6454 ..h2.h..
645C: 68CD8A68
6460: 32A868CD  			defb $68,$CD,$8A,$68,$32,$A8,$68,$CD				; $645C h..h2.h.
6464: 8A6832A7
6468: 68C90E1F  			defb $8A,$68,$32,$A7,$68,$C9,$0E,$1F				; $6464 .h2.h...
646C: ED50CD8A
6470: 6832A868  			defb $ED,$50,$CD,$8A,$68,$32,$A8,$68				; $646C .P..h2.h
6474: CD8A6832
6478: A768CD8A  			defb $CD,$8A,$68,$32,$A7,$68,$CD,$8A				; $6474 ..h2.h..
647C: 68CD8A68
6480: 32A968CD  			defb $68,$CD,$8A,$68,$32,$A9,$68,$CD				; $647C h..h2.h.
6484: 8A6832AA
6488: 68C9AFCB  			defb $8A,$68,$32,$AA,$68,$C9,$AF,$CB				; $6484 .h2.h...
648C: 3A17C921
6490: 000022A7  			defb $3A,$17,$C9,$21,$00,$00,$22,$A7				; $648C :..!..".
6494: 6822A968
6498: 3AAB68B7  			defb $68,$22,$A9,$68,$3A,$AB,$68,$B7				; $6494 h".h:.h.
649C: CA1668FE
64A0: 01CA4568  			defb $CA,$16,$68,$FE,$01,$CA,$45,$68				; $649C ..h...Eh
64A4: C36A6800
64A8: 00000000  			defb $C3,$6A,$68,$00,$00,$00,$00,$00				; $64A4 .jh.....
64AC: 3A948FB7
64B0: C0326F69  			defb $3A,$94,$8F,$B7,$C0,$32,$6F,$69				; $64AC :....2oi
64B4: ED5B6969
64B8: ED53086A  			defb $ED,$5B,$69,$69,$ED,$53,$08,$6A				; $64B4 .[ii.S.j
64BC: 2AA7687C
64C0: AD284BCB  			defb $2A,$A7,$68,$7C,$AD,$28,$4B,$CB				; $64BC *.h|.(K.
64C4: 4520253A
64C8: 6B69FEFF  			defb $45,$20,$25,$3A,$6B,$69,$FE,$FF				; $64C4 E %:ki..
64CC: 3E01326B
64D0: 69200632  			defb $3E,$01,$32,$6B,$69,$20,$06,$32				; $64CC >.2ki .2
64D4: 6F69C30E
64D8: 697BFE78  			defb $6F,$69,$C3,$0E,$69,$7B,$FE,$78				; $64D4 oi..i{.x
64DC: CCB471CD
64E0: 7269202A  			defb $CC,$B4,$71,$CD,$72,$69,$20,$2A				; $64DC ..q.ri *
64E4: 1C3E0132
64E8: 6F691822  			defb $1C,$3E,$01,$32,$6F,$69,$18,$22				; $64E4 .>.2oi."
64EC: 3A6B69FE
64F0: 013EFF32  			defb $3A,$6B,$69,$FE,$01,$3E,$FF,$32				; $64EC :ki..>.2
64F4: 6B692006
64F8: 326F69C3  			defb $6B,$69,$20,$06,$32,$6F,$69,$C3				; $64F4 ki .2oi.
64FC: 0E697BB7
6500: CCB471CD  			defb $0E,$69,$7B,$B7,$CC,$B4,$71,$CD				; $64FC .i{...q.
6504: 9C692006
6508: 1D3E0132  			defb $9C,$69,$20,$06,$1D,$3E,$01,$32				; $6504 .i ..>.2
650C: 6F693AA9
6510: 68B72819  			defb $6F,$69,$3A,$A9,$68,$B7,$28,$19				; $650C oi:.h.(.
6514: 3EFE326C
6518: 697AFE20  			defb $3E,$FE,$32,$6C,$69,$7A,$FE,$20				; $6514 >.2liz. 
651C: CCB471CD
6520: E6692020  			defb $CC,$B4,$71,$CD,$E6,$69,$20,$20				; $651C ..q..i  
6524: 15153E01
6528: 326F6918  			defb $15,$15,$3E,$01,$32,$6F,$69,$18				; $6524 ..>.2oi.
652C: 173E0232
6530: 6C697AFE  			defb $17,$3E,$02,$32,$6C,$69,$7A,$FE				; $652C .>.2liz.
6534: B0CCB471
6538: CDC46920  			defb $B0,$CC,$B4,$71,$CD,$C4,$69,$20				; $6534 ...q..i 
653C: 0714143E
6540: 01326F69  			defb $07,$14,$14,$3E,$01,$32,$6F,$69				; $653C ...>.2oi
6544: 3A6F69B7
6548: CA466AED  			defb $3A,$6F,$69,$B7,$CA,$46,$6A,$ED				; $6544 :oi..Fj.
654C: 4B6969ED
6550: 5369693A  			defb $4B,$69,$69,$ED,$53,$69,$69,$3A				; $654C Kii.Sii:
6554: 6B692E01
6558: 3C20012C  			defb $6B,$69,$2E,$01,$3C,$20,$01,$2C				; $6554 ki..< .,
655C: 7D2A6D69
6560: CDFDA122  			defb $7D,$2A,$6D,$69,$CD,$FD,$A1,$22				; $655C }*mi..."
6564: 6D69C30A
6568: 6A405801  			defb $6D,$69,$C3,$0A,$6A,$40,$58,$01				; $6564 mi..j@X.
656C: 02F9C601
6570: 0000C5D5  			defb $02,$F9,$C6,$01,$00,$00,$C5,$D5				; $656C ........
6574: E57BE603
6578: 3E00201B  			defb $E5,$7B,$E6,$03,$3E,$00,$20,$1B				; $6574 .{..>. .
657C: 7BFE783E
6580: 003014CD  			defb $7B,$FE,$78,$3E,$00,$30,$14,$CD				; $657C {.x>.0..
6584: 8F672C2C
6588: 0120007E  			defb $8F,$67,$2C,$2C,$01,$20,$00,$7E				; $6584 .g,,. .~
658C: 09B65F7A
6590: E6077B28  			defb $09,$B6,$5F,$7A,$E6,$07,$7B,$28				; $658C .._z..{(
6594: 0209B6B7
6598: E1D1C1C9  			defb $02,$09,$B6,$B7,$E1,$D1,$C1,$C9				; $6594 ........
659C: C5D5E57B
65A0: E6033E00  			defb $C5,$D5,$E5,$7B,$E6,$03,$3E,$00				; $659C ...{..>.
65A4: 20197BB7
65A8: 3E002813  			defb $20,$19,$7B,$B7,$3E,$00,$28,$13				; $65A4  .{.>.(.
65AC: CD8F672D
65B0: 0120007E  			defb $CD,$8F,$67,$2D,$01,$20,$00,$7E				; $65AC ..g-. .~
65B4: 09B65F7A
65B8: E6077B28  			defb $09,$B6,$5F,$7A,$E6,$07,$7B,$28				; $65B4 .._z..{(
65BC: 0209B6B7
65C0: E1D1C1C9  			defb $02,$09,$B6,$B7,$E1,$D1,$C1,$C9				; $65BC ........
65C4: C5D5E57A
65C8: E6073E00  			defb $C5,$D5,$E5,$7A,$E6,$07,$3E,$00				; $65C4 ...z..>.
65CC: 2013CD8F
65D0: 67014000  			defb $20,$13,$CD,$8F,$67,$01,$40,$00				; $65CC  ...g.@.
65D4: 097E2CB6
65D8: 577BE603  			defb $09,$7E,$2C,$B6,$57,$7B,$E6,$03				; $65D4 .~,.W{..
65DC: 7A28022C
65E0: B6B7E1D1  			defb $7A,$28,$02,$2C,$B6,$B7,$E1,$D1				; $65DC z(.,....
65E4: C1C9C5D5
65E8: E57AE607  			defb $C1,$C9,$C5,$D5,$E5,$7A,$E6,$07				; $65E4 .....z..
65EC: 3E002013
65F0: CD8F6701  			defb $3E,$00,$20,$13,$CD,$8F,$67,$01				; $65EC >. ...g.
65F4: E0FF097E
65F8: 2CB6577B  			defb $E0,$FF,$09,$7E,$2C,$B6,$57,$7B				; $65F4 ...~,.W{
65FC: E6037A28
6600: 022CB6B7  			defb $E6,$03,$7A,$28,$02,$2C,$B6,$B7				; $65FC ..z(.,..
6604: E1D1C1C9
6608: 00003AEE  			defb $E1,$D1,$C1,$C9,$00,$00,$3A,$EE				; $6604 ......:.
660C: 6AB7CA46
6610: 6A2AEF6A  			defb $6A,$B7,$CA,$46,$6A,$2A,$EF,$6A				; $660C j..Fj*.j
6614: ED4BF16A
6618: ED5B6969  			defb $ED,$4B,$F1,$6A,$ED,$5B,$69,$69				; $6614 .K.j.[ii
661C: 3A6B69FE
6620: FF28137B  			defb $3A,$6B,$69,$FE,$FF,$28,$13,$7B				; $661C :ki..(.{
6624: D6085FED
6628: 53F16A3E  			defb $D6,$08,$5F,$ED,$53,$F1,$6A,$3E				; $6624 .._.S.j>
662C: 07CDFDA1
6630: 22EF6AC3  			defb $07,$CD,$FD,$A1,$22,$EF,$6A,$C3				; $662C ....".j.
6634: 466A7BC6
6638: 085FED53  			defb $46,$6A,$7B,$C6,$08,$5F,$ED,$53				; $6634 Fj{.._.S
663C: F16A3E08
6640: CDFDA122  			defb $F1,$6A,$3E,$08,$CD,$FD,$A1,$22				; $663C .j>...."
6644: EF6A3AF3
6648: 6AB7286E  			defb $EF,$6A,$3A,$F3,$6A,$B7,$28,$6E				; $6644 .j:.j.(n
664C: ED5BF66A
6650: 3A948FB7  			defb $ED,$5B,$F6,$6A,$3A,$94,$8F,$B7				; $664C .[.j:...
6654: C2876A3A
6658: 6B69FEFF  			defb $C2,$87,$6A,$3A,$6B,$69,$FE,$FF				; $6654 ..j:ki..
665C: 3AF86A28
6660: 0AFE1738  			defb $3A,$F8,$6A,$28,$0A,$FE,$17,$38				; $665C :.j(...8
6664: 023EFF3C
6668: C3716AB7  			defb $02,$3E,$FF,$3C,$C3,$71,$6A,$B7				; $6664 .>.<.qj.
666C: 20023E18
6670: 3D32F86A  			defb $20,$02,$3E,$18,$3D,$32,$F8,$6A				; $666C  .>.=2.j
6674: 876F2600
6678: 01F96A09  			defb $87,$6F,$26,$00,$01,$F9,$6A,$09				; $6674 .o&...j.
667C: ED5B6969
6680: 7E835F23  			defb $ED,$5B,$69,$69,$7E,$83,$5F,$23				; $667C .[ii~._#
6684: 7E8257ED
6688: 4BF66AED  			defb $7E,$82,$57,$ED,$4B,$F6,$6A,$ED				; $6684 ~.W.K.j.
668C: 53F66A2A
6690: F46A3E11  			defb $53,$F6,$6A,$2A,$F4,$6A,$3E,$11				; $668C S.j*.j>.
6694: CDFDA122
6698: F46A3E7B  			defb $CD,$FD,$A1,$22,$F4,$6A,$3E,$7B				; $6694 ...".j>{
669C: BBD4BF8A
66A0: 3E01CDB9  			defb $BB,$D4,$BF,$8A,$3E,$01,$CD,$B9				; $669C ....>...
66A4: 67CD759A
66A8: 2807D51E  			defb $67,$CD,$75,$9A,$28,$07,$D5,$1E				; $66A4 g.u.(...
66AC: 21CD42EF
66B0: D11C1C14  			defb $21,$CD,$42,$EF,$D1,$1C,$1C,$14				; $66AC !.B.....
66B4: 141414CD
66B8: 9A6C0E47  			defb $14,$14,$14,$CD,$9A,$6C,$0E,$47				; $66B4 .....l.G
66BC: 3A947EB7
66C0: 280C3D32  			defb $3A,$94,$7E,$B7,$28,$0C,$3D,$32				; $66BC :.~.(.=2
66C4: 947E3AEA
66C8: 65E607F6  			defb $94,$7E,$3A,$EA,$65,$E6,$07,$F6				; $66C4 .~:.e...
66CC: 404FED5B
66D0: 6969CD46  			defb $40,$4F,$ED,$5B,$69,$69,$CD,$46				; $66CC @O.[ii.F
66D4: A43AEE6A
66D8: B72807ED  			defb $A4,$3A,$EE,$6A,$B7,$28,$07,$ED				; $66D4 .:.j.(..
66DC: 5BF16ACD
66E0: 46A43AF3  			defb $5B,$F1,$6A,$CD,$46,$A4,$3A,$F3				; $66DC [.j.F.:.
66E4: 6AB7C8ED
66E8: 5BF66AC3  			defb $6A,$B7,$C8,$ED,$5B,$F6,$6A,$C3				; $66E4 j...[.j.
66EC: 46A40000
66F0: 00000000  			defb $46,$A4,$00,$00,$00,$00,$00,$00				; $66EC F.......
66F4: 00000000
66F8: 0000E004  			defb $00,$00,$00,$00,$00,$00,$E0,$04				; $66F4 ........
66FC: E208E60B
6700: EB0DF10F  			defb $E2,$08,$E6,$0B,$EB,$0D,$F1,$0F				; $66FC ........
6704: F80F000F
6708: 080D0F0B  			defb $F8,$0F,$00,$0F,$08,$0D,$0F,$0B				; $6704 ........
670C: 15081A04
6710: 1E0020FC  			defb $15,$08,$1A,$04,$1E,$00,$20,$FC				; $670C ...... .
6714: 1EF81AF5
6718: 15F30FF1  			defb $1E,$F8,$1A,$F5,$15,$F3,$0F,$F1				; $6714 ........
671C: 08F100F1
6720: F8F3F1F5  			defb $08,$F1,$00,$F1,$F8,$F3,$F1,$F5				; $671C ........
6724: EBF8E6FC
6728: E27E23FE  			defb $EB,$F8,$E6,$FC,$E2,$7E,$23,$FE				; $6724 .....~#.
672C: 61D2376B
6730: CD4A6C1C  			defb $61,$D2,$37,$6B,$CD,$4A,$6C,$1C				; $672C a.7k.Jl.
6734: C3296BFE
6738: 90D2476B  			defb $C3,$29,$6B,$FE,$90,$D2,$47,$6B				; $6734 .)k...Gk
673C: D6788257
6740: 7E835F23  			defb $D6,$78,$82,$57,$7E,$83,$5F,$23				; $673C .x.W~._#
6744: C3296BFE
6748: CFD2546B  			defb $C3,$29,$6B,$FE,$CF,$D2,$54,$6B				; $6744 .)k...Tk
674C: 14D6AF83
6750: 5FC3296B  			defb $14,$D6,$AF,$83,$5F,$C3,$29,$6B				; $674C ...._.)k
6754: FEDFD26D
6758: 6BD6CFFE  			defb $FE,$DF,$D2,$6D,$6B,$D6,$CF,$FE				; $6754 ...mk...
675C: 08DA646B
6760: D608F640  			defb $08,$DA,$64,$6B,$D6,$08,$F6,$40				; $675C ..dk...@
6764: 4779E638
6768: B04FC329  			defb $47,$79,$E6,$38,$B0,$4F,$C3,$29				; $6764 Gy.8.O.)
676C: 6BFEDFC2
6770: 796B5623  			defb $6B,$FE,$DF,$C2,$79,$6B,$56,$23				; $676C k...ykV#
6774: 5E23C329
6778: 6BFEE0C2  			defb $5E,$23,$C3,$29,$6B,$FE,$E0,$C2				; $6774 ^#.)k...
677C: 836B4E23
6780: C3296BFE  			defb $83,$6B,$4E,$23,$C3,$29,$6B,$FE				; $677C .kN#.)k.
6784: E1C28F6B
6788: 4623E5C5  			defb $E1,$C2,$8F,$6B,$46,$23,$E5,$C5				; $6784 ...kF#..
678C: C3296BFE
6790: E2C29F6B  			defb $C3,$29,$6B,$FE,$E2,$C2,$9F,$6B				; $678C .)k....k
6794: C11004F1
6798: C3296BE1  			defb $C1,$10,$04,$F1,$C3,$29,$6B,$E1				; $6794 .....)k.
679C: C38A6BFE
67A0: E3C2B56B  			defb $C3,$8A,$6B,$FE,$E3,$C2,$B5,$6B				; $679C ..k....k
67A4: 7E23E566
67A8: 6FC5D5CD  			defb $7E,$23,$E5,$66,$6F,$C5,$D5,$CD				; $67A4 ~#.fo...
67AC: 296BD1C1
67B0: E123C329  			defb $29,$6B,$D1,$C1,$E1,$23,$C3,$29				; $67AC )k...#.)
67B4: 6BFEE4C2
67B8: C76B4623  			defb $6B,$FE,$E4,$C2,$C7,$6B,$46,$23				; $67B4 k....kF#
67BC: 7ECD4A6C
67C0: 1C10FA23  			defb $7E,$CD,$4A,$6C,$1C,$10,$FA,$23				; $67BC ~.Jl...#
67C4: C3296BFE
67C8: E5C2D96B  			defb $C3,$29,$6B,$FE,$E5,$C2,$D9,$6B				; $67C4 .)k....k
67CC: 46237ECD
67D0: 4A6C1410  			defb $46,$23,$7E,$CD,$4A,$6C,$14,$10				; $67CC F#~.Jl..
67D4: FA23C329
67D8: 6BFEE620  			defb $FA,$23,$C3,$29,$6B,$FE,$E6,$20				; $67D4 .#.)k.. 
67DC: 0D7E3255
67E0: 6C237E32  			defb $0D,$7E,$32,$55,$6C,$23,$7E,$32				; $67DC .~2Ul#~2
67E4: 566C23C3
67E8: 296BFEE7  			defb $56,$6C,$23,$C3,$29,$6B,$FE,$E7				; $67E4 Vl#.)k..
67EC: 2019E52A
67F0: 556CE521  			defb $20,$19,$E5,$2A,$55,$6C,$E5,$21				; $67EC  ..*Ul.!
67F4: F1C22255
67F8: 6C3E20CD  			defb $F1,$C2,$22,$55,$6C,$3E,$20,$CD				; $67F4 .."Ul> .
67FC: 4A6C1CE1
6800: 22556CE1  			defb $4A,$6C,$1C,$E1,$22,$55,$6C,$E1				; $67FC Jl.."Ul.
6804: C3296BFE
6808: E820087E  			defb $C3,$29,$6B,$FE,$E8,$20,$08,$7E				; $6804 .)k.. .~
680C: 32826C23
6810: C3296BFE  			defb $32,$82,$6C,$23,$C3,$29,$6B,$FE				; $680C 2.l#.)k.
6814: E92003C3
6818: 296BFEEA  			defb $E9,$20,$03,$C3,$29,$6B,$FE,$EA				; $6814 . ..)k..
681C: 2003C329
6820: 6BFEEBC0  			defb $20,$03,$C3,$29,$6B,$FE,$EB,$C0				; $681C  ..)k...
6824: C5E56E26
6828: 00290144  			defb $C5,$E5,$6E,$26,$00,$29,$01,$44				; $6824 ..n&.).D
682C: 6C097E23
6830: 666F2231  			defb $6C,$09,$7E,$23,$66,$6F,$22,$31				; $682C l.~#fo"1
6834: 6B22BE6B
6838: 22D06B22  			defb $6B,$22,$BE,$6B,$22,$D0,$6B,$22				; $6834 k".k".k"
683C: FC6BE1C1
6840: 23C3296B  			defb $FC,$6B,$E1,$C1,$23,$C3,$29,$6B				; $683C .k..#.)k
6844: 4A6C876C
6848: 876CF5D5  			defb $4A,$6C,$87,$6C,$87,$6C,$F5,$D5				; $6844 Jl.l.l..
684C: E5C56F26
6850: 00292929  			defb $E5,$C5,$6F,$26,$00,$29,$29,$29				; $684C ..o&.)))
6854: 01000009
6858: E57AE6F8  			defb $01,$00,$00,$09,$E5,$7A,$E6,$F8				; $6854 .....z..
685C: F640477A
6860: 60E6070F  			defb $F6,$40,$47,$7A,$60,$E6,$07,$0F				; $685C .@Gz`...
6864: 0F0F836F
6868: D106081A  			defb $0F,$0F,$83,$6F,$D1,$06,$08,$1A				; $6864 ...o....
686C: 13772410
6870: FA25C17C  			defb $13,$77,$24,$10,$FA,$25,$C1,$7C				; $686C .w$..%.|
6874: 0F0F0FE6
6878: 03F65867  			defb $0F,$0F,$0F,$E6,$03,$F6,$58,$67				; $6874 ......Xg
687C: 71110007
6880: 193600E1  			defb $71,$11,$00,$07,$19,$36,$00,$E1				; $687C q....6..
6884: D1F1C9C9
6888: 3E06CD79  			defb $D1,$F1,$C9,$C9,$3E,$06,$CD,$79				; $6884 ....>..y
688C: 66D6034F
6890: 3E0CCD79  			defb $66,$D6,$03,$4F,$3E,$0C,$CD,$79				; $688C f..O>..y
6894: 663CED44
6898: 47C9F5C5  			defb $66,$3C,$ED,$44,$47,$C9,$F5,$C5				; $6894 f<.DG...
689C: D5E5DDE5
68A0: 424B0D0D  			defb $D5,$E5,$DD,$E5,$42,$4B,$0D,$0D				; $689C ....BK..
68A4: 05050505
68A8: DD21FC6C  			defb $05,$05,$05,$05,$DD,$21,$FC,$6C				; $68A4 .....!.l
68AC: DD7E00FE
68B0: FF283BDD  			defb $DD,$7E,$00,$FE,$FF,$28,$3B,$DD				; $68AC .~...(;.
68B4: 7E04B728
68B8: 3CDD7E02  			defb $7E,$04,$B7,$28,$3C,$DD,$7E,$02				; $68B4 ~..(<.~.
68BC: 32FE67DD
68C0: 7E0332FF  			defb $32,$FE,$67,$DD,$7E,$03,$32,$FF				; $68BC 2.g.~.2.
68C4: 673E04CD
68C8: B967DD5E  			defb $67,$3E,$04,$CD,$B9,$67,$DD,$5E				; $68C4 g>...g.^
68CC: 00DD5601
68D0: CD0268B7  			defb $00,$DD,$56,$01,$CD,$02,$68,$B7				; $68CC ..V...h.
68D4: 281FDD36
68D8: 0400ED4B  			defb $28,$1F,$DD,$36,$04,$00,$ED,$4B				; $68D4 (..6...K
68DC: FE673EF8
68E0: 814F3EF0  			defb $FE,$67,$3E,$F8,$81,$4F,$3E,$F0				; $68DC .g>..O>.
68E4: 8047CD4D
68E8: 6D1E1ECD  			defb $80,$47,$CD,$4D,$6D,$1E,$1E,$CD				; $68E4 .G.Mm...
68EC: 42EFDDE1
68F0: E1D1C1F1  			defb $42,$EF,$DD,$E1,$E1,$D1,$C1,$F1				; $68EC B.......
68F4: C9110800
68F8: DD1918B0  			defb $C9,$11,$08,$00,$DD,$19,$18,$B0				; $68F4 ........
68FC: 4C440948
6900: 2C28484C  			defb $4C,$44,$09,$48,$2C,$28,$48,$4C				; $68FC LD.H,(HL
6904: 290D0A24
6908: 333A094F  			defb $29,$0D,$0A,$24,$33,$3A,$09,$4F				; $6904 )..$3:.O
690C: 5209300D
6910: 0A094C44  			defb $52,$09,$30,$0D,$0A,$09,$4C,$44				; $690C R.0...LD
6914: 094C2C41
6918: 0D0A0949  			defb $09,$4C,$2C,$41,$0D,$0A,$09,$49				; $6914 .L,A...I
691C: 4E430943
6920: 0D0A0D0A  			defb $4E,$43,$09,$43,$0D,$0A,$0D,$0A				; $691C NC.C....
6924: 094C4409
6928: 412C2844  			defb $09,$4C,$44,$09,$41,$2C,$28,$44				; $6924 .LD.A,(D
692C: 45290D0A
6930: 09584F52  			defb $45,$29,$0D,$0A,$09,$58,$4F,$52				; $692C E)...XOR
6934: 0928484C
6938: 290D0A24  			defb $09,$28,$48,$4C,$29,$0D,$0A,$24				; $6934 .(HL)..$
693C: 393A094C
6940: 44092848  			defb $39,$3A,$09,$4C,$44,$09,$28,$48				; $693C 9:.LD.(H
6944: 4C292C41
6948: 0D0A0949  			defb $4C,$29,$2C,$41,$0D,$0A,$09,$49				; $6944 L),A...I
694C: FFDD5E00
6950: DD5601D5  			defb $FF,$DD,$5E,$00,$DD,$56,$01,$D5				; $694C ..^..V..
6954: DD7E05CD
6958: 3E8ADD5E  			defb $DD,$7E,$05,$CD,$3E,$8A,$DD,$5E				; $6954 .~..>..^
695C: 06DD5607
6960: CDD478CD  			defb $06,$DD,$56,$07,$CD,$D4,$78,$CD				; $695C ..V...x.
6964: 8E78D1DD
6968: 7E02E6F8  			defb $8E,$78,$D1,$DD,$7E,$02,$E6,$F8				; $6964 .x..~...
696C: 0F0F0F47
6970: DD7E03E6  			defb $0F,$0F,$0F,$47,$DD,$7E,$03,$E6				; $696C ...G.~..
6974: F00F0F0F
6978: 0F4FD5C5  			defb $F0,$0F,$0F,$0F,$0F,$4F,$D5,$C5				; $6974 .....O..
697C: CD8F677E
6980: B7C4966D  			defb $CD,$8F,$67,$7E,$B7,$C4,$96,$6D				; $697C ..g~...m
6984: 23237BC6
6988: 085F10F3  			defb $23,$23,$7B,$C6,$08,$5F,$10,$F3				; $6984 ##{.._..
698C: C1D17AC6
6990: 10570D20  			defb $C1,$D1,$7A,$C6,$10,$57,$0D,$20				; $698C ..z..W. 
6994: E5C9C5D5
6998: E521F9C6  			defb $E5,$C9,$C5,$D5,$E5,$21,$F9,$C6				; $6994 .....!..
699C: CDDBA4CD
69A0: EA886F26  			defb $CD,$DB,$A4,$CD,$EA,$88,$6F,$26				; $699C ......o&
69A4: 00292901
69A8: B9E909CD  			defb $00,$29,$29,$01,$B9,$E9,$09,$CD				; $69A4 .)).....
69AC: E06D4ECD
69B0: 8B6ECD8B  			defb $E0,$6D,$4E,$CD,$8B,$6E,$CD,$8B				; $69AC .mN..n..
69B4: 6E237BC6
69B8: 045F4ECD  			defb $6E,$23,$7B,$C6,$04,$5F,$4E,$CD				; $69B4 n#{.._N.
69BC: 8B6ECD8B
69C0: 6E23D604  			defb $8B,$6E,$CD,$8B,$6E,$23,$D6,$04				; $69BC .n..n#..
69C4: 5F7AC608
69C8: 574ECD8B  			defb $5F,$7A,$C6,$08,$57,$4E,$CD,$8B				; $69C4 _z..WN..
69CC: 6ECD8B6E
69D0: 237BC604  			defb $6E,$CD,$8B,$6E,$23,$7B,$C6,$04				; $69CC n..n#{..
69D4: 5F4ECD8B
69D8: 6ECD8B6E  			defb $5F,$4E,$CD,$8B,$6E,$CD,$8B,$6E				; $69D4 _N..n..n
69DC: E1D1C1C9
69E0: F5C5D5E5  			defb $E1,$D1,$C1,$C9,$F5,$C5,$D5,$E5				; $69DC ........
69E4: CDA367AF
69E8: E5772C77  			defb $CD,$A3,$67,$AF,$E5,$77,$2C,$77				; $69E4 ..g..w,w
69EC: 111F0019
69F0: 772C77E1  			defb $11,$1F,$00,$19,$77,$2C,$77,$E1				; $69EC ....w,w.
69F4: 11000419
69F8: 772C7711  			defb $11,$00,$04,$19,$77,$2C,$77,$11				; $69F4 ....w,w.
69FC: 1F001977
6A00: 2C77E1D1  			defb $1F,$00,$19,$77,$2C,$77,$E1,$D1				; $69FC ...w,w..
6A04: C1F1C9F5
6A08: C5E52152  			defb $C1,$F1,$C9,$F5,$C5,$E5,$21,$52				; $6A04 ......!R
6A0C: 6E4F7EFE
6A10: FF792809  			defb $6E,$4F,$7E,$FE,$FF,$79,$28,$09				; $6A0C nO~..y(.
6A14: BE280A01
6A18: 08000918  			defb $BE,$28,$0A,$01,$08,$00,$09,$18				; $6A14 .(......
6A1C: F0E1C1F1
6A20: C9DD7704  			defb $F0,$E1,$C1,$F1,$C9,$DD,$77,$04				; $6A1C ......w.
6A24: 237E83DD
6A28: 7700237E  			defb $23,$7E,$83,$DD,$77,$00,$23,$7E				; $6A24 #~..w.#~
6A2C: 82DD7701
6A30: 237EDD77  			defb $82,$DD,$77,$01,$23,$7E,$DD,$77				; $6A2C ..w.#~.w
6A34: 02237EDD
6A38: 7703237E  			defb $02,$23,$7E,$DD,$77,$03,$23,$7E				; $6A34 .#~.w.#~
6A3C: DD770523
6A40: 7EDD7706  			defb $DD,$77,$05,$23,$7E,$DD,$77,$06				; $6A3C .w.#~.w.
6A44: 237EDD77
6A48: 07010800  			defb $23,$7E,$DD,$77,$07,$01,$08,$00				; $6A44 #~.w....
6A4C: DD09E1C1
6A50: F1C92700  			defb $DD,$09,$E1,$C1,$F1,$C9,$27,$00				; $6A4C ......'.
6A54: 0010203A
6A58: 16792300  			defb $00,$10,$20,$3A,$16,$79,$23,$00				; $6A54 .. :.y#.
6A5C: 00102038
6A60: 0A792B00  			defb $00,$10,$20,$38,$0A,$79,$2B,$00				; $6A5C .. 8.y+.
6A64: 00102039
6A68: 10793000  			defb $00,$10,$20,$39,$10,$79,$30,$00				; $6A64 .. 9.y0.
6A6C: 0010203A
6A70: 16794600  			defb $00,$10,$20,$3A,$16,$79,$46,$00				; $6A6C .. :.yF.
6A74: 00081039
6A78: 10794700  			defb $00,$08,$10,$39,$10,$79,$47,$00				; $6A74 ...9.yG.
6A7C: 00081039
6A80: 1079A000  			defb $00,$08,$10,$39,$10,$79,$A0,$00				; $6A7C ...9.y..
6A84: 0010303A
6A88: 1679FFF5  			defb $00,$10,$30,$3A,$16,$79,$FF,$F5				; $6A84 ..0:.y..
6A8C: D5E5C501
6A90: 060021C4  			defb $D5,$E5,$C5,$01,$06,$00,$21,$C4				; $6A8C ......!.
6A94: 6E7EB728
6A98: 07FEFF28  			defb $6E,$7E,$B7,$28,$07,$FE,$FF,$28				; $6A94 n~.(...(
6A9C: 220918F5
6AA0: 3E01CD79  			defb $22,$09,$18,$F5,$3E,$01,$CD,$79				; $6A9C "...>..y
6AA4: 66C60277
6AA8: 08237323  			defb $66,$C6,$02,$77,$08,$23,$73,$23				; $6AA4 f..w.#s#
6AAC: 7223CD88
6AB0: 6C712370  			defb $72,$23,$CD,$88,$6C,$71,$23,$70				; $6AAC r#..lq#p
6AB4: 08CDBD80
6AB8: C1C52379  			defb $08,$CD,$BD,$80,$C1,$C5,$23,$79				; $6AB4 ......#y
6ABC: E64777C1
6AC0: E1D1F1C9  			defb $E6,$47,$77,$C1,$E1,$D1,$F1,$C9				; $6ABC .Gw.....
6AC4: 0A094558
6AC8: 0944452C  			defb $0A,$09,$45,$58,$09,$44,$45,$2C				; $6AC4 ..EX.DE,
6ACC: 484C0D0A
6AD0: 09504F50  			defb $48,$4C,$0D,$0A,$09,$50,$4F,$50				; $6ACC HL...POP
6AD4: 09484C0D
6AD8: 0A094C44  			defb $09,$48,$4C,$0D,$0A,$09,$4C,$44				; $6AD4 .HL...LD
6ADC: 09412C28
6AE0: 4445290D  			defb $09,$41,$2C,$28,$44,$45,$29,$0D				; $6ADC .A,(DE).
6AE4: 0A094F52
6AE8: 09410D0A  			defb $0A,$09,$4F,$52,$09,$41,$0D,$0A				; $6AE4 ..OR.A..
6AEC: 094A5209
6AF0: 4E5A2C24  			defb $09,$4A,$52,$09,$4E,$5A,$2C,$24				; $6AEC .JR.NZ,$
6AF4: 330D0A09
6AF8: 4C440928  			defb $33,$0D,$0A,$09,$4C,$44,$09,$28				; $6AF4 3...LD.(
6AFC: 484C292C
6B00: 430D0A24  			defb $48,$4C,$29,$2C,$43,$0D,$0A,$24				; $6AFC HL),C..$
6B04: 333A0949
6B08: 4E430948  			defb $33,$3A,$09,$49,$4E,$43,$09,$48				; $6B04 3:.INC.H
6B0C: 4C0D0A09
6B10: 494E4309  			defb $4C,$0D,$0A,$09,$49,$4E,$43,$09				; $6B0C L...INC.
6B14: 44450D0A
6B18: 094C4409  			defb $44,$45,$0D,$0A,$09,$4C,$44,$09				; $6B14 DE...LD.
6B1C: 412C2844
6B20: 45290D0A  			defb $41,$2C,$28,$44,$45,$29,$0D,$0A				; $6B1C A,(DE)..
6B24: 094F5209
6B28: 410D0A09  			defb $09,$4F,$52,$09,$41,$0D,$0A,$09				; $6B24 .OR.A...
6B2C: 4A52094E
6B30: 5A2C2434  			defb $4A,$52,$09,$4E,$5A,$2C,$24,$34				; $6B2C JR.NZ,$4
6B34: 0D0A094C
6B38: 44092848  			defb $0D,$0A,$09,$4C,$44,$09,$28,$48				; $6B34 ...LD.(H
6B3C: 4C292C43
6B40: 0D0A2434  			defb $4C,$29,$2C,$43,$0D,$0A,$24,$34				; $6B3C L),C..$4
6B44: 3A09494E
6B48: 4309484C  			defb $3A,$09,$49,$4E,$43,$09,$48,$4C				; $6B44 :.INC.HL
6B4C: 0D0A0949
6B50: 4E430944  			defb $0D,$0A,$09,$49,$4E,$43,$09,$44				; $6B4C ...INC.D
6B54: 450D0A09
6B58: 4C440941  			defb $45,$0D,$0A,$09,$4C,$44,$09,$41				; $6B54 E...LD.A
6B5C: 2C284445
6B60: 290D0A09  			defb $2C,$28,$44,$45,$29,$0D,$0A,$09				; $6B5C ,(DE)...
6B64: 4F520941
6B68: 0D0A094A  			defb $4F,$52,$09,$41,$0D,$0A,$09,$4A				; $6B64 OR.A...J
6B6C: 52094E5A
6B70: 2C24350D  			defb $52,$09,$4E,$5A,$2C,$24,$35,$0D				; $6B6C R.NZ,$5.
6B74: 0A094C44
6B78: 0928484C  			defb $0A,$09,$4C,$44,$09,$28,$48,$4C				; $6B74 ..LD.(HL
6B7C: 292C430D
6B80: 0A24353A  			defb $29,$2C,$43,$0D,$0A,$24,$35,$3A				; $6B7C ),C..$5:
6B84: 094C4409
6B88: 44452C33  			defb $09,$4C,$44,$09,$44,$45,$2C,$33				; $6B84 .LD.DE,3
6B8C: 300D0A09
6B90: 41444409  			defb $30,$0D,$0A,$09,$41,$44,$44,$09				; $6B8C 0...ADD.
6B94: 484C2C44
6B98: 450D0A09  			defb $48,$4C,$2C,$44,$45,$0D,$0A,$09				; $6B94 HL,DE...
6B9C: 444A4E5A
6BA0: 0924320D  			defb $44,$4A,$4E,$5A,$09,$24,$32,$0D				; $6B9C DJNZ.$2.
6BA4: 0A09504F
6BA8: 5009484C  			defb $0A,$09,$50,$4F,$50,$09,$48,$4C				; $6BA4 ..POP.HL
6BAC: 0D0A0950
6BB0: 4F500944  			defb $0D,$0A,$09,$50,$4F,$50,$09,$44				; $6BAC ...POP.D
6BB4: 450D0A09
6BB8: 504F5009  			defb $45,$0D,$0A,$09,$50,$4F,$50,$09				; $6BB4 E...POP.
6BBC: 42430D0A
6BC0: 09504F50  			defb $42,$43,$0D,$0A,$09,$50,$4F,$50				; $6BBC BC...POP
6BC4: 0941460D
6BC8: 0A095245  			defb $09,$41,$46,$0D,$0A,$09,$52,$45				; $6BC4 .AF...RE
6BCC: 540D0A0D
6BD0: 0A415452  			defb $54,$0D,$0A,$0D,$0A,$41,$54,$52				; $6BCC T....ATR
6BD4: 3232323A
6BD8: 09505553  			defb $32,$32,$32,$3A,$09,$50,$55,$53				; $6BD4 222:.PUS
6BDC: 48094146
6BE0: 09093B53  			defb $48,$09,$41,$46,$09,$09,$3B,$53				; $6BDC H.AF..;S
6BE4: 414D4520
6BE8: 41532041  			defb $41,$4D,$45,$20,$41,$53,$20,$41				; $6BE4 AME AS A
6BEC: 424F5645
6BF0: 20425554  			defb $42,$4F,$56,$45,$20,$42,$55,$54				; $6BEC BOVE BUT
6BF4: 20444541
6BF8: 4C532057  			defb $20,$44,$45,$41,$4C,$53,$20,$57				; $6BF4  DEALS W
6BFC: 49544820
6C00: 54574F20  			defb $49,$54,$48,$20,$54,$57,$4F,$20				; $6BFC ITH TWO 
6C04: 434F4C4F
6C08: 55525320  			defb $43,$4F,$4C,$4F,$55,$52,$53,$20				; $6C04 COLOURS 
6C0C: 28422B43
6C10: 290D0A09  			defb $28,$42,$2B,$43,$29,$0D,$0A,$09				; $6C0C (B+C)...
6C14: 50555348
6C18: 09424309  			defb $50,$55,$53,$48,$09,$42,$43,$09				; $6C14 PUSH.BC.
6C1C: 093B4320
6C20: 4F4E2054  			defb $09,$3B,$43,$20,$4F,$4E,$20,$54				; $6C1C .;C ON T
6C24: 4845204C
6C28: 45465420  			defb $48,$45,$20,$4C,$45,$46,$54,$20				; $6C24 HE LEFT 
6C2C: 414E4420
6C30: 42204F4E  			defb $41,$4E,$44,$20,$42,$20,$4F,$4E				; $6C2C AND B ON
6C34: 20544845
6C38: 20524947  			defb $20,$54,$48,$45,$20,$52,$49,$47				; $6C34  THE RIG
6C3C: 48540D0A
6C40: 09505553  			defb $48,$54,$0D,$0A,$09,$50,$55,$53				; $6C3C HT...PUS
6C44: 48094445
6C48: 0D0A0950  			defb $48,$09,$44,$45,$0D,$0A,$09,$50				; $6C44 H.DE...P
6C4C: 55534809
6C50: 484C0D0A  			defb $55,$53,$48,$09,$48,$4C,$0D,$0A				; $6C4C USH.HL..
6C54: 094C4409
6C58: 412C450D  			defb $09,$4C,$44,$09,$41,$2C,$45,$0D				; $6C54 .LD.A,E.
6C5C: 0A094350
6C60: 09313238  			defb $0A,$09,$43,$50,$09,$31,$32,$38				; $6C5C ..CP.128
6C64: 0D0A094A
6C68: FF21C46E  			defb $0D,$0A,$09,$4A,$FF,$21,$C4,$6E				; $6C64 ...J.!.n
6C6C: 7E47FEFF
6C70: C8B72006  			defb $7E,$47,$FE,$FF,$C8,$B7,$20,$06				; $6C6C ~G.... .
6C74: 01060009
6C78: 18F2E523  			defb $01,$06,$00,$09,$18,$F2,$E5,$23				; $6C74 .......#
6C7C: E55E2356
6C80: 78CDBD80  			defb $E5,$5E,$23,$56,$78,$CD,$BD,$80				; $6C7C .^#Vx...
6C84: 237B865F
6C88: FE78301E  			defb $23,$7B,$86,$5F,$FE,$78,$30,$1E				; $6C84 #{._.x0.
6C8C: 23347E82
6C90: 57FEB830  			defb $23,$34,$7E,$82,$57,$FE,$B8,$30				; $6C8C #4~.W..0
6C94: 15234EE1
6C98: 73237278  			defb $15,$23,$4E,$E1,$73,$23,$72,$78				; $6C94 .#N.s#rx
6C9C: CDBD80CD
6CA0: ADA4E101  			defb $CD,$BD,$80,$CD,$AD,$A4,$E1,$01				; $6C9C ........
6CA4: 060009C3
6CA8: 6C70E1E1  			defb $06,$00,$09,$C3,$6C,$70,$E1,$E1				; $6CA4 ....lp..
6CAC: 36000106
6CB0: 000918B8  			defb $36,$00,$01,$06,$00,$09,$18,$B8				; $6CAC 6.......
6CB4: 3EC332FD
6CB8: FD21D370  			defb $3E,$C3,$32,$FD,$FD,$21,$D3,$70				; $6CB4 >.2..!.p
6CBC: 22FEFD21
6CC0: 00FE36FD  			defb $22,$FE,$FD,$21,$00,$FE,$36,$FD				; $6CBC "..!..6.
6CC4: 1101FE01
6CC8: 0101EDB0  			defb $11,$01,$FE,$01,$01,$01,$ED,$B0				; $6CC4 ........
6CCC: ED5E3EFE
6CD0: ED47C9F5  			defb $ED,$5E,$3E,$FE,$ED,$47,$C9,$F5				; $6CCC .^>..G..
6CD4: C5D5E5DD
6CD8: E5FDE5D9  			defb $C5,$D5,$E5,$DD,$E5,$FD,$E5,$D9				; $6CD4 ........
6CDC: 08F5C5D5
6CE0: E5211A71  			defb $08,$F5,$C5,$D5,$E5,$21,$1A,$71				; $6CDC .....!.q
6CE4: 343A0A83
6CE8: B7CC3BEF  			defb $34,$3A,$0A,$83,$B7,$CC,$3B,$EF				; $6CE4 4:....;.
6CEC: 3A0A83B7
6CF0: 28173A99  			defb $3A,$0A,$83,$B7,$28,$17,$3A,$99				; $6CEC :...(.:.
6CF4: 85B7200E
6CF8: 3A1B71EE  			defb $85,$B7,$20,$0E,$3A,$1B,$71,$EE				; $6CF4 .. .:.q.
6CFC: 01321B71
6D00: CCBA85C3  			defb $01,$32,$1B,$71,$CC,$BA,$85,$C3				; $6CFC .2.q....
6D04: 0971CD38
6D08: EFE1D1C1  			defb $09,$71,$CD,$38,$EF,$E1,$D1,$C1				; $6D04 .q.8....
6D0C: F108D9FD
6D10: E1DDE1E1  			defb $F1,$08,$D9,$FD,$E1,$DD,$E1,$E1				; $6D0C ........
6D14: D1C1F1FB
6D18: ED4D0000  			defb $D1,$C1,$F1,$FB,$ED,$4D,$00,$00				; $6D14 .....M..
6D1C: AAA525A6
6D20: 82A6D3A6  			defb $AA,$A5,$25,$A6,$82,$A6,$D3,$A6				; $6D1C ..%.....
6D24: 42A7BDA7
6D28: C0A72DA8  			defb $42,$A7,$BD,$A7,$C0,$A7,$2D,$A8				; $6D24 B.....-.
6D2C: A9A803A9
6D30: 71A9CBA9  			defb $A9,$A8,$03,$A9,$71,$A9,$CB,$A9				; $6D2C ....q...
6D34: CEA932AA
6D38: A1AA19AB  			defb $CE,$A9,$32,$AA,$A1,$AA,$19,$AB				; $6D34 ..2.....
6D3C: 98AB03AC
6D40: 06AC95AC  			defb $98,$AB,$03,$AC,$06,$AC,$95,$AC				; $6D3C ........
6D44: 08AD83AD
6D48: FBAD79AE  			defb $08,$AD,$83,$AD,$FB,$AD,$79,$AE				; $6D44 ......y.
6D4C: D2AE40AF
6D50: CDAF37B0  			defb $D2,$AE,$40,$AF,$CD,$AF,$37,$B0				; $6D4C ..@...7.
6D54: C6B045B1
6D58: B8B12DB2  			defb $C6,$B0,$45,$B1,$B8,$B1,$2D,$B2				; $6D54 ..E...-.
6D5C: 86B2DAB2
6D60: 5BB3D8B3  			defb $86,$B2,$DA,$B2,$5B,$B3,$D8,$B3				; $6D5C ....[...
6D64: 4CB4C4B4
6D68: 22B58FB5  			defb $4C,$B4,$C4,$B4,$22,$B5,$8F,$B5				; $6D64 L..."...
6D6C: 06B699B6
6D70: 9CB616B7  			defb $06,$B6,$99,$B6,$9C,$B6,$16,$B7				; $6D6C ........
6D74: 8BB7DAB7
6D78: 11B84FB8  			defb $8B,$B7,$DA,$B7,$11,$B8,$4F,$B8				; $6D74 ......O.
6D7C: C0B828B9
6D80: 91B9FFB9  			defb $C0,$B8,$28,$B9,$91,$B9,$FF,$B9				; $6D7C ..(.....
6D84: 62BAC9BA
6D88: 1DBB86BB  			defb $62,$BA,$C9,$BA,$1D,$BB,$86,$BB				; $6D84 b.......
6D8C: 18BC76BC
6D90: D7BC3DBD  			defb $18,$BC,$76,$BC,$D7,$BC,$3D,$BD				; $6D8C ..v...=.
6D94: C9BD33BE
6D98: B4BE16BF  			defb $C9,$BD,$33,$BE,$B4,$BE,$16,$BF				; $6D94 ..3.....
6D9C: 5EBFCCBF
6DA0: 3CC0ABC0  			defb $5E,$BF,$CC,$BF,$3C,$C0,$AB,$C0				; $6D9C ^...<...
6DA4: 05C1A5C1
6DA8: 45C2ACC2  			defb $05,$C1,$A5,$C1,$45,$C2,$AC,$C2				; $6DA4 ....E...
6DAC: FDC275C3
6DB0: 91770000  			defb $FD,$C2,$75,$C3,$91,$77,$00,$00				; $6DAC ..u..w..
6DB4: 7BFE7828
6DB8: 0DB7280A  			defb $7B,$FE,$78,$28,$0D,$B7,$28,$0A				; $6DB4 {.x(..(.
6DBC: 3A7169BA
6DC0: C2D671C3  			defb $3A,$71,$69,$BA,$C2,$D6,$71,$C3				; $6DBC :qi...q.
6DC4: CD713A70
6DC8: 69BBC2D6  			defb $CD,$71,$3A,$70,$69,$BB,$C2,$D6				; $6DC4 .q:pi...
6DCC: 71E12323
6DD0: 233E01B7  			defb $71,$E1,$23,$23,$23,$3E,$01,$B7				; $6DCC q.###>..
6DD4: E5C9E13A
6DD8: 6B69FEFF  			defb $E5,$C9,$E1,$3A,$6B,$69,$FE,$FF				; $6DD4 ...:ki..
6DDC: 7B280AFE
6DE0: 78200F3E  			defb $7B,$28,$0A,$FE,$78,$20,$0F,$3E				; $6DDC {(..x .>
6DE4: 011E0018
6DE8: 25B72006  			defb $01,$1E,$00,$18,$25,$B7,$20,$06				; $6DE4 ....%. .
6DEC: 3EFF1E78
6DF0: 181C3A6C  			defb $3E,$FF,$1E,$78,$18,$1C,$3A,$6C				; $6DEC >..x..:l
6DF4: 69FEFE7A
6DF8: 280AFEB0  			defb $69,$FE,$FE,$7A,$28,$0A,$FE,$B0				; $6DF4 i..z(...
6DFC: C03A4C74
6E00: 1620180A  			defb $C0,$3A,$4C,$74,$16,$20,$18,$0A				; $6DFC .:Lt. ..
6E04: FE20C03A
6E08: 4C74ED44  			defb $FE,$20,$C0,$3A,$4C,$74,$ED,$44				; $6E04 . .:Lt.D
6E0C: 16B0ED53
6E10: 6969ED53  			defb $16,$B0,$ED,$53,$69,$69,$ED,$53				; $6E0C ...Sii.S
6E14: 7069ED5B
6E18: 4B748332  			defb $70,$69,$ED,$5B,$4B,$74,$83,$32				; $6E14 pi.[Kt.2
6E1C: 4B74AF32
6E20: 947E320D  			defb $4B,$74,$AF,$32,$94,$7E,$32,$0D				; $6E1C Kt.2.~2.
6E24: 8032EA65
6E28: 32B3803E  			defb $80,$32,$EA,$65,$32,$B3,$80,$3E				; $6E24 .2.e2..>
6E2C: FF32479B
6E30: 32D59B3E  			defb $FF,$32,$47,$9B,$32,$D5,$9B,$3E				; $6E2C .2G.2..>
6E34: 3232D49B
6E38: 21530722  			defb $32,$32,$D4,$9B,$21,$53,$07,$22				; $6E34 22..!S."
6E3C: B27121F9
6E40: C6226D69  			defb $B2,$71,$21,$F9,$C6,$22,$6D,$69				; $6E3C .q!.."mi
6E44: 22EF6A22
6E48: F46A2142  			defb $22,$EF,$6A,$22,$F4,$6A,$21,$42				; $6E44 ".j".j!B
6E4C: 9136FF22
6E50: 4091211E  			defb $91,$36,$FF,$22,$40,$91,$21,$1E				; $6E4C .6."@.!.
6E54: 9236FF22
6E58: 6592CD57  			defb $92,$36,$FF,$22,$65,$92,$CD,$57				; $6E54 .6."e..W
6E5C: 74CD9288
6E60: CDC0663A  			defb $74,$CD,$92,$88,$CD,$C0,$66,$3A				; $6E5C t.....f:
6E64: 4B74011C
6E68: 71CD4D74  			defb $4B,$74,$01,$1C,$71,$CD,$4D,$74				; $6E64 Kt..q.Mt
6E6C: 1100207E
6E70: 23B72810  			defb $11,$00,$20,$7E,$23,$B7,$28,$10				; $6E6C .. ~#.(.
6E74: FEFF2822
6E78: E5CD48A5  			defb $FE,$FF,$28,$22,$E5,$CD,$48,$A5				; $6E74 ..("..H.
6E7C: CD7FA5CD
6E80: 8F6777E1  			defb $CD,$7F,$A5,$CD,$8F,$67,$77,$E1				; $6E7C .....gw.
6E84: 7BC6085F
6E88: FE80C26F  			defb $7B,$C6,$08,$5F,$FE,$80,$C2,$6F				; $6E84 {.._...o
6E8C: 727AFEB0
6E90: 2836C610  			defb $72,$7A,$FE,$B0,$28,$36,$C6,$10				; $6E8C rz..(6..
6E94: 571E00C3
6E98: 6F724623  			defb $57,$1E,$00,$C3,$6F,$72,$46,$23				; $6E94 W...orF#
6E9C: 7E234FB7
6EA0: 280DE5CD  			defb $7E,$23,$4F,$B7,$28,$0D,$E5,$CD				; $6E9C ~#O.(...
6EA4: 48A5CD7F
6EA8: A5CD8F67  			defb $48,$A5,$CD,$7F,$A5,$CD,$8F,$67				; $6EA4 H......g
6EAC: 774FE17B
6EB0: C6085FFE  			defb $77,$4F,$E1,$7B,$C6,$08,$5F,$FE				; $6EAC wO.{.._.
6EB4: 80C2C272
6EB8: 7AFEB028  			defb $80,$C2,$C2,$72,$7A,$FE,$B0,$28				; $6EB4 ...rz..(
6EBC: 0BC61057
6EC0: 1E007910  			defb $0B,$C6,$10,$57,$1E,$00,$79,$10				; $6EBC ...W..y.
6EC4: D9C36F72
6EC8: CD2E74DD  			defb $D9,$C3,$6F,$72,$CD,$2E,$74,$DD				; $6EC4 ..or..t.
6ECC: 21FC6C11
6ED0: 0020CD8F  			defb $21,$FC,$6C,$11,$00,$20,$CD,$8F				; $6ECC !.l.. ..
6ED4: 677EFEE9
6ED8: 38053600  			defb $67,$7E,$FE,$E9,$38,$05,$36,$00				; $6ED4 g~..8.6.
6EDC: C3EC72B7
6EE0: C42A73CD  			defb $C3,$EC,$72,$B7,$C4,$2A,$73,$CD				; $6EDC ..r..*s.
6EE4: 4887CD07
6EE8: 6ECDAA73  			defb $48,$87,$CD,$07,$6E,$CD,$AA,$73				; $6EE4 H...n..s
6EEC: CDD68FCD
6EF0: B191CD68  			defb $CD,$D6,$8F,$CD,$B1,$91,$CD,$68				; $6EEC .......h
6EF4: 9BCDD6A1
6EF8: 7BC6085F  			defb $9B,$CD,$D6,$A1,$7B,$C6,$08,$5F				; $6EF4 ....{.._
6EFC: FE80C2D2
6F00: 727AFEB0  			defb $FE,$80,$C2,$D2,$72,$7A,$FE,$B0				; $6EFC ....rz..
6F04: 2808C610
6F08: 571E00C3  			defb $28,$08,$C6,$10,$57,$1E,$00,$C3				; $6F04 (...W...
6F0C: D272DD36
6F10: 00FFCDAD  			defb $D2,$72,$DD,$36,$00,$FF,$CD,$AD				; $6F0C .r.6....
6F14: 67CDD89B
6F18: 3E0132D3  			defb $67,$CD,$D8,$9B,$3E,$01,$32,$D3				; $6F14 g...>.2.
6F1C: 9BED5B69
6F20: 69ED53F1  			defb $9B,$ED,$5B,$69,$69,$ED,$53,$F1				; $6F1C ..[ii.S.
6F24: 6A424BC3
6F28: 5369FEE9  			defb $6A,$42,$4B,$C3,$53,$69,$FE,$E9				; $6F24 jBK.Si..
6F2C: D0F5D5E5
6F30: 11050047  			defb $D0,$F5,$D5,$E5,$11,$05,$00,$47				; $6F2C .......G
6F34: 216D737E
6F38: 19FEFF28  			defb $21,$6D,$73,$7E,$19,$FE,$FF,$28				; $6F34 !ms~...(
6F3C: 1EB820F7
6F40: ED5223EB  			defb $1E,$B8,$20,$F7,$ED,$52,$23,$EB				; $6F3C .. ..R#.
6F44: E1E51A77
6F48: 23131A77  			defb $E1,$E5,$1A,$77,$23,$13,$1A,$77				; $6F44 ...w#..w
6F4C: 13011F00
6F50: 091A7723  			defb $13,$01,$1F,$00,$09,$1A,$77,$23				; $6F4C ......w#
6F54: 131A77E1
6F58: D1F1C9E1  			defb $13,$1A,$77,$E1,$D1,$F1,$C9,$E1				; $6F54 ..w.....
6F5C: E5233601
6F60: 111F0019  			defb $E5,$23,$36,$01,$11,$1F,$00,$19				; $6F5C .#6.....
6F64: 36012336
6F68: 01E1D1F1  			defb $36,$01,$23,$36,$01,$E1,$D1,$F1				; $6F64 6.#6....
6F6C: C90F0000
6F70: 01010D00  			defb $C9,$0F,$00,$00,$01,$01,$0D,$00				; $6F6C ........
6F74: 00010135
6F78: 01010000  			defb $00,$01,$01,$35,$01,$01,$00,$00				; $6F74 ...5....
6F7C: 37010100
6F80: 00800001  			defb $37,$01,$01,$00,$00,$80,$00,$01				; $6F7C 7.......
6F84: 01018201
6F88: 00010183  			defb $01,$01,$82,$01,$00,$01,$01,$83				; $6F84 ........
6F8C: 00000000
6F90: 84000000  			defb $00,$00,$00,$00,$84,$00,$00,$00				; $6F8C ........
6F94: 00890000
6F98: 00008A00  			defb $00,$89,$00,$00,$00,$00,$8A,$00				; $6F94 ........
6F9C: 00000095
6FA0: 01000100  			defb $00,$00,$00,$95,$01,$00,$01,$00				; $6F9C ........
6FA4: 97000100
6FA8: 01FFF5D5  			defb $97,$00,$01,$00,$01,$FF,$F5,$D5				; $6FA4 ........
6FAC: E521F473
6FB0: 477E23FE  			defb $E5,$21,$F4,$73,$47,$7E,$23,$FE				; $6FAC .!.sG~#.
6FB4: FFCAF073
6FB8: B8280423  			defb $FF,$CA,$F0,$73,$B8,$28,$04,$23				; $6FB4 ...s.(.#
6FBC: C3B173E5
6FC0: C56E2600  			defb $C3,$B1,$73,$E5,$C5,$6E,$26,$00				; $6FBC ..s..n&.
6FC4: 4D442929
6FC8: 09011374  			defb $4D,$44,$29,$29,$09,$01,$13,$74				; $6FC4 MD))...t
6FCC: 09E5FDE1
6FD0: FD6E02FD  			defb $09,$E5,$FD,$E1,$FD,$6E,$02,$FD				; $6FCC .....n..
6FD4: 66037323
6FD8: 7223FD4E  			defb $66,$03,$73,$23,$72,$23,$FD,$4E				; $6FD4 f.s#r#.N
6FDC: 040D0D06
6FE0: 000936FF  			defb $04,$0D,$0D,$06,$00,$09,$36,$FF				; $6FDC ......6.
6FE4: FD7502FD
6FE8: 7403C1E1  			defb $FD,$75,$02,$FD,$74,$03,$C1,$E1				; $6FE4 .u..t...
6FEC: 23C3B173
6FF0: E1D1F1C9  			defb $23,$C3,$B1,$73,$E1,$D1,$F1,$C9				; $6FEC #..s....
6FF4: 2E002F00
6FF8: 8D008E00  			defb $2E,$00,$2F,$00,$8D,$00,$8E,$00				; $6FF4 ../.....
6FFC: 8F009000
7000: 27013201  			defb $8F,$00,$90,$00,$27,$01,$32,$01				; $6FFC ....'.2.
7004: 52019401
7008: 98014602  			defb $52,$01,$94,$01,$98,$01,$46,$02				; $7004 R.....F.
700C: 47028103
7010: 8304FF33  			defb $47,$02,$81,$03,$83,$04,$FF,$33				; $700C G......3
7014: 75000002
7018: 1C8E0000  			defb $75,$00,$00,$02,$1C,$8E,$00,$00				; $7014 u.......
701C: 02799800
7020: 0002A375  			defb $02,$79,$98,$00,$00,$02,$A3,$75				; $701C .y.....u
7024: 00000244
7028: 76000002  			defb $00,$00,$02,$44,$76,$00,$00,$02				; $7024 ...Dv...
702C: 00000105
7030: 00DD2113  			defb $00,$00,$01,$05,$00,$DD,$21,$13				; $702C ......!.
7034: 74DD7E00
7038: 6FDD6601  			defb $74,$DD,$7E,$00,$6F,$DD,$66,$01				; $7034 t.~.o.f.
703C: B4C836FF
7040: DD7502DD  			defb $B4,$C8,$36,$FF,$DD,$75,$02,$DD				; $703C ..6..u..
7044: 7403DD09
7048: C3357400  			defb $74,$03,$DD,$09,$C3,$35,$74,$00				; $7044 t....5t.
704C: 006F2600
7050: 29097E23  			defb $00,$6F,$26,$00,$29,$09,$7E,$23				; $704C .o&.).~#
7054: 666FC921
7058: 005F1101  			defb $66,$6F,$C9,$21,$00,$5F,$11,$01				; $7054 fo.!._..
705C: 5F01FF03
7060: 3600EDB0  			defb $5F,$01,$FF,$03,$36,$00,$ED,$B0				; $705C _...6...
7064: C932E174
7068: 8787876F  			defb $C9,$32,$E1,$74,$87,$87,$87,$6F				; $7064 .2.t...o
706C: 260001C9
7070: 74095E23  			defb $26,$00,$01,$C9,$74,$09,$5E,$23				; $706C &...t.^#
7074: 5623ED53
7078: 6969ED53  			defb $56,$23,$ED,$53,$69,$69,$ED,$53				; $7074 V#.Sii.S
707C: 70697E32
7080: 4C74237E  			defb $70,$69,$7E,$32,$4C,$74,$23,$7E				; $707C pi~2Lt#~
7084: 324B7423
7088: 5E2356ED  			defb $32,$4B,$74,$23,$5E,$23,$56,$ED				; $7084 2Kt#^#V.
708C: 531D7AED
7090: 531B7A23  			defb $53,$1D,$7A,$ED,$53,$1B,$7A,$23				; $708C S.z.S.z#
7094: 7E326B69
7098: AF32D379  			defb $7E,$32,$6B,$69,$AF,$32,$D3,$79				; $7094 ~2ki.2.y
709C: 32437632
70A0: EE6A32F3  			defb $32,$43,$76,$32,$EE,$6A,$32,$F3				; $709C 2Cv2.j2.
70A4: 6A32948F
70A8: 321A7121  			defb $6A,$32,$94,$8F,$32,$1A,$71,$21				; $70A4 j2..2.q!
70AC: 00002273
70B0: 79CD3579  			defb $00,$00,$22,$73,$79,$CD,$35,$79				; $70AC .."sy.5y
70B4: CDAA66CD
70B8: FF77CD1E  			defb $CD,$AA,$66,$CD,$FF,$77,$CD,$1E				; $70B4 ..f..w..
70BC: 72ED5B69
70C0: 69424BCD  			defb $72,$ED,$5B,$69,$69,$42,$4B,$CD				; $70BC r.[iiBK.
70C4: 5369C3E7
70C8: 66209006  			defb $53,$69,$C3,$E7,$66,$20,$90,$06				; $70C4 Si..f ..
70CC: 00F40101
70D0: 00605006  			defb $00,$F4,$01,$01,$00,$60,$50,$06				; $70CC .....`P.
70D4: 15EE02FF
70D8: 00606008  			defb $15,$EE,$02,$FF,$00,$60,$60,$08				; $70D4 .....``.
70DC: 2B8403FF
70E0: 0000F5C5  			defb $2B,$84,$03,$FF,$00,$00,$F5,$C5				; $70DC +.......
70E4: D5E51515
70E8: 15151D1D  			defb $D5,$E5,$15,$15,$15,$15,$1D,$1D				; $70E4 ........
70EC: C3F374F5
70F0: C5D5E54B  			defb $C3,$F3,$74,$F5,$C5,$D5,$E5,$4B				; $70EC ..t....K
70F4: 42213375
70F8: 7EFEFF20  			defb $42,$21,$33,$75,$7E,$FE,$FF,$20				; $70F4 B!3u~.. 
70FC: 05E1D1C1
7100: F1C95F23  			defb $05,$E1,$D1,$C1,$F1,$C9,$5F,$23				; $70FC ......_#
7104: 5623E5CD
7108: 0268B728  			defb $56,$23,$E5,$CD,$02,$68,$B7,$28				; $7104 V#...h.(
710C: 22CD8F67
7110: 7EB7281B  			defb $22,$CD,$8F,$67,$7E,$B7,$28,$1B				; $710C "..g~.(.
7114: CDEA887E
7118: 21F9C6CD  			defb $CD,$EA,$88,$7E,$21,$F9,$C6,$CD				; $7114 ...~!...
711C: DBA4CDE0
7120: 6D110479  			defb $DB,$A4,$CD,$E0,$6D,$11,$04,$79				; $711C ....m..y
7124: CDD478CD
7128: 8E783E04  			defb $CD,$D4,$78,$CD,$8E,$78,$3E,$04				; $7124 ..x..x>.
712C: CDB085E1
7130: C3F87445  			defb $CD,$B0,$85,$E1,$C3,$F8,$74,$45				; $712C ......tE
7134: 54524945
7138: 5645204F  			defb $54,$52,$49,$45,$56,$45,$20,$4F				; $7134 TRIEVE O
713C: 4C442043
7140: 4F4F5244  			defb $4C,$44,$20,$43,$4F,$4F,$52,$44				; $713C LD COORD
7144: 530D0A09
7148: 4C440941  			defb $53,$0D,$0A,$09,$4C,$44,$09,$41				; $7144 S...LD.A
714C: 2C450D0A
7150: 09414E44  			defb $2C,$45,$0D,$0A,$09,$41,$4E,$44				; $714C ,E...AND
7154: 09303131
7158: 31313130  			defb $09,$30,$31,$31,$31,$31,$31,$30				; $7154 .0111110
715C: 30420D0A
7160: 09525243  			defb $30,$42,$0D,$0A,$09,$52,$52,$43				; $715C 0B...RRC
7164: 410D0A09
7168: 52524341  			defb $41,$0D,$0A,$09,$52,$52,$43,$41				; $7164 A...RRCA
716C: 0D0A094C
7170: 44092824  			defb $0D,$0A,$09,$4C,$44,$09,$28,$24				; $716C ...LD.($
7174: 332B3129
7178: 2C410D0A  			defb $33,$2B,$31,$29,$2C,$41,$0D,$0A				; $7174 3+1),A..
717C: 094C4409
7180: 432C44FF  			defb $09,$4C,$44,$09,$43,$2C,$44,$FF				; $717C .LD.C,D.
7184: 21A3757E
7188: FEFFC85F  			defb $21,$A3,$75,$7E,$FE,$FF,$C8,$5F				; $7184 !.u~..._
718C: 1C1C2356
7190: 7AD60857  			defb $1C,$1C,$23,$56,$7A,$D6,$08,$57				; $718C ..#Vz..W
7194: 233E01CD
7198: 7966C642  			defb $23,$3E,$01,$CD,$79,$66,$C6,$42				; $7194 #>..yf.B
719C: 4FCD8B6E
71A0: C3877549  			defb $4F,$CD,$8B,$6E,$C3,$87,$75,$49				; $719C O..n..uI
71A4: 54452041
71A8: 44445245  			defb $54,$45,$20,$41,$44,$44,$52,$45				; $71A4 TE ADDRE
71AC: 53530D0A
71B0: 09455858  			defb $53,$53,$0D,$0A,$09,$45,$58,$58				; $71AC SS...EXX
71B4: 0D0A0DFF
71B8: ED5B4476  			defb $0D,$0A,$0D,$FF,$ED,$5B,$44,$76				; $71B4 .....[Dv
71BC: 7BFEFFC8
71C0: 3A4376B7  			defb $7B,$FE,$FF,$C8,$3A,$43,$76,$B7				; $71BC {...:Cv.
71C4: CADC753D
71C8: 324376C0  			defb $CA,$DC,$75,$3D,$32,$43,$76,$C0				; $71C4 ..u=2Cv.
71CC: CD47763A
71D0: E1743CFE  			defb $CD,$47,$76,$3A,$E1,$74,$3C,$FE				; $71CC .Gv:.t<.
71D4: 03C26574
71D8: AFC36574  			defb $03,$C2,$65,$74,$AF,$C3,$65,$74				; $71D4 ..et..et
71DC: 2A69697A
71E0: D610BCD0  			defb $2A,$69,$69,$7A,$D6,$10,$BC,$D0				; $71DC *iiz....
71E4: 7B2C2CBD
71E8: D0C6082D  			defb $7B,$2C,$2C,$BD,$D0,$C6,$08,$2D				; $71E4 {,,....-
71EC: 2D2D2DBD
71F0: D821F9C6  			defb $2D,$2D,$2D,$BD,$D8,$21,$F9,$C6				; $71EC ---..!..
71F4: 3E83CDDB
71F8: A43E0CCD  			defb $3E,$83,$CD,$DB,$A4,$3E,$0C,$CD				; $71F4 >....>..
71FC: A29F7BC6
7200: 085F21F9  			defb $A2,$9F,$7B,$C6,$08,$5F,$21,$F9				; $71FC ..{.._!.
7204: C63E84CD
7208: DBA43E0D  			defb $C6,$3E,$84,$CD,$DB,$A4,$3E,$0D				; $7204 .>....>.
720C: CDA29F7A
7210: D610577B  			defb $CD,$A2,$9F,$7A,$D6,$10,$57,$7B				; $720C ...z..W{
7214: D6045F3E
7218: 0ECDA29F  			defb $D6,$04,$5F,$3E,$0E,$CD,$A2,$9F				; $7214 .._>....
721C: 3EFF3294
7220: 8F3E4032  			defb $3E,$FF,$32,$94,$8F,$3E,$40,$32				; $721C >.2..>@2
7224: 4376ED5B
7228: 6969424B  			defb $43,$76,$ED,$5B,$69,$69,$42,$4B				; $7224 Cv.[iiBK
722C: 21F9C622
7230: 6D6922EF  			defb $21,$F9,$C6,$22,$6D,$69,$22,$EF				; $722C !.."mi".
7234: 6A22F46A
7238: CD5369AF  			defb $6A,$22,$F4,$6A,$CD,$53,$69,$AF				; $7234 j".j.Si.
723C: 32EE6A32
7240: F36AC900  			defb $32,$EE,$6A,$32,$F3,$6A,$C9,$00				; $723C 2.j2.j..
7244: 0000FFCD
7248: C066AF32  			defb $00,$00,$FF,$CD,$C0,$66,$AF,$32				; $7244 .....f.2
724C: 6A693E4A
7250: 324B74CD  			defb $6A,$69,$3E,$4A,$32,$4B,$74,$CD				; $724C ji>J2Kt.
7254: 1E721138
7258: 103E0CCD  			defb $1E,$72,$11,$38,$10,$3E,$0C,$CD				; $7254 .r.8.>..
725C: A29F7BC6
7260: 085F3E0D  			defb $A2,$9F,$7B,$C6,$08,$5F,$3E,$0D				; $725C ..{.._>.
7264: CDA29F7A
7268: D610577B  			defb $CD,$A2,$9F,$7A,$D6,$10,$57,$7B				; $7264 ...z..W{
726C: D6045F3E
7270: 0ECDA29F  			defb $D6,$04,$5F,$3E,$0E,$CD,$A2,$9F				; $726C .._>....
7274: 0660C576
7278: 76CD4EA0  			defb $06,$60,$C5,$76,$76,$CD,$4E,$A0				; $7274 .`.vv.N.
727C: CD86A0C1
7280: 10F43AD3  			defb $CD,$86,$A0,$C1,$10,$F4,$3A,$D3				; $727C ......:.
7284: 79FE11D2
7288: BB762A73  			defb $79,$FE,$11,$D2,$BB,$76,$2A,$73				; $7284 y....v*s
728C: 7911DC05
7290: A7ED5238  			defb $79,$11,$DC,$05,$A7,$ED,$52,$38				; $728C y.....R8
7294: 26216D79
7298: 111A7701  			defb $26,$21,$6D,$79,$11,$1A,$77,$01				; $7294 &!my..w.
729C: 0500EDB0
72A0: 21CC76CD  			defb $05,$00,$ED,$B0,$21,$CC,$76,$CD				; $729C ....!.v.
72A4: 296B21D3
72A8: 78341172  			defb $29,$6B,$21,$D3,$78,$34,$11,$72				; $72A4 )k!.x4.r
72AC: 79CDD478
72B0: CD8F683A  			defb $79,$CD,$D4,$78,$CD,$8F,$68,$3A				; $72AC y..x..h:
72B4: AA68B7CA
72B8: B076C921  			defb $AA,$68,$B7,$CA,$B0,$76,$C9,$21				; $72B4 .h...v.!
72BC: 3077CD29
72C0: 6BCD8F68  			defb $30,$77,$CD,$29,$6B,$CD,$8F,$68				; $72BC 0w.)k..h
72C4: 3AAA68B7
72C8: CAC176C9  			defb $3A,$AA,$68,$B7,$CA,$C1,$76,$C9				; $72C4 :.h...v.
72CC: E6F1C2E0
72D0: 45DF1303  			defb $E6,$F1,$C2,$E0,$45,$DF,$13,$03				; $72CC ....E...
72D4: 57454C4C
72D8: 20444F4E  			defb $57,$45,$4C,$4C,$20,$44,$4F,$4E				; $72D4 WELL DON
72DC: 45204359
72E0: 4245524E  			defb $45,$20,$43,$59,$42,$45,$52,$4E				; $72DC E CYBERN
72E4: 4F494420
72E8: 50494C4F  			defb $4F,$49,$44,$20,$50,$49,$4C,$4F				; $72E4 OID PILO
72EC: 54217AE4
72F0: 594F5552  			defb $54,$21,$7A,$E4,$59,$4F,$55,$52				; $72EC T!z.YOUR
72F4: 20534B49
72F8: 4C4C2048  			defb $20,$53,$4B,$49,$4C,$4C,$20,$48				; $72F4  SKILL H
72FC: 41532045
7300: 41524E45  			defb $41,$53,$20,$45,$41,$52,$4E,$45				; $72FC AS EARNE
7304: 4420414E
7308: 4F544845  			defb $44,$20,$41,$4E,$4F,$54,$48,$45				; $7304 D ANOTHE
730C: 527AE343
7310: 52414654  			defb $52,$7A,$E3,$43,$52,$41,$46,$54				; $730C Rz.CRAFT
7314: 20414E44
7318: 20DD3030  			defb $20,$41,$4E,$44,$20,$DD,$30,$30				; $7314  AND .00
731C: 30303030
7320: DC20424F  			defb $30,$30,$30,$30,$DC,$20,$42,$4F				; $731C 0000. BO
7324: 4E555320
7328: 504F494E  			defb $4E,$55,$53,$20,$50,$4F,$49,$4E				; $7324 NUS POIN
732C: 54532EFF
7330: E6F1C2E0  			defb $54,$53,$2E,$FF,$E6,$F1,$C2,$E0				; $732C TS......
7334: 43DF1303
7338: 594F5520  			defb $43,$DF,$13,$03,$59,$4F,$55,$20				; $7334 C...YOU 
733C: 48415645
7340: 20464149  			defb $48,$41,$56,$45,$20,$46,$41,$49				; $733C HAVE FAI
7344: 4C454420
7348: 544F2052  			defb $4C,$45,$44,$20,$54,$4F,$20,$52				; $7344 LED TO R
734C: 45545245
7350: 4956457A  			defb $45,$54,$52,$45,$49,$56,$45,$7A				; $734C ETREIVEz
7354: E2412043
7358: 4152474F  			defb $E2,$41,$20,$43,$41,$52,$47,$4F				; $7354 .A CARGO
735C: 2056414C
7360: 5545204F  			defb $20,$56,$41,$4C,$55,$45,$20,$4F				; $735C  VALUE O
7364: 46203135
7368: 30302057  			defb $46,$20,$31,$35,$30,$30,$20,$57				; $7364 F 1500 W
736C: 49544849
7370: 4E205448  			defb $49,$54,$48,$49,$4E,$20,$54,$48				; $736C ITHIN TH
7374: 457AE454
7378: 494D4520  			defb $45,$7A,$E4,$54,$49,$4D,$45,$20				; $7374 Ez.TIME 
737C: 414C4C4F
7380: 43415445  			defb $41,$4C,$4C,$4F,$43,$41,$54,$45				; $737C ALLOCATE
7384: 44202D20
7388: 42414420  			defb $44,$20,$2D,$20,$42,$41,$44,$20				; $7384 D - BAD 
738C: 4C55434B
7390: FFFF0600  			defb $4C,$55,$43,$4B,$FF,$FF,$06,$00				; $738C LUCK....
7394: 87000087
7398: FF0C0087  			defb $87,$00,$00,$87,$FF,$0C,$00,$87				; $7394 ........
739C: 000087FF
73A0: 09000B00  			defb $00,$00,$87,$FF,$09,$00,$0B,$00				; $739C ........
73A4: 008B0000
73A8: 8BFF0900  			defb $00,$8B,$00,$00,$8B,$FF,$09,$00				; $73A4 ........
73AC: 0A000087
73B0: 000087FF  			defb $0A,$00,$00,$87,$00,$00,$87,$FF				; $73AC ........
73B4: 09000900
73B8: 00870000  			defb $09,$00,$09,$00,$00,$87,$00,$00				; $73B4 ........
73BC: 87004646
73C0: FF050006  			defb $87,$00,$46,$46,$FF,$05,$00,$06				; $73BC ..FF....
73C4: 07080088
73C8: 898A8800  			defb $07,$08,$00,$88,$89,$8A,$88,$00				; $73C4 ........
73CC: 4C4D4600
73D0: 00FF0514  			defb $4C,$4D,$46,$00,$00,$FF,$05,$14				; $73CC LMF.....
73D4: 9AFF049B
73D8: 9CFF0514  			defb $9A,$FF,$04,$9B,$9C,$FF,$05,$14				; $73D4 ........
73DC: FF3000E5
73E0: CD4411C2  			defb $FF,$30,$00,$E5,$CD,$44,$11,$C2				; $73DC .0...D..
73E4: B50ACDEF
73E8: 0BCDE10B  			defb $B5,$0A,$CD,$EF,$0B,$CD,$E1,$0B				; $73E4 ........
73EC: E118E819
73F0: 11004019  			defb $E1,$18,$E8,$19,$11,$00,$40,$19				; $73EC ......@.
73F4: E536FA23
73F8: 35233597  			defb $E5,$36,$FA,$23,$35,$23,$35,$97				; $73F4 .6.#5#5.
73FC: 326E0A21
7400: 1478CD29  			defb $32,$6E,$0A,$21,$14,$78,$CD,$29				; $73FC 2n.!.x.)
7404: 6BCD8E78
7408: CDAF78CD  			defb $6B,$CD,$8E,$78,$CD,$AF,$78,$CD				; $7404 k..x..x.
740C: C878CDA9
7410: 79C3727B  			defb $C8,$78,$CD,$A9,$79,$C3,$72,$7B				; $740C .x..y.r{
7414: DF0000E6
7418: D1C5DE18  			defb $DF,$00,$00,$E6,$D1,$C5,$DE,$18				; $7414 ........
741C: DCE41E19
7420: DE1ADF03  			defb $DC,$E4,$1E,$19,$DE,$1A,$DF,$03				; $741C ........
7424: 00DE1BDC
7428: E41E1CDE  			defb $00,$DE,$1B,$DC,$E4,$1E,$1C,$DE				; $7424 ........
742C: 1DDF0101
7430: DE0001AD  			defb $1D,$DF,$01,$01,$DE,$00,$01,$AD				; $742C ........
7434: 0203DF01
7438: 06DC0ADB  			defb $02,$03,$DF,$01,$06,$DC,$0A,$DB				; $7434 ........
743C: 0BAD0CD3
7440: 0DDF010F  			defb $0B,$AD,$0C,$D3,$0D,$DF,$01,$0F				; $743C ........
7444: DE04DD05
7448: ADDD06D5  			defb $DE,$04,$DD,$05,$AD,$DD,$06,$D5				; $7444 ........
744C: 077802DA
7450: 08D209DF  			defb $07,$78,$02,$DA,$08,$D2,$09,$DF				; $744C .x......
7454: 0118DA0E
7458: D20FAD10  			defb $01,$18,$DA,$0E,$D2,$0F,$AD,$10				; $7454 ........
745C: D911DF01
7460: 00DC1EAE  			defb $D9,$11,$DF,$01,$00,$DC,$1E,$AE				; $745C ........
7464: 1EDF011F
7468: DC1EAE1E  			defb $1E,$DF,$01,$1F,$DC,$1E,$AE,$1E				; $7464 ........
746C: DF0005E3
7470: 7F78DF00  			defb $DF,$00,$05,$E3,$7F,$78,$DF,$00				; $746C .....x..
7474: 0EE37F78
7478: DF0017E3  			defb $0E,$E3,$7F,$78,$DF,$00,$17,$E3				; $7474 ...x....
747C: 7F78FFDE
7480: 1FD423AD  			defb $7F,$78,$FF,$DE,$1F,$D4,$23,$AD				; $747C .x....#.
7484: DE20AED6
7488: 21AE22D4  			defb $DE,$20,$AE,$D6,$21,$AE,$22,$D4				; $7484 . ..!.".
748C: 24FFF5C5
7490: D5E50E45  			defb $24,$FF,$F5,$C5,$D5,$E5,$0E,$45				; $748C $......E
7494: 21F1C222
7498: 556C21F9  			defb $21,$F1,$C2,$22,$55,$6C,$21,$F9				; $7494 !.."Ul!.
749C: 78110801
74A0: 06067ECD  			defb $78,$11,$08,$01,$06,$06,$7E,$CD				; $749C x.....~.
74A4: 4A6C1C23
74A8: 10F8E1D1  			defb $4A,$6C,$1C,$23,$10,$F8,$E1,$D1				; $74A4 Jl.#....
74AC: C1F1C921
74B0: F1C22255  			defb $C1,$F1,$C9,$21,$F1,$C2,$22,$55				; $74AC ...!.."U
74B4: 6C0E4321
74B8: 6C791108  			defb $6C,$0E,$43,$21,$6C,$79,$11,$08				; $74B4 l.C!ly..
74BC: 0206067E
74C0: CD4A6C1C  			defb $02,$06,$06,$7E,$CD,$4A,$6C,$1C				; $74BC ...~.Jl.
74C4: 2310F8C9
74C8: 3AD37811  			defb $23,$10,$F8,$C9,$3A,$D3,$78,$11				; $74C4 #...:.x.
74CC: 03020E46
74D0: C3777900  			defb $03,$02,$0E,$46,$C3,$77,$79,$00				; $74CC ...F.wy.
74D4: F5C5D5E5
74D8: 0E0021FE  			defb $F5,$C5,$D5,$E5,$0E,$00,$21,$FE				; $74D4 ......!.
74DC: 7806061A
74E0: 86D63081  			defb $78,$06,$06,$1A,$86,$D6,$30,$81				; $74DC x.....0.
74E4: FE3A0E01
74E8: 3804D60A  			defb $FE,$3A,$0E,$01,$38,$04,$D6,$0A				; $74E4 .:..8...
74EC: 18010D77
74F0: 2B1B10EB  			defb $18,$01,$0D,$77,$2B,$1B,$10,$EB				; $74EC ...w+...
74F4: E1D1C1F1
74F8: C9303030  			defb $E1,$D1,$C1,$F1,$C9,$30,$30,$30				; $74F4 .....000
74FC: 30303030
7500: 30303032  			defb $30,$30,$30,$30,$30,$30,$30,$32				; $74FC 00000002
7504: 35303030
7508: 31303030  			defb $35,$30,$30,$30,$31,$30,$30,$30				; $7504 50001000
750C: 30303235
7510: 30303030  			defb $30,$30,$32,$35,$30,$30,$30,$30				; $750C 00250000
7514: 35303030
7518: 30313030  			defb $35,$30,$30,$30,$30,$31,$30,$30				; $7514 50000100
751C: 30303032
7520: 30303030  			defb $30,$30,$30,$32,$30,$30,$30,$30				; $751C 00020000
7524: 30353030
7528: 30303130  			defb $30,$35,$30,$30,$30,$30,$31,$30				; $7524 05000010
752C: 30303030
7530: 32303030  			defb $30,$30,$30,$30,$32,$30,$30,$30				; $752C 00002000
7534: 302A7379
7538: DD216D79  			defb $30,$2A,$73,$79,$DD,$21,$6D,$79				; $7534 0*sy.!my
753C: FD216279
7540: 3E30FD5E  			defb $FD,$21,$62,$79,$3E,$30,$FD,$5E				; $753C .!by>0.^
7544: 00FD5601
7548: B7ED5238  			defb $00,$FD,$56,$01,$B7,$ED,$52,$38				; $7544 ..V...R8
754C: 033C18F8
7550: 19DD7700  			defb $03,$3C,$18,$F8,$19,$DD,$77,$00				; $754C .<....w.
7554: DD23FD23
7558: FD23DD7E  			defb $DD,$23,$FD,$23,$FD,$23,$DD,$7E				; $7554 .#.#.#.~
755C: 00FEFFC8
7560: 18DE1027  			defb $00,$FE,$FF,$C8,$18,$DE,$10,$27				; $755C .......'
7564: E8036400
7568: 0A000100  			defb $E8,$03,$64,$00,$0A,$00,$01,$00				; $7564 ..d.....
756C: 30303030
7570: 3030FF00  			defb $30,$30,$30,$30,$30,$30,$FF,$00				; $756C 000000..
7574: 000000C5
7578: E521F1C2  			defb $00,$00,$00,$C5,$E5,$21,$F1,$C2				; $7574 .....!..
757C: 22556C06
7580: 64CD9179  			defb $22,$55,$6C,$06,$64,$CD,$91,$79				; $757C "Ul.d..y
7584: 060ACD91
7588: 790601CD  			defb $06,$0A,$CD,$91,$79,$06,$01,$CD				; $7584 ....y...
758C: 9179E1C1
7590: C92E0090  			defb $91,$79,$E1,$C1,$C9,$2E,$00,$90				; $758C .y......
7594: 38032C18
7598: FA80F578  			defb $38,$03,$2C,$18,$FA,$80,$F5,$78				; $7594 8.,....x
759C: FE642807
75A0: 7DC630CD  			defb $FE,$64,$28,$07,$7D,$C6,$30,$CD				; $759C .d(.}.0.
75A4: 4A6C1CF1
75A8: C921BE79  			defb $4A,$6C,$1C,$F1,$C9,$21,$BE,$79				; $75A4 Jl...!.y
75AC: CD296B3A
75B0: D379B7C8  			defb $CD,$29,$6B,$3A,$D3,$79,$B7,$C8				; $75AC .)k:.y..
75B4: 1E7B47CD
75B8: D4791D10  			defb $1E,$7B,$47,$CD,$D4,$79,$1D,$10				; $75B4 .{G..y..
75BC: FAC9DF01
75C0: 1DE6D1C5  			defb $FA,$C9,$DF,$01,$1D,$E6,$D1,$C5				; $75BC ........
75C4: E00512DC
75C8: 13ABD314  			defb $E0,$05,$12,$DC,$13,$AB,$D3,$14				; $75C4 ........
75CC: DB15D416
75D0: DC17FF00  			defb $DB,$15,$D4,$16,$DC,$17,$FF,$00				; $75CC ........
75D4: F5C5E57B
75D8: E6036F26  			defb $F5,$C5,$E5,$7B,$E6,$03,$6F,$26				; $75D4 ...{..o&
75DC: 0001FA79
75E0: 094E2120  			defb $00,$01,$FA,$79,$09,$4E,$21,$20				; $75DC ...y.N! 
75E4: 407BE6FC
75E8: 0F0F856F  			defb $40,$7B,$E6,$FC,$0F,$0F,$85,$6F				; $75E4 @{.....o
75EC: 061079A6
75F0: 77CD4C67  			defb $06,$10,$79,$A6,$77,$CD,$4C,$67				; $75EC ..y.w.Lg
75F4: 10F8E1C1
75F8: F1C93FCF  			defb $10,$F8,$E1,$C1,$F1,$C9,$3F,$CF				; $75F4 ......?.
75FC: F3FC2A1B
7600: 7A2B221B  			defb $F3,$FC,$2A,$1B,$7A,$2B,$22,$1B				; $75FC ..*.z+".
7604: 7A7DB4C0
7608: 2A1D7A22  			defb $7A,$7D,$B4,$C0,$2A,$1D,$7A,$22				; $7604 z}..*.z"
760C: 1B7A3AD3
7610: 79FE11C8  			defb $1B,$7A,$3A,$D3,$79,$FE,$11,$C8				; $760C .z:.y...
7614: 3C32D379
7618: C3A97900  			defb $3C,$32,$D3,$79,$C3,$A9,$79,$00				; $7614 <2.y..y.
761C: 000000F5
7620: C5E57BE6  			defb $00,$00,$00,$F5,$C5,$E5,$7B,$E6				; $761C ......{.
7624: 036F2600
7628: 014C7A09  			defb $03,$6F,$26,$00,$01,$4C,$7A,$09				; $7624 .o&..Lz.
762C: 4ECD3B67
7630: 79AE777C  			defb $4E,$CD,$3B,$67,$79,$AE,$77,$7C				; $762C N.;gy.w|
7634: 0F0F0FE6
7638: 03670100  			defb $0F,$0F,$0F,$E6,$03,$67,$01,$00				; $7634 .....g..
763C: 5B097EB7
7640: 20060100  			defb $5B,$09,$7E,$B7,$20,$06,$01,$00				; $763C [.~. ...
7644: FD093647
7648: E1C1F1C9  			defb $FD,$09,$36,$47,$E1,$C1,$F1,$C9				; $7644 ..6G....
764C: C0300C03
7650: 3A948FB7  			defb $C0,$30,$0C,$03,$3A,$94,$8F,$B7				; $764C .0..:...
7654: C03AAA68
7658: B7200432  			defb $C0,$3A,$AA,$68,$B7,$20,$04,$32				; $7654 .:.h. .2
765C: E97AC93A
7660: E97AB728  			defb $E9,$7A,$C9,$3A,$E9,$7A,$B7,$28				; $765C .z.:.z.(
7664: 063CC832
7668: E97AC93C  			defb $06,$3C,$C8,$32,$E9,$7A,$C9,$3C				; $7664 .<.2.z.<
766C: 32E97AED
7670: 5B69693A  			defb $32,$E9,$7A,$ED,$5B,$69,$69,$3A				; $766C 2.z.[ii:
7674: B47AEE04
7678: 32B47A82  			defb $B4,$7A,$EE,$04,$32,$B4,$7A,$82				; $7674 .z..2.z.
767C: 573A6B69
7680: FEFF3E05  			defb $57,$3A,$6B,$69,$FE,$FF,$3E,$05				; $767C W:ki..>.
7684: 20023E01
7688: 835F3A6B  			defb $20,$02,$3E,$01,$83,$5F,$3A,$6B				; $7684  .>.._:k
768C: 698787CD
7690: B57A3AEE  			defb $69,$87,$87,$CD,$B5,$7A,$3A,$EE				; $768C i....z:.
7694: 6AB7C8ED
7698: 5B69693A  			defb $6A,$B7,$C8,$ED,$5B,$69,$69,$3A				; $7694 j...[ii:
769C: 6B69FEFF
76A0: 3E0E0E04  			defb $6B,$69,$FE,$FF,$3E,$0E,$0E,$04				; $769C ki..>...
76A4: 28043EFA
76A8: 0EFC835F  			defb $28,$04,$3E,$FA,$0E,$FC,$83,$5F				; $76A4 (.>...._
76AC: 7AC60457
76B0: 79C3B57A  			defb $7A,$C6,$04,$57,$79,$C3,$B5,$7A				; $76AC z..Wy..z
76B4: 0A087BFE
76B8: 7CD02136  			defb $0A,$08,$7B,$FE,$7C,$D0,$21,$36				; $76B4 ..{.|.!6
76BC: 7BCB7EC0
76C0: 23237E23  			defb $7B,$CB,$7E,$C0,$23,$23,$7E,$23				; $76BC {.~.##~#
76C4: B720F608
76C8: 2B772B72  			defb $B7,$20,$F6,$08,$2B,$77,$2B,$72				; $76C4 . ..+w+r
76CC: 2B733E05
76D0: CDB085E5  			defb $2B,$73,$3E,$05,$CD,$B0,$85,$E5				; $76CC +s>.....
76D4: D51E1ACD
76D8: 42EFD1CD  			defb $D5,$1E,$1A,$CD,$42,$EF,$D1,$CD				; $76D4 ....B...
76DC: 8F677EB6
76E0: E1CA1F7A  			defb $8F,$67,$7E,$B6,$E1,$CA,$1F,$7A				; $76DC .g~....z
76E4: 23233600
76E8: C9003E03  			defb $23,$23,$36,$00,$C9,$00,$3E,$03				; $76E4 ##6...>.
76EC: CDB96721
76F0: 367B5ECB  			defb $CD,$B9,$67,$21,$36,$7B,$5E,$CB				; $76EC ..g!6{^.
76F4: 7BC02356
76F8: 237E23B7  			defb $7B,$C0,$23,$56,$23,$7E,$23,$B7				; $76F4 {.#V#~#.
76FC: 28F44B83
7700: FE7C3023  			defb $28,$F4,$4B,$83,$FE,$7C,$30,$23				; $76FC (.K..|0#
7704: 08E5CD8F
7708: 677EE1B7  			defb $08,$E5,$CD,$8F,$67,$7E,$E1,$B7				; $7704 ....g~..
770C: 2019CD75
7710: 9AC2277B  			defb $20,$19,$CD,$75,$9A,$C2,$27,$7B				; $770C  ..u..'{
7714: 085F2B2B
7718: 2B772323  			defb $08,$5F,$2B,$2B,$2B,$77,$23,$23				; $7714 ._+++w##
771C: 23CD1F7A
7720: 59CD1F7A  			defb $23,$CD,$1F,$7A,$59,$CD,$1F,$7A				; $771C #..zY..z
7724: C3F27ACD
7728: 1F7A2B36  			defb $C3,$F2,$7A,$CD,$1F,$7A,$2B,$36				; $7724 ..z..z+6
772C: 0023CDBF
7730: 8ACDEF74  			defb $00,$23,$CD,$BF,$8A,$CD,$EF,$74				; $772C .#.....t
7734: 18BC0A09
7738: 4C440948  			defb $18,$BC,$0A,$09,$4C,$44,$09,$48				; $7734 ....LD.H
773C: 2C300D0A
7740: 09414444  			defb $2C,$30,$0D,$0A,$09,$41,$44,$44				; $773C ,0...ADD
7744: 09484C2C
7748: FF003EF7  			defb $09,$48,$4C,$2C,$FF,$00,$3E,$F7				; $7744 .HL,..>.
774C: DBFEE61F
7750: FE1F2005  			defb $DB,$FE,$E6,$1F,$FE,$1F,$20,$05				; $774C ...... .
7754: AF32497B
7758: C9573A49  			defb $AF,$32,$49,$7B,$C9,$57,$3A,$49				; $7754 .2I{.W:I
775C: 7BB7C03C
7760: 32497B7A  			defb $7B,$B7,$C0,$3C,$32,$49,$7B,$7A				; $775C {..<2I{z
7764: 0100050F
7768: 30040C10  			defb $01,$00,$05,$0F,$30,$04,$0C,$10				; $7764 ....0...
776C: FAC97932
7770: FA7B0E47  			defb $FA,$C9,$79,$32,$FA,$7B,$0E,$47				; $776C ..y2.{.G
7774: 3AFA7B21
7778: F1C22255  			defb $3A,$FA,$7B,$21,$F1,$C2,$22,$55				; $7774 :.{!.."U
777C: 6C878787
7780: 876F2600  			defb $6C,$87,$87,$87,$87,$6F,$26,$00				; $777C l....o&.
7784: 11AA7B19
7788: 11110106  			defb $11,$AA,$7B,$19,$11,$11,$01,$06				; $7784 ..{.....
778C: 067ECD4A
7790: 6C231C10  			defb $06,$7E,$CD,$4A,$6C,$23,$1C,$10				; $778C .~.Jl#..
7794: F8110500
7798: 19111102  			defb $F8,$11,$05,$00,$19,$11,$11,$02				; $7794 ........
779C: 7ECD7779
77A0: 23232323  			defb $7E,$CD,$77,$79,$23,$23,$23,$23				; $779C ~.wy####
77A4: 7E1E15C3
77A8: 7779424F  			defb $7E,$1E,$15,$C3,$77,$79,$42,$4F				; $77A4 ~...wyBO
77AC: 4D425320
77B0: 20202020  			defb $4D,$42,$53,$20,$20,$20,$20,$20				; $77AC MBS     
77B4: 20005C7C
77B8: 14144D49  			defb $20,$00,$5C,$7C,$14,$14,$4D,$49				; $77B4  .\|..MI
77BC: 4E455320
77C0: 20202020  			defb $4E,$45,$53,$20,$20,$20,$20,$20				; $77BC NES     
77C4: 2000CE7D
77C8: 14145348  			defb $20,$00,$CE,$7D,$14,$14,$53,$48				; $77C4  ..}..SH
77CC: 49454C44
77D0: 20202020  			defb $49,$45,$4C,$44,$20,$20,$20,$20				; $77CC IELD    
77D4: 2000767E
77D8: 0101424F  			defb $20,$00,$76,$7E,$01,$01,$42,$4F				; $77D4  .v~..BO
77DC: 554E4345
77E0: 20202020  			defb $55,$4E,$43,$45,$20,$20,$20,$20				; $77DC UNCE    
77E4: 2000957E
77E8: 05055345  			defb $20,$00,$95,$7E,$05,$05,$53,$45				; $77E4  ..~..SE
77EC: 454B4552
77F0: 20202020  			defb $45,$4B,$45,$52,$20,$20,$20,$20				; $77EC EKER    
77F4: 20000E80
77F8: 05050000  			defb $20,$00,$0E,$80,$05,$05,$00,$00				; $77F4  .......
77FC: 11100006
7800: 05DD21AA  			defb $11,$10,$00,$06,$05,$DD,$21,$AA				; $77FC ......!.
7804: 7BDD7E0E
7808: DD770BDD  			defb $7B,$DD,$7E,$0E,$DD,$77,$0B,$DD				; $7804 {.~..w..
780C: 1910F6C9
7810: 3A948FB7  			defb $19,$10,$F6,$C9,$3A,$94,$8F,$B7				; $780C ....:...
7814: C0ED5B69
7818: 697BFE79  			defb $C0,$ED,$5B,$69,$69,$7B,$FE,$79				; $7814 ..[ii{.y
781C: D07AFEB1
7820: D0FE20D8  			defb $D0,$7A,$FE,$B1,$D0,$FE,$20,$D8				; $781C .z.... .
7824: 3AE97AFE
7828: 05D82AFA  			defb $3A,$E9,$7A,$FE,$05,$D8,$2A,$FA				; $7824 :.z...*.
782C: 7B292929
7830: 2901B57B  			defb $7B,$29,$29,$29,$29,$01,$B5,$7B				; $782C {))))..{
7834: 097EB7C8
7838: E5237E23  			defb $09,$7E,$B7,$C8,$E5,$23,$7E,$23				; $7834 .~...#~#
783C: 666FAF32
7840: 547CE9E1  			defb $66,$6F,$AF,$32,$54,$7C,$E9,$E1				; $783C fo.2T|..
7844: 3A547CB7
7848: C87E3D77  			defb $3A,$54,$7C,$B7,$C8,$7E,$3D,$77				; $7844 :T|..~=w
784C: 1111020E
7850: 47C37779  			defb $11,$11,$02,$0E,$47,$C3,$77,$79				; $784C ....G.wy
7854: 00AF3254
7858: 7CC3437C  			defb $00,$AF,$32,$54,$7C,$C3,$43,$7C				; $7854 ..2T|.C|
785C: 21757D3A
7860: 6C69FE02  			defb $21,$75,$7D,$3A,$6C,$69,$FE,$02				; $785C !u}:li..
7864: CA6A7C21
7868: 857DDD21  			defb $CA,$6A,$7C,$21,$85,$7D,$DD,$21				; $7864 .j|!.}.!
786C: 957D3AEA
7870: 65E603C2  			defb $95,$7D,$3A,$EA,$65,$E6,$03,$C2				; $786C .}:.e...
7874: 437C0107
7878: 00DD7E00  			defb $43,$7C,$01,$07,$00,$DD,$7E,$00				; $7874 C|....~.
787C: FEFFCA43
7880: 7CDD7E02  			defb $FE,$FF,$CA,$43,$7C,$DD,$7E,$02				; $787C ...C|.~.
7884: B72805DD
7888: 09C3797C  			defb $B7,$28,$05,$DD,$09,$C3,$79,$7C				; $7884 .(....y|
788C: 3E02CDB0
7890: 85D5E5DD  			defb $3E,$02,$CD,$B0,$85,$D5,$E5,$DD				; $788C >.......
7894: E51E18CD
7898: 42EFDDE1  			defb $E5,$1E,$18,$CD,$42,$EF,$DD,$E1				; $7894 ....B...
789C: E1D1DD36
78A0: 0210DD75  			defb $E1,$D1,$DD,$36,$02,$10,$DD,$75				; $789C ...6...u
78A4: 03DD7404
78A8: 2A696911  			defb $03,$DD,$74,$04,$2A,$69,$69,$11				; $78A4 ..t.*ii.
78AC: 020419DD
78B0: 7500DD74  			defb $02,$04,$19,$DD,$75,$00,$DD,$74				; $78AC ....u..t
78B4: 013A6B69
78B8: 87DD7705  			defb $01,$3A,$6B,$69,$87,$DD,$77,$05				; $78B4 .:ki..w.
78BC: EBFEFE3E
78C0: 012801AF  			defb $EB,$FE,$FE,$3E,$01,$28,$01,$AF				; $78BC ...>.(..
78C4: DD7706CD
78C8: BD803E01  			defb $DD,$77,$06,$CD,$BD,$80,$3E,$01				; $78C4 .w....>.
78CC: 32547CC3
78D0: 437C3E02  			defb $32,$54,$7C,$C3,$43,$7C,$3E,$02				; $78CC 2T|.C|>.
78D4: CDB967DD
78D8: 21957DDD  			defb $CD,$B9,$67,$DD,$21,$95,$7D,$DD				; $78D4 ..g.!.}.
78DC: 7E00FEFF
78E0: C8DD7E02  			defb $7E,$00,$FE,$FF,$C8,$DD,$7E,$02				; $78DC ~.....~.
78E4: B7200801
78E8: 0700DD09  			defb $B7,$20,$08,$01,$07,$00,$DD,$09				; $78E4 . ......
78EC: C3DB7CDD
78F0: 4E020600  			defb $C3,$DB,$7C,$DD,$4E,$02,$06,$00				; $78EC ..|.N...
78F4: DD6E03DD
78F8: 66042B09  			defb $DD,$6E,$03,$DD,$66,$04,$2B,$09				; $78F4 .n..f.+.
78FC: 0D2803DD
7900: 7102DD5E  			defb $0D,$28,$03,$DD,$71,$02,$DD,$5E				; $78FC .(..q..^
7904: 00DD5601
7908: 79FE0B30  			defb $00,$DD,$56,$01,$79,$FE,$0B,$30				; $7904 ..V.y..0
790C: 083AEA65
7910: E601CCBF  			defb $08,$3A,$EA,$65,$E6,$01,$CC,$BF				; $790C .:.e....
7914: 8ADD7E06
7918: CDBD80DD  			defb $8A,$DD,$7E,$06,$CD,$BD,$80,$DD				; $7914 ..~.....
791C: 7E0547E5
7920: CD8F677E  			defb $7E,$05,$47,$E5,$CD,$8F,$67,$7E				; $791C ~.G...g~
7924: E1B72030
7928: 7883FE7C  			defb $E1,$B7,$20,$30,$78,$83,$FE,$7C				; $7924 .. 0x..|
792C: 302A5FDD
7930: 7700DD7E  			defb $30,$2A,$5F,$DD,$77,$00,$DD,$7E				; $792C 0*_.w..~
7934: 0157CD5D
7938: 81201D7E  			defb $01,$57,$CD,$5D,$81,$20,$1D,$7E				; $7934 .W.]. .~
793C: 8257FEB8
7940: 3016CD75  			defb $82,$57,$FE,$B8,$30,$16,$CD,$75				; $793C .W..0..u
7944: 9A2011DD
7948: 7201DD7E  			defb $9A,$20,$11,$DD,$72,$01,$DD,$7E				; $7944 . ..r..~
794C: 060E47CD
7950: ADA4CDBD  			defb $06,$0E,$47,$CD,$AD,$A4,$CD,$BD				; $794C ..G.....
7954: 80C3E77C
7958: AFDD7702  			defb $80,$C3,$E7,$7C,$AF,$DD,$77,$02				; $7954 ...|..w.
795C: CD9A6C3E
7960: 01CDB967  			defb $CD,$9A,$6C,$3E,$01,$CD,$B9,$67				; $795C ..l>...g
7964: CDE274CD
7968: E274CDE2  			defb $CD,$E2,$74,$CD,$E2,$74,$CD,$E2				; $7964 ..t..t..
796C: 743E02CD
7970: B967C3E7  			defb $74,$3E,$02,$CD,$B9,$67,$C3,$E7				; $796C t>...g..
7974: 7C060404
7978: 03030302  			defb $7C,$06,$04,$04,$03,$03,$03,$02				; $7974 |.......
797C: 02020101
7980: 01000000  			defb $02,$02,$01,$01,$01,$00,$00,$00				; $797C ........
7984: 00FAFCFC
7988: FDFDFDFE  			defb $00,$FA,$FC,$FC,$FD,$FD,$FD,$FE				; $7984 ........
798C: FEFEFFFF
7990: FF000000  			defb $FE,$FE,$FF,$FF,$FF,$00,$00,$00				; $798C ........
7994: 00C2166C
7998: DD560DDD  			defb $00,$C2,$16,$6C,$DD,$56,$0D,$DD				; $7994 ...l.V..
799C: 5E0CDD72
79A0: 05DD7304  			defb $5E,$0C,$DD,$72,$05,$DD,$73,$04				; $799C ^..r..s.
79A4: C9000000
79A8: 00000000  			defb $C9,$00,$00,$00,$00,$00,$00,$00				; $79A4 ........
79AC: 38000000
79B0: 64000A00  			defb $38,$00,$00,$00,$64,$00,$0A,$00				; $79AC 8...d...
79B4: 0000000A
79B8: 00000004  			defb $00,$00,$00,$0A,$00,$00,$00,$04				; $79B4 ........
79BC: 00000012
79C0: 00000000  			defb $00,$00,$00,$12,$00,$00,$00,$00				; $79BC ........
79C4: 00000000
79C8: 00000000  			defb $00,$00,$00,$00,$00,$00,$00,$00				; $79C4 ........
79CC: 00FFED5B
79D0: 69691414  			defb $00,$FF,$ED,$5B,$69,$69,$14,$14				; $79CC ...[ii..
79D4: 14141C1C
79D8: AFCDB967  			defb $14,$14,$1C,$1C,$AF,$CD,$B9,$67				; $79D4 .......g
79DC: 21577E7E
79E0: FEFF2813  			defb $21,$57,$7E,$7E,$FE,$FF,$28,$13				; $79DC !W~~..(.
79E4: 4F234623
79E8: 7E23B728  			defb $4F,$23,$46,$23,$7E,$23,$B7,$28				; $79E4 O#F#~#.(
79EC: F2CD0268
79F0: B7C2437C  			defb $F2,$CD,$02,$68,$B7,$C2,$43,$7C				; $79EC ...h..C|
79F4: C3DF7D21
79F8: 577E7EFE  			defb $C3,$DF,$7D,$21,$57,$7E,$7E,$FE				; $79F4 ..}!W~~.
79FC: FFCA437C
7A00: 23237EB7  			defb $FF,$CA,$43,$7C,$23,$23,$7E,$B7				; $79FC ..C|##~.
7A04: 280423C3
7A08: FA7D3601  			defb $28,$04,$23,$C3,$FA,$7D,$36,$01				; $7A04 (.#..}6.
7A0C: 2B722B73
7A10: 3E04CDBD  			defb $2B,$72,$2B,$73,$3E,$04,$CD,$BD				; $7A0C +r+s>...
7A14: 8032547C
7A18: 3E03CDB0  			defb $80,$32,$54,$7C,$3E,$03,$CD,$B0				; $7A14 .2T|>...
7A1C: 85D51E1F
7A20: CD42EFD1  			defb $85,$D5,$1E,$1F,$CD,$42,$EF,$D1				; $7A1C .....B..
7A24: C3437C3E
7A28: 02CDB967  			defb $C3,$43,$7C,$3E,$02,$CD,$B9,$67				; $7A24 .C|>...g
7A2C: 0E472157
7A30: 7E7EFEFF  			defb $0E,$47,$21,$57,$7E,$7E,$FE,$FF				; $7A2C .G!W~~..
7A34: C85F2356
7A38: 237E23B7  			defb $C8,$5F,$23,$56,$23,$7E,$23,$B7				; $7A34 ._#V#~#.
7A3C: CA317ECD
7A40: ADA4CD75  			defb $CA,$31,$7E,$CD,$AD,$A4,$CD,$75				; $7A3C .1~....u
7A44: 9ACA317E
7A48: 2B360023  			defb $9A,$CA,$31,$7E,$2B,$36,$00,$23				; $7A44 ..1~+6.#
7A4C: 3E04CDBD
7A50: 80CDBF8A  			defb $3E,$04,$CD,$BD,$80,$CD,$BF,$8A				; $7A4C >.......
7A54: C3317EA1
7A58: 064206E8  			defb $C3,$31,$7E,$A1,$06,$42,$06,$E8				; $7A54 .1~..B..
7A5C: 05930543
7A60: 05F704B0  			defb $05,$93,$05,$43,$05,$F7,$04,$B0				; $7A5C ...C....
7A64: 046D042D
7A68: 04F103B8  			defb $04,$6D,$04,$2D,$04,$F1,$03,$B8				; $7A64 .m.-....
7A6C: 03830350
7A70: 032103F4  			defb $03,$83,$03,$50,$03,$21,$03,$F4				; $7A6C ...P.!..
7A74: 02FF3A94
7A78: 7EB7C243  			defb $02,$FF,$3A,$94,$7E,$B7,$C2,$43				; $7A74 ..:.~..C
7A7C: 7C3E04CD
7A80: B085D51E  			defb $7C,$3E,$04,$CD,$B0,$85,$D5,$1E				; $7A7C |>......
7A84: 16CD42EF
7A88: D13E5A32  			defb $16,$CD,$42,$EF,$D1,$3E,$5A,$32				; $7A84 ..B..>Z2
7A8C: 947E3254
7A90: 7CC3437C  			defb $94,$7E,$32,$54,$7C,$C3,$43,$7C				; $7A8C .~2T|.C|
7A94: 003A0D80
7A98: B7C2437C  			defb $00,$3A,$0D,$80,$B7,$C2,$43,$7C				; $7A94 .:....C|
7A9C: 3E96320D
7AA0: 803E01CD  			defb $3E,$96,$32,$0D,$80,$3E,$01,$CD				; $7A9C >.2..>..
7AA4: B085D51E
7AA8: 1CCD42EF  			defb $B0,$85,$D5,$1E,$1C,$CD,$42,$EF				; $7AA4 ......B.
7AAC: D1ED5B69
7AB0: 697BE6FC  			defb $D1,$ED,$5B,$69,$69,$7B,$E6,$FC				; $7AAC ..[ii{..
7AB4: 5F7AE6F8
7AB8: 570E0206  			defb $5F,$7A,$E6,$F8,$57,$0E,$02,$06				; $7AB4 _z..W...
7ABC: 04CDE47E
7AC0: 0EFE0604  			defb $04,$CD,$E4,$7E,$0E,$FE,$06,$04				; $7ABC ...~....
7AC4: 7BC6045F
7AC8: CDE47E0E  			defb $7B,$C6,$04,$5F,$CD,$E4,$7E,$0E				; $7AC4 {.._..~.
7ACC: FE06FC7A
7AD0: C60857CD  			defb $FE,$06,$FC,$7A,$C6,$08,$57,$CD				; $7ACC ...z..W.
7AD4: E47E0E02
7AD8: 06FC7BD6  			defb $E4,$7E,$0E,$02,$06,$FC,$7B,$D6				; $7AD4 .~....{.
7ADC: 045FCDE4
7AE0: 7EC3437C  			defb $04,$5F,$CD,$E4,$7E,$C3,$43,$7C				; $7ADC ._..~.C|
7AE4: 21087F7E
7AE8: FEFFC823  			defb $21,$08,$7F,$7E,$FE,$FF,$C8,$23				; $7AE4 !..~...#
7AEC: 2323237E
7AF0: 23B720F3  			defb $23,$23,$23,$7E,$23,$B7,$20,$F3				; $7AEC ###~#. .
7AF4: 2B36012B
7AF8: 702B712B  			defb $2B,$36,$01,$2B,$70,$2B,$71,$2B				; $7AF4 +6.+p+q+
7AFC: 722B733E
7B00: 05CDBD80  			defb $72,$2B,$73,$3E,$05,$CD,$BD,$80				; $7AFC r+s>....
7B04: 32547CC9
7B08: 01CE01CF  			defb $32,$54,$7C,$C9,$01,$CE,$01,$CF				; $7B04 2T|.....
7B0C: 01D901E3
7B10: 01ED01F7  			defb $01,$D9,$01,$E3,$01,$ED,$01,$F7				; $7B0C ........
7B14: 0101020B
7B18: 02120228  			defb $01,$01,$02,$0B,$02,$12,$02,$28				; $7B14 .......(
7B1C: FF3E02CD
7B20: B9672108  			defb $FF,$3E,$02,$CD,$B9,$67,$21,$08				; $7B1C .>...g!.
7B24: 7F7EFEFF
7B28: C85E2356  			defb $7F,$7E,$FE,$FF,$C8,$5E,$23,$56				; $7B24 .~...^#V
7B2C: 234E2346
7B30: 237E23B7  			defb $23,$4E,$23,$46,$23,$7E,$23,$B7				; $7B2C #N#F#~#.
7B34: 28EF79FE
7B38: FE280ACD  			defb $28,$EF,$79,$FE,$FE,$28,$0A,$CD				; $7B34 (.y..(..
7B3C: 1581B7C4
7B40: 977FC34C  			defb $15,$81,$B7,$C4,$97,$7F,$C3,$4C				; $7B3C .......L
7B44: 7FCD3981
7B48: B7C4977F  			defb $7F,$CD,$39,$81,$B7,$C4,$97,$7F				; $7B44 ..9.....
7B4C: 78FEFC28
7B50: 0ACD5D81  			defb $78,$FE,$FC,$28,$0A,$CD,$5D,$81				; $7B4C x..(..].
7B54: B7C4BF7F
7B58: C3627FCD  			defb $B7,$C4,$BF,$7F,$C3,$62,$7F,$CD				; $7B54 .....b..
7B5C: 8181B7C4
7B60: BF7F3E05  			defb $81,$81,$B7,$C4,$BF,$7F,$3E,$05				; $7B5C ......>.
7B64: CDBD8079
7B68: 835F7882  			defb $CD,$BD,$80,$79,$83,$5F,$78,$82				; $7B64 ...y._x.
7B6C: 57E52B2B
7B70: 702B712B  			defb $57,$E5,$2B,$2B,$70,$2B,$71,$2B				; $7B6C W.++p+q+
7B74: 722B73E1
7B78: 3E05CDBD  			defb $72,$2B,$73,$E1,$3E,$05,$CD,$BD				; $7B74 r+s.>...
7B7C: 800E47CD
7B80: ADA4CD75  			defb $80,$0E,$47,$CD,$AD,$A4,$CD,$75				; $7B7C ..G....u
7B84: 9A3A0D80
7B88: B7CA257F  			defb $9A,$3A,$0D,$80,$B7,$CA,$25,$7F				; $7B84 .:....%.
7B8C: FE0AD225
7B90: 7FCDBF8A  			defb $FE,$0A,$D2,$25,$7F,$CD,$BF,$8A				; $7B8C ...%....
7B94: C3257F79
7B98: ED444FCD  			defb $C3,$25,$7F,$79,$ED,$44,$4F,$CD				; $7B94 .%.y.DO.
7B9C: BF8A3E01
7BA0: CDB967CD  			defb $BF,$8A,$3E,$01,$CD,$B9,$67,$CD				; $7B9C ..>...g.
7BA4: E274CDE2
7BA8: 74CDE274  			defb $E2,$74,$CD,$E2,$74,$CD,$E2,$74				; $7BA4 .t..t..t
7BAC: 3E02CDB9
7BB0: 67C5D5E5  			defb $3E,$02,$CD,$B9,$67,$C5,$D5,$E5				; $7BAC >...g...
7BB4: 1E1DCD42
7BB8: EFE1D1C1  			defb $1E,$1D,$CD,$42,$EF,$E1,$D1,$C1				; $7BB4 ...B....
7BBC: C39A6C78
7BC0: ED4447CD  			defb $C3,$9A,$6C,$78,$ED,$44,$47,$CD				; $7BBC ..lx.DG.
7BC4: BF8A3E01
7BC8: CDB967CD  			defb $BF,$8A,$3E,$01,$CD,$B9,$67,$CD				; $7BC4 ..>...g.
7BCC: E274CDE2
7BD0: 74CDE274  			defb $E2,$74,$CD,$E2,$74,$CD,$E2,$74				; $7BCC .t..t..t
7BD4: 3E02CDB9
7BD8: 67C5D5E5  			defb $3E,$02,$CD,$B9,$67,$C5,$D5,$E5				; $7BD4 >...g...
7BDC: 1E1DCD42
7BE0: EFE1D1C1  			defb $1E,$1D,$CD,$42,$EF,$E1,$D1,$C1				; $7BDC ...B....
7BE4: C39A6C3A
7BE8: 0D80B7C8  			defb $C3,$9A,$6C,$3A,$0D,$80,$B7,$C8				; $7BE4 ..l:....
7BEC: 3D320D80
7BF0: C021087F  			defb $3D,$32,$0D,$80,$C0,$21,$08,$7F				; $7BEC =2...!..
7BF4: 7EFEFFC8
7BF8: 5F235623  			defb $7E,$FE,$FF,$C8,$5F,$23,$56,$23				; $7BF4 ~..._#V#
7BFC: 23237E36
7C00: 0023B728  			defb $23,$23,$7E,$36,$00,$23,$B7,$28				; $7BFC ##~6.#.(
7C04: EF3E05CD
7C08: BD80C3F4  			defb $EF,$3E,$05,$CD,$BD,$80,$C3,$F4				; $7C04 .>......
7C0C: 7F00DD21
7C10: B180DD7E  			defb $7F,$00,$DD,$21,$B1,$80,$DD,$7E				; $7C0C ...!...~
7C14: 02B7C243
7C18: 7C010800  			defb $02,$B7,$C2,$43,$7C,$01,$08,$00				; $7C14 ...C|...
7C1C: FD21FC6C
7C20: FD7E00FE  			defb $FD,$21,$FC,$6C,$FD,$7E,$00,$FE				; $7C1C .!.l.~..
7C24: FF20113E
7C28: 78CD7966  			defb $FF,$20,$11,$3E,$78,$CD,$79,$66				; $7C24 . .>x.yf
7C2C: 4F3E90CD
7C30: 7966C620  			defb $4F,$3E,$90,$CD,$79,$66,$C6,$20				; $7C2C O>..yf. 
7C34: 47C34980
7C38: FD7E04B7  			defb $47,$C3,$49,$80,$FD,$7E,$04,$B7				; $7C34 G.I..~..
7C3C: 2005FD09
7C40: C32080FD  			defb $20,$05,$FD,$09,$C3,$20,$80,$FD				; $7C3C  .... ..
7C44: 4E00FD46
7C48: 0121F9C6  			defb $4E,$00,$FD,$46,$01,$21,$F9,$C6				; $7C44 N..F.!..
7C4C: DD750ADD
7C50: 740BED5B  			defb $DD,$75,$0A,$DD,$74,$0B,$ED,$5B				; $7C4C .u..t..[
7C54: 6969CD71
7C58: 8B3E0132  			defb $69,$69,$CD,$71,$8B,$3E,$01,$32				; $7C54 ii.q.>.2
7C5C: 547C1E17
7C60: CD42EFC3  			defb $54,$7C,$1E,$17,$CD,$42,$EF,$C3				; $7C5C T|...B..
7C64: 437CDD21
7C68: B180DD7E  			defb $43,$7C,$DD,$21,$B1,$80,$DD,$7E				; $7C64 C|.!...~
7C6C: 02B7C8DD
7C70: 4E00DD46  			defb $02,$B7,$C8,$DD,$4E,$00,$DD,$46				; $7C6C ....N..F
7C74: 012605CD
7C78: CA8B2822  			defb $01,$26,$05,$CD,$CA,$8B,$28,$22				; $7C74 .&....("
7C7C: 2520F8DD
7C80: 6E0ADD66  			defb $25,$20,$F8,$DD,$6E,$0A,$DD,$66				; $7C7C % ..n..f
7C84: 0B3E11CD
7C88: FDA11414  			defb $0B,$3E,$11,$CD,$FD,$A1,$14,$14				; $7C84 .>......
7C8C: 14141C1C
7C90: CDBF8ADD  			defb $14,$14,$1C,$1C,$CD,$BF,$8A,$DD				; $7C8C ........
7C94: 750ADD74
7C98: 0B0E47C3  			defb $75,$0A,$DD,$74,$0B,$0E,$47,$C3				; $7C94 u..t..G.
7C9C: 46A4DD6E
7CA0: 0ADD660B  			defb $46,$A4,$DD,$6E,$0A,$DD,$66,$0B				; $7C9C F..n..f.
7CA4: AFCDFDA1
7CA8: 1C1C1414  			defb $AF,$CD,$FD,$A1,$1C,$1C,$14,$14				; $7CA4 ........
7CAC: 1414C39A
7CB0: 6C010267  			defb $14,$14,$C3,$9A,$6C,$01,$02,$67				; $7CAC ....l..g
7CB4: 01C880C8
7CB8: FF018F01  			defb $01,$C8,$80,$C8,$FF,$01,$8F,$01				; $7CB4 ........
7CBC: 08F5C5D5
7CC0: E5878787  			defb $08,$F5,$C5,$D5,$E5,$87,$87,$87				; $7CBC ........
7CC4: 876F2600
7CC8: 29294A7B  			defb $87,$6F,$26,$00,$29,$29,$4A,$7B				; $7CC4 .o&.))J{
7CCC: E67C0F0F
7CD0: 32EF8032  			defb $E6,$7C,$0F,$0F,$32,$EF,$80,$32				; $7CCC .|..2..2
7CD4: 02817BE6
7CD8: 03878787  			defb $02,$81,$7B,$E6,$03,$87,$87,$87				; $7CD4 ..{.....
7CDC: 875F1600
7CE0: 191161EC  			defb $87,$5F,$16,$00,$19,$11,$61,$EC				; $7CDC ._....a.
7CE4: 19EB0604
7CE8: 2664697E  			defb $19,$EB,$06,$04,$26,$64,$69,$7E				; $7CE4 ....&di~
7CEC: 2566F600
7CF0: 6F0C1A13  			defb $25,$66,$F6,$00,$6F,$0C,$1A,$13				; $7CEC %f..o...
7CF4: AE772C1A
7CF8: 13AE7726  			defb $AE,$77,$2C,$1A,$13,$AE,$77,$26				; $7CF4 .w,...w&
7CFC: 64697E25
7D00: 66F6006F  			defb $64,$69,$7E,$25,$66,$F6,$00,$6F				; $7CFC di~%f..o
7D04: 0C1A13AE
7D08: 772C1A13  			defb $0C,$1A,$13,$AE,$77,$2C,$1A,$13				; $7D04 ....w,..
7D0C: AE7710D8
7D10: E1D1C1F1  			defb $AE,$77,$10,$D8,$E1,$D1,$C1,$F1				; $7D0C .w......
7D14: C9C5D5E5
7D18: 7BFE7A30  			defb $C9,$C5,$D5,$E5,$7B,$FE,$7A,$30				; $7D14 ....{.z0
7D1C: 17E6033E
7D20: 002011CD  			defb $17,$E6,$03,$3E,$00,$20,$11,$CD				; $7D1C ...>. ..
7D24: 8F672C01
7D28: 20007E5F  			defb $8F,$67,$2C,$01,$20,$00,$7E,$5F				; $7D24 .g,. .~_
7D2C: 7AE6077B
7D30: 280209B6  			defb $7A,$E6,$07,$7B,$28,$02,$09,$B6				; $7D2C z..{(...
7D34: B7E1D1C1
7D38: C9C5D5E5  			defb $B7,$E1,$D1,$C1,$C9,$C5,$D5,$E5				; $7D34 ........
7D3C: 7BFE0438
7D40: 17E6033E  			defb $7B,$FE,$04,$38,$17,$E6,$03,$3E				; $7D3C {..8...>
7D44: 002011CD
7D48: 8F672D01  			defb $00,$20,$11,$CD,$8F,$67,$2D,$01				; $7D44 . ...g-.
7D4C: 20007E5F
7D50: 7AE6077B  			defb $20,$00,$7E,$5F,$7A,$E6,$07,$7B				; $7D4C  .~_z..{
7D54: 280209B6
7D58: B7E1D1C1  			defb $28,$02,$09,$B6,$B7,$E1,$D1,$C1				; $7D54 (.......
7D5C: C9C5D5E5
7D60: 7AFEB830  			defb $C9,$C5,$D5,$E5,$7A,$FE,$B8,$30				; $7D5C ....z..0
7D64: 17E6073E
7D68: 002011CD  			defb $17,$E6,$07,$3E,$00,$20,$11,$CD				; $7D64 ...>. ..
7D6C: 8F670120
7D70: 00097E57  			defb $8F,$67,$01,$20,$00,$09,$7E,$57				; $7D6C .g. ..~W
7D74: 7BE6037A
7D78: 28022CB6  			defb $7B,$E6,$03,$7A,$28,$02,$2C,$B6				; $7D74 {..z(.,.
7D7C: B7E1D1C1
7D80: C9C5D5E5  			defb $B7,$E1,$D1,$C1,$C9,$C5,$D5,$E5				; $7D7C ........
7D84: 7AFE2038
7D88: 17E6073E  			defb $7A,$FE,$20,$38,$17,$E6,$07,$3E				; $7D84 z. 8...>
7D8C: 002011CD
7D90: 8F6701E0  			defb $00,$20,$11,$CD,$8F,$67,$01,$E0				; $7D8C . ...g..
7D94: FF097E57
7D98: 7BE6037A  			defb $FF,$09,$7E,$57,$7B,$E6,$03,$7A				; $7D94 ..~W{..z
7D9C: 28022CB6
7DA0: B7E1D1C1  			defb $28,$02,$2C,$B6,$B7,$E1,$D1,$C1				; $7D9C (.,.....
7DA4: C900CDAA
7DA8: 66CD4F84  			defb $C9,$00,$CD,$AA,$66,$CD,$4F,$84				; $7DA4 ....f.O.
7DAC: 213582CD
7DB0: 296B3A99  			defb $21,$35,$82,$CD,$29,$6B,$3A,$99				; $7DAC !5..)k:.
7DB4: 85B72013
7DB8: 3AA581B7  			defb $85,$B7,$20,$13,$3A,$A5,$81,$B7				; $7DB4 .. .:...
7DBC: 200DF3CD
7DC0: 86FBCD8D  			defb $20,$0D,$F3,$CD,$86,$FB,$CD,$8D				; $7DBC  .......
7DC4: FBFB3E01
7DC8: 32A581CD  			defb $FB,$FB,$3E,$01,$32,$A5,$81,$CD				; $7DC4 ..>.2...
7DCC: 7266C2CB
7DD0: 8101F401  			defb $72,$66,$C2,$CB,$81,$01,$F4,$01				; $7DCC rf......
7DD4: C5CDF584
7DD8: CDE582CD  			defb $C5,$CD,$F5,$84,$CD,$E5,$82,$CD				; $7DD4 ........
7DDC: 2B66C1FE
7DE0: 313846FE  			defb $2B,$66,$C1,$FE,$31,$38,$46,$FE				; $7DDC +f..18F.
7DE4: 373042FE
7DE8: 31C8FE32  			defb $37,$30,$42,$FE,$31,$C8,$FE,$32				; $7DE4 70B.1..2
7DEC: CA0C83FE
7DF0: 3620213A  			defb $CA,$0C,$83,$FE,$36,$20,$21,$3A				; $7DEC ....6 !:
7DF4: 0A83EE01
7DF8: 320A83C5  			defb $0A,$83,$EE,$01,$32,$0A,$83,$C5				; $7DF4 ....2...
7DFC: CD3BEF1E
7E00: 01CD42EF  			defb $CD,$3B,$EF,$1E,$01,$CD,$42,$EF				; $7DFC .;....B.
7E04: C1CDE582
7E08: CD7266C4  			defb $C1,$CD,$E5,$82,$CD,$72,$66,$C4				; $7E04 .....rf.
7E0C: F584C205
7E10: 82C32982  			defb $F5,$84,$C2,$05,$82,$C3,$29,$82				; $7E0C ......).
7E14: D6335F3A
7E18: AB68BB28  			defb $D6,$33,$5F,$3A,$AB,$68,$BB,$28				; $7E14 .3_:.h.(
7E1C: 0C7B32AB
7E20: 68C52135  			defb $0C,$7B,$32,$AB,$68,$C5,$21,$35				; $7E1C .{2.h.!5
7E24: 82CD296B
7E28: C10B78B1  			defb $82,$CD,$29,$6B,$C1,$0B,$78,$B1				; $7E24 ..)k..x.
7E2C: C2D481CD
7E30: 3394C3A6  			defb $C2,$D4,$81,$CD,$33,$94,$C3,$A6				; $7E2C ....3...
7E34: 81EB00E6
7E38: F1C2DF09  			defb $81,$EB,$00,$E6,$F1,$C2,$DF,$09				; $7E34 ........
7E3C: 08E04542
7E40: 59205241  			defb $08,$E0,$45,$42,$59,$20,$52,$41				; $7E3C ..EBY RA
7E44: 46464145
7E48: 4C452043  			defb $46,$46,$41,$45,$4C,$45,$20,$43				; $7E44 FFAELE C
7E4C: 4543434F
7E50: DADF0B06  			defb $45,$43,$43,$4F,$DA,$DF,$0B,$06				; $7E4C ECCO....
7E54: 4D555349
7E58: 43204259  			defb $4D,$55,$53,$49,$43,$20,$42,$59				; $7E54 MUSIC BY
7E5C: 20444156
7E60: 4520524F  			defb $20,$44,$41,$56,$45,$20,$52,$4F				; $7E5C  DAVE RO
7E64: 47455253
7E68: DF0D09DA  			defb $47,$45,$52,$53,$DF,$0D,$09,$DA				; $7E64 GERS....
7E6C: 3120DB53
7E70: 54415254  			defb $31,$20,$DB,$53,$54,$41,$52,$54				; $7E6C 1 .START
7E74: 2047414D
7E78: 4579F4DA  			defb $20,$47,$41,$4D,$45,$79,$F4,$DA				; $7E74  GAMEy..
7E7C: 3220DB44
7E80: 4546494E  			defb $32,$20,$DB,$44,$45,$46,$49,$4E				; $7E7C 2 .DEFIN
7E84: 45204B45
7E88: 595379F3  			defb $45,$20,$4B,$45,$59,$53,$79,$F3				; $7E84 E KEYSy.
7E8C: DA3320DB
7E90: 4B455942  			defb $DA,$33,$20,$DB,$4B,$45,$59,$42				; $7E8C .3 .KEYB
7E94: 4F415244
7E98: 79F6DA34  			defb $4F,$41,$52,$44,$79,$F6,$DA,$34				; $7E94 OARDy..4
7E9C: 20DB494E
7EA0: 54455246  			defb $20,$DB,$49,$4E,$54,$45,$52,$46				; $7E9C  .INTERF
7EA4: 41434520
7EA8: 3279F3DA  			defb $41,$43,$45,$20,$32,$79,$F3,$DA				; $7EA4 ACE 2y..
7EAC: 3520DB4B
7EB0: 454D5053  			defb $35,$20,$DB,$4B,$45,$4D,$50,$53				; $7EAC 5 .KEMPS
7EB4: 544F4E79
7EB8: F6DA3620  			defb $54,$4F,$4E,$79,$F6,$DA,$36,$20				; $7EB4 TONy..6 
7EBC: DB534F55
7EC0: 4E44204F  			defb $DB,$53,$4F,$55,$4E,$44,$20,$4F				; $7EBC .SOUND O
7EC4: 4E2F4F46
7EC8: 46DF1404  			defb $4E,$2F,$4F,$46,$46,$DF,$14,$04				; $7EC4 N/OFF...
7ECC: D9435942
7ED0: 45524E4F  			defb $D9,$43,$59,$42,$45,$52,$4E,$4F				; $7ECC .CYBERNO
7ED4: 4944202A
7ED8: 20313938  			defb $49,$44,$20,$2A,$20,$31,$39,$38				; $7ED4 ID * 198
7EDC: 38204845
7EE0: 57534F4E  			defb $38,$20,$48,$45,$57,$53,$4F,$4E				; $7EDC 8 HEWSON
7EE4: FFC53AAB
7EE8: 68C60F87  			defb $FF,$C5,$3A,$AB,$68,$C6,$0F,$87				; $7EE4 ..:.h...
7EEC: 8787571E
7EF0: 2CCD9967  			defb $87,$87,$57,$1E,$2C,$CD,$99,$67				; $7EEC ..W.,..g
7EF4: 3A0B833C
7EF8: 320B83E6  			defb $3A,$0B,$83,$3C,$32,$0B,$83,$E6				; $7EF4 :..<2...
7EFC: 07C64077
7F00: 5D541C01  			defb $07,$C6,$40,$77,$5D,$54,$1C,$01				; $7EFC ..@w]T..
7F04: 0F00EDB0
7F08: C1C90100  			defb $0F,$00,$ED,$B0,$C1,$C9,$01,$00				; $7F04 ........
7F0C: CDAA66CD
7F10: 4F84AF32  			defb $CD,$AA,$66,$CD,$4F,$84,$AF,$32				; $7F0C ..f.O..2
7F14: AB6821FA
7F18: 83CD296B  			defb $AB,$68,$21,$FA,$83,$CD,$29,$6B				; $7F14 .h!...)k
7F1C: DD211D68
7F20: FD21F183  			defb $DD,$21,$1D,$68,$FD,$21,$F1,$83				; $7F1C .!.h.!..
7F24: 110F0C06
7F28: 04C53E3F  			defb $11,$0F,$0C,$06,$04,$C5,$3E,$3F				; $7F24 ......>?
7F2C: 0E44CD4A
7F30: 6CD5CD72  			defb $0E,$44,$CD,$4A,$6C,$D5,$CD,$72				; $7F2C .D.Jl..r
7F34: 66C4F584
7F38: C23283CD  			defb $66,$C4,$F5,$84,$C2,$32,$83,$CD				; $7F34 f....2..
7F3C: 2B66B7CC
7F40: F584CA3B  			defb $2B,$66,$B7,$CC,$F5,$84,$CA,$3B				; $7F3C +f.....;
7F44: 83DD7202
7F48: DD730611  			defb $83,$DD,$72,$02,$DD,$73,$06,$11				; $7F44 ..r..s..
7F4C: 0A00DD19
7F50: FD7700FD  			defb $0A,$00,$DD,$19,$FD,$77,$00,$FD				; $7F4C .....w..
7F54: 23D121C1
7F58: 83FE2020  			defb $23,$D1,$21,$C1,$83,$FE,$20,$20				; $7F54 #.!...  
7F5C: 0321C583
7F60: FE0D2003  			defb $03,$21,$C5,$83,$FE,$0D,$20,$03				; $7F5C .!.... .
7F64: 21CD83FE
7F68: 01200321  			defb $21,$CD,$83,$FE,$01,$20,$03,$21				; $7F64 !.... .!
7F6C: D583FE02
7F70: 200321E2  			defb $D5,$83,$FE,$02,$20,$03,$21,$E2				; $7F6C .... .!.
7F74: 8332C183
7F78: 0E44CD29  			defb $83,$32,$C1,$83,$0E,$44,$CD,$29				; $7F74 .2...D.)
7F7C: 6BC110A9
7F80: 0150C3CD  			defb $6B,$C1,$10,$A9,$01,$50,$C3,$CD				; $7F7C k....P..
7F84: 6A67CD6A
7F88: 6721F183  			defb $6A,$67,$CD,$6A,$67,$21,$F1,$83				; $7F84 jg.jg!..
7F8C: 11F68306
7F90: 041ABEC2  			defb $11,$F6,$83,$06,$04,$1A,$BE,$C2				; $7F8C ........
7F94: A6812313
7F98: 10F73A4F  			defb $A6,$81,$23,$13,$10,$F7,$3A,$4F				; $7F94 ..#...:O
7F9C: 8FEE3532
7FA0: 4F8FC2A6  			defb $8F,$EE,$35,$32,$4F,$8F,$C2,$A6				; $7F9C ..52O...
7FA4: 813E04CD
7FA8: B0851E22  			defb $81,$3E,$04,$CD,$B0,$85,$1E,$22				; $7FA4 .>....."
7FAC: CD42EF06
7FB0: 64CDF584  			defb $CD,$42,$EF,$06,$64,$CD,$F5,$84				; $7FAC .B..d...
7FB4: 10FBCD3B
7FB8: EF1E01CD  			defb $10,$FB,$CD,$3B,$EF,$1E,$01,$CD				; $7FB4 ...;....
7FBC: 42EFC3A6
7FC0: 813F7AFF  			defb $42,$EF,$C3,$A6,$81,$3F,$7A,$FF				; $7FBC B....?z.
7FC4: FF535041
7FC8: 43457AFB  			defb $FF,$53,$50,$41,$43,$45,$7A,$FB				; $7FC4 .SPACEz.
7FCC: FF454E54
7FD0: 45527AFB  			defb $FF,$45,$4E,$54,$45,$52,$7A,$FB				; $7FCC .ENTERz.
7FD4: FF434150
7FD8: 53205348  			defb $FF,$43,$41,$50,$53,$20,$53,$48				; $7FD4 .CAPS SH
7FDC: 4946547A
7FE0: F6FF5359  			defb $49,$46,$54,$7A,$F6,$FF,$53,$59				; $7FDC IFTz..SY
7FE4: 4D424F4C
7FE8: 20534849  			defb $4D,$42,$4F,$4C,$20,$53,$48,$49				; $7FE4 MBOL SHI
7FEC: 46547AF4
7FF0: FF000000  			defb $46,$54,$7A,$F4,$FF,$00,$00,$00				; $7FEC FTz.....
7FF4: 00005958
7FF8: 4553E043  			defb $00,$00,$59,$58,$45,$53,$E0,$43				; $7FF4 ..YXES.C
7FFC: DF0907E6
8000: F1C25345  			defb $DF,$09,$07,$E6,$F1,$C2,$53,$45				; $7FFC ......SE
8004: 4C454354
8008: 204B4559  			defb $4C,$45,$43,$54,$20,$4B,$45,$59				; $8004 LECT KEY
800C: 20464F52
8010: 2E2E2E2E  			defb $20,$46,$4F,$52,$2E,$2E,$2E,$2E				; $800C  FOR....
8014: DC7BEE4C
8018: 4546547A  			defb $DC,$7B,$EE,$4C,$45,$46,$54,$7A				; $8014 .{.LEFTz
801C: FC524947
8020: 48547AFB  			defb $FC,$52,$49,$47,$48,$54,$7A,$FB				; $801C .RIGHTz.
8024: 55502020
8028: 7AFC4649  			defb $55,$50,$20,$20,$7A,$FC,$46,$49				; $8024 UP  z.FI
802C: 52457004
8030: E50920DF  			defb $52,$45,$70,$04,$E5,$09,$20,$DF				; $802C REp... .
8034: 1404D943
8038: 59424552  			defb $14,$04,$D9,$43,$59,$42,$45,$52				; $8034 ...CYBER
803C: 4E4F4944
8040: 202A2031  			defb $4E,$4F,$49,$44,$20,$2A,$20,$31				; $803C NOID * 1
8044: 39383820
8048: 48455753  			defb $39,$38,$38,$20,$48,$45,$57,$53				; $8044 988 HEWS
804C: 4F4EFF11
8050: 00003E10  			defb $4F,$4E,$FF,$11,$00,$00,$3E,$10				; $804C ON....>.
8054: CD48A5CD
8058: 7FA51178  			defb $CD,$48,$A5,$CD,$7F,$A5,$11,$78				; $8054 .H.....x
805C: 003E11CD
8060: 48A5CD7F  			defb $00,$3E,$11,$CD,$48,$A5,$CD,$7F				; $805C .>..H...
8064: A51100B0
8068: 3E12CD48  			defb $A5,$11,$00,$B0,$3E,$12,$CD,$48				; $8064 ....>..H
806C: A5CD7FA5
8070: 1178B03E  			defb $A5,$CD,$7F,$A5,$11,$78,$B0,$3E				; $806C .....x.>
8074: 13CD48A5
8078: CD7FA511  			defb $13,$CD,$48,$A5,$CD,$7F,$A5,$11				; $8074 ..H.....
807C: 0010CDB5
8080: 84117810  			defb $00,$10,$CD,$B5,$84,$11,$78,$10				; $807C ......x.
8084: CDB58411
8088: 0800CDC6  			defb $CD,$B5,$84,$11,$08,$00,$CD,$C6				; $8084 ........
808C: 841108B0
8090: CDC68411  			defb $84,$11,$08,$B0,$CD,$C6,$84,$11				; $808C ........
8094: 1C1021D7
8098: 840E0306  			defb $1C,$10,$21,$D7,$84,$0E,$03,$06				; $8094 ..!.....
809C: 0A7E23CD
80A0: 48A5CD7F  			defb $0A,$7E,$23,$CD,$48,$A5,$CD,$7F				; $809C .~#.H...
80A4: A57BC608
80A8: 5F10F21E  			defb $A5,$7B,$C6,$08,$5F,$10,$F2,$1E				; $80A4 .{.._...
80AC: 1C7AC610
80B0: 570D20E7  			defb $1C,$7A,$C6,$10,$57,$0D,$20,$E7				; $80AC .z..W. .
80B4: C9060A3E
80B8: 15CD48A5  			defb $C9,$06,$0A,$3E,$15,$CD,$48,$A5				; $80B4 ...>..H.
80BC: CD7FA57A
80C0: C6105710  			defb $CD,$7F,$A5,$7A,$C6,$10,$57,$10				; $80BC ...z..W.
80C4: F2C9060E
80C8: 3E14CD48  			defb $F2,$C9,$06,$0E,$3E,$14,$CD,$48				; $80C4 ....>..H
80CC: A5CD7FA5
80D0: 7BC6085F  			defb $A5,$CD,$7F,$A5,$7B,$C6,$08,$5F				; $80CC ....{.._
80D4: 10F2C900
80D8: 6D6E0000  			defb $10,$F2,$C9,$00,$6D,$6E,$00,$00				; $80D4 ....mn..
80DC: 0000006F
80E0: 705A5B5C  			defb $00,$00,$00,$6F,$70,$5A,$5B,$5C				; $80DC ...opZ[\
80E4: 5D5E5F60
80E8: 61626300  			defb $5D,$5E,$5F,$60,$61,$62,$63,$00				; $80E4 ]^_`abc.
80EC: 64656667
80F0: 68696A6B  			defb $64,$65,$66,$67,$68,$69,$6A,$6B				; $80EC defghijk
80F4: 6C76F5C5
80F8: D5E5A721  			defb $6C,$76,$F5,$C5,$D5,$E5,$A7,$21				; $80F4 lv.....!
80FC: 0241160E
8100: E50604CB  			defb $02,$41,$16,$0E,$E5,$06,$04,$CB				; $80FC .A......
8104: 1E2CCB1E
8108: 2CCB1E2C  			defb $1E,$2C,$CB,$1E,$2C,$CB,$1E,$2C				; $8104 .,..,..,
810C: CB1E2CCB
8110: 1E2CCB1E  			defb $CB,$1E,$2C,$CB,$1E,$2C,$CB,$1E				; $810C ..,..,..
8114: 2CCB1E2C
8118: 10E9E130  			defb $2C,$CB,$1E,$2C,$10,$E9,$E1,$30				; $8114 ,..,...0
811C: 02CBFECD
8120: 4C6715C2  			defb $02,$CB,$FE,$CD,$4C,$67,$15,$C2				; $811C ....Lg..
8124: 00852140
8128: 40114041  			defb $00,$85,$21,$40,$40,$11,$40,$41				; $8124 ..!@@.@A
812C: 46234E2B
8130: EBC5013E  			defb $46,$23,$4E,$2B,$EB,$C5,$01,$3E				; $812C F#N+...>
8134: 01EDA0ED
8138: A0082D2D  			defb $01,$ED,$A0,$ED,$A0,$08,$2D,$2D				; $8134 ......--
813C: 5D54CD4C
8140: 6708EA35  			defb $5D,$54,$CD,$4C,$67,$08,$EA,$35				; $813C ]T.Lg..5
8144: 85C1EB70
8148: 237111BE  			defb $85,$C1,$EB,$70,$23,$71,$11,$BE				; $8144 ...p#q..
814C: 57014001
8150: 214040ED  			defb $57,$01,$40,$01,$21,$40,$40,$ED				; $814C W.@.!@@.
8154: A0EDA008
8158: 1B1B2B2B  			defb $A0,$ED,$A0,$08,$1B,$1B,$2B,$2B				; $8154 ......++
815C: CD4C67EB
8160: CD5B67EB  			defb $CD,$4C,$67,$EB,$CD,$5B,$67,$EB				; $815C .Lg..[g.
8164: 08EA5385
8168: A721DD51  			defb $08,$EA,$53,$85,$A7,$21,$DD,$51				; $8164 ..S..!.Q
816C: 160EE506
8170: 04CB162D  			defb $16,$0E,$E5,$06,$04,$CB,$16,$2D				; $816C .......-
8174: CB162DCB
8178: 162DCB16  			defb $CB,$16,$2D,$CB,$16,$2D,$CB,$16				; $8174 ..-..-..
817C: 2DCB162D
8180: CB162DCB  			defb $2D,$CB,$16,$2D,$CB,$16,$2D,$CB				; $817C -..-..-.
8184: 162D10E9
8188: E13002CB  			defb $16,$2D,$10,$E9,$E1,$30,$02,$CB				; $8184 .-...0..
818C: C6CD4C67
8190: 15C26E85  			defb $C6,$CD,$4C,$67,$15,$C2,$6E,$85				; $818C ..Lg..n.
8194: E1D1C1F1
8198: C9010000  			defb $E1,$D1,$C1,$F1,$C9,$01,$00,$00				; $8194 ........
819C: 00000000
81A0: 00000000  			defb $00,$00,$00,$00,$00,$00,$00,$00				; $819C ........
81A4: 00000000
81A8: 00000000  			defb $00,$00,$00,$00,$00,$00,$00,$00				; $81A4 ........
81AC: 00000000
81B0: E5219B85  			defb $00,$00,$00,$00,$E5,$21,$9B,$85				; $81AC .....!..
81B4: BE300177
81B8: E1C9219A  			defb $BE,$30,$01,$77,$E1,$C9,$21,$9A				; $81B4 .0.w..!.
81BC: 853A9B85
81C0: FEFF2859  			defb $85,$3A,$9B,$85,$FE,$FF,$28,$59				; $81BC .:....(Y
81C4: 4F3EFF32
81C8: 9B857EA7  			defb $4F,$3E,$FF,$32,$9B,$85,$7E,$A7				; $81C4 O>.2..~.
81CC: 2803B938
81D0: 4C7179A7  			defb $28,$03,$B9,$38,$4C,$71,$79,$A7				; $81CC (..8Lqy.
81D4: CA0B873D
81D8: 0707075F  			defb $CA,$0B,$87,$3D,$07,$07,$07,$5F				; $81D4 ...=..._
81DC: 16002110
81E0: 8719119E  			defb $16,$00,$21,$10,$87,$19,$11,$9E				; $81DC ..!.....
81E4: 85010700
81E8: EDB07EE6  			defb $85,$01,$07,$00,$ED,$B0,$7E,$E6				; $81E4 ......~.
81EC: 0F1213AE
81F0: 0F0F0F0F  			defb $0F,$12,$13,$AE,$0F,$0F,$0F,$0F				; $81EC ........
81F4: 1221A485
81F8: 4E21A785  			defb $12,$21,$A4,$85,$4E,$21,$A7,$85				; $81F4 .!..N!..
81FC: 3A9E8577
8200: 233AA085  			defb $3A,$9E,$85,$77,$23,$3A,$A0,$85				; $81FC :..w#:..
8204: 773AA585
8208: 32A985CB  			defb $77,$3A,$A5,$85,$32,$A9,$85,$CB				; $8204 w:..2...
820C: 79D921A7
8210: 855D5428  			defb $79,$D9,$21,$A7,$85,$5D,$54,$28				; $820C y.!..]T(
8214: 0311A885
8218: D9060118  			defb $03,$11,$A8,$85,$D9,$06,$01,$18				; $8214 ........
821C: 117EA7CA
8220: 0B872AAA  			defb $11,$7E,$A7,$CA,$0B,$87,$2A,$AA				; $821C .~....*.
8224: 85ED5BAC
8228: 85D9ED4B  			defb $85,$ED,$5B,$AC,$85,$D9,$ED,$4B				; $8224 ..[....K
822C: AE852A9C
8230: 85D90E02  			defb $AE,$85,$2A,$9C,$85,$D9,$0E,$02				; $822C ..*.....
8234: 3E1846D3
8238: FED92BD9  			defb $3E,$18,$46,$D3,$FE,$D9,$2B,$D9				; $8234 >.F...+.
823C: 10FBEB3E
8240: 000D20F2  			defb $10,$FB,$EB,$3E,$00,$0D,$20,$F2				; $823C ...>.. .
8244: D9CB7C28
8248: E8CB7928  			defb $D9,$CB,$7C,$28,$E8,$CB,$79,$28				; $8244 ..|(..y(
824C: 1021A785
8250: 3A9F8586  			defb $10,$21,$A7,$85,$3A,$9F,$85,$86				; $824C .!..:...
8254: 77233AA1
8258: 85867718  			defb $77,$23,$3A,$A1,$85,$86,$77,$18				; $8254 w#:...w.
825C: 1221A785
8260: 3A9F85CB  			defb $12,$21,$A7,$85,$3A,$9F,$85,$CB				; $825C .!..:...
8264: 40200621
8268: A8853AA1  			defb $40,$20,$06,$21,$A8,$85,$3A,$A1				; $8264 @ .!..:.
826C: 85867721
8270: A98535C2  			defb $85,$86,$77,$21,$A9,$85,$35,$C2				; $826C ..w!..5.
8274: FE8621A3
8278: 8535CA0B  			defb $FE,$86,$21,$A3,$85,$35,$CA,$0B				; $8274 ..!..5..
827C: 8721A285
8280: 5E219F85  			defb $87,$21,$A2,$85,$5E,$21,$9F,$85				; $827C .!..^!..
8284: 7E837721
8288: A1857E83  			defb $7E,$83,$77,$21,$A1,$85,$7E,$83				; $8284 ~.w!..~.
828C: 77CB6928
8290: 0821A585  			defb $77,$CB,$69,$28,$08,$21,$A5,$85				; $828C w.i(.!..
8294: 35200236
8298: 01CB5928  			defb $35,$20,$02,$36,$01,$CB,$59,$28				; $8294 5 .6..Y(
829C: 0FCB7920
82A0: 04CB4028  			defb $0F,$CB,$79,$20,$04,$CB,$40,$28				; $829C ..y ..@(
82A4: 07219F85
82A8: 7EED4477  			defb $07,$21,$9F,$85,$7E,$ED,$44,$77				; $82A4 .!..~.Dw
82AC: CB61280F
82B0: CB792004  			defb $CB,$61,$28,$0F,$CB,$79,$20,$04				; $82AC .a(..y .
82B4: CB402807
82B8: 21A1857E  			defb $CB,$40,$28,$07,$21,$A1,$85,$7E				; $82B4 .@(.!..~
82BC: ED4477CB
82C0: 71280C21  			defb $ED,$44,$77,$CB,$71,$28,$0C,$21				; $82BC .Dw.q(.!
82C4: A7853A9E
82C8: 8577233A  			defb $A7,$85,$3A,$9E,$85,$77,$23,$3A				; $82C4 ..:..w#:
82CC: A08577D9
82D0: 21A78511  			defb $A0,$85,$77,$D9,$21,$A7,$85,$11				; $82CC ..w.!...
82D4: A8853AA5
82D8: 85D9CB79  			defb $A8,$85,$3A,$A5,$85,$D9,$CB,$79				; $82D4 ..:....y
82DC: 201D3AA3
82E0: 8541CB3F  			defb $20,$1D,$3A,$A3,$85,$41,$CB,$3F				; $82DC  .:..A.?
82E4: 30062002
82E8: CB18CB18  			defb $30,$06,$20,$02,$CB,$18,$CB,$18				; $82E4 0. .....
82EC: CB40D93A
82F0: A5852004  			defb $CB,$40,$D9,$3A,$A5,$85,$20,$04				; $82EC .@.:.. .
82F4: EB3AA685
82F8: 5D54D932  			defb $EB,$3A,$A6,$85,$5D,$54,$D9,$32				; $82F4 .:..]T.2
82FC: A985ED43
8300: AE85D922  			defb $A9,$85,$ED,$43,$AE,$85,$D9,$22				; $82FC ...C..."
8304: AA85ED53
8308: AC85C9AF  			defb $AA,$85,$ED,$53,$AC,$85,$C9,$AF				; $8304 ...S....
830C: 329A85C9
8310: 80FE0101  			defb $32,$9A,$85,$C9,$80,$FE,$01,$01				; $830C 2.......
8314: 00038703
8318: 0F010000  			defb $00,$03,$87,$03,$0F,$01,$00,$00				; $8314 ........
831C: 00040708
8320: 50FB0000  			defb $00,$04,$07,$08,$50,$FB,$00,$00				; $831C ....P...
8324: 00066705
8328: 700850FA  			defb $00,$06,$67,$05,$70,$08,$50,$FA				; $8324 ..g.p.P.
832C: 00051413
8330: 32FE0000  			defb $00,$05,$14,$13,$32,$FE,$00,$00				; $832C ....2...
8334: 00050702
8338: 21900122  			defb $00,$05,$07,$02,$21,$90,$01,$22				; $8334 ....!.."
833C: 9C853EFF
8340: 329B853C  			defb $9C,$85,$3E,$FF,$32,$9B,$85,$3C				; $833C ..>.2..<
8344: 329A85C9
8348: F5C5D5E5  			defb $32,$9A,$85,$C9,$F5,$C5,$D5,$E5				; $8344 2.......
834C: DDE52147
8350: 884F7EFE  			defb $DD,$E5,$21,$47,$88,$4F,$7E,$FE				; $834C ..!G.O~.
8354: FFCAA587
8358: 79BE2806  			defb $FF,$CA,$A5,$87,$79,$BE,$28,$06				; $8354 ....y.(.
835C: 01040009
8360: 18EFDD21  			defb $01,$04,$00,$09,$18,$EF,$DD,$21				; $835C .......!
8364: 1488DDCB
8368: 007E2039  			defb $14,$88,$DD,$CB,$00,$7E,$20,$39				; $8364 .....~ 9
836C: 08DD7E01
8370: B7280808  			defb $08,$DD,$7E,$01,$B7,$28,$08,$08				; $836C ..~..(..
8374: 010A00DD
8378: 0918EB08  			defb $01,$0A,$00,$DD,$09,$18,$EB,$08				; $8374 ........
837C: E5CD39A5
8380: DD7506DD  			defb $E5,$CD,$39,$A5,$DD,$75,$06,$DD				; $837C ..9..u..
8384: 7407E1DD
8388: 7300DD72  			defb $74,$07,$E1,$DD,$73,$00,$DD,$72				; $8384 t...s..r
838C: 01237EDD
8390: 7702DD77  			defb $01,$23,$7E,$DD,$77,$02,$DD,$77				; $838C .#~.w..w
8394: 04237EDD
8398: 7703DD77  			defb $04,$23,$7E,$DD,$77,$03,$DD,$77				; $8394 .#~.w..w
839C: 05237EDD
83A0: 7708DD77  			defb $05,$23,$7E,$DD,$77,$08,$DD,$77				; $839C .#~.w..w
83A4: 09DDE1E1
83A8: D1C1F1C9  			defb $09,$DD,$E1,$E1,$D1,$C1,$F1,$C9				; $83A4 ........
83AC: DD211488
83B0: DD5E00CB  			defb $DD,$21,$14,$88,$DD,$5E,$00,$CB				; $83AC .!...^..
83B4: 7BC0DD7E
83B8: 01B7C857  			defb $7B,$C0,$DD,$7E,$01,$B7,$C8,$57				; $83B4 {..~...W
83BC: 4BCD8F67
83C0: 597EB7CA  			defb $4B,$CD,$8F,$67,$59,$7E,$B7,$CA				; $83BC K..gY~..
83C4: 0C88DD56
83C8: 0142DD7E  			defb $0C,$88,$DD,$56,$01,$42,$DD,$7E				; $83C4 ...V.B.~
83CC: 09B72039
83D0: DD7E08DD  			defb $09,$B7,$20,$39,$DD,$7E,$08,$DD				; $83CC .. 9.~..
83D4: 7709DD6E
83D8: 04DD6605  			defb $77,$09,$DD,$6E,$04,$DD,$66,$05				; $83D4 w..n..f.
83DC: 7EFEFF20
83E0: 0DDD6E02  			defb $7E,$FE,$FF,$20,$0D,$DD,$6E,$02				; $83DC ~.. ..n.
83E4: DD6603DD
83E8: 7504DD74  			defb $DD,$66,$03,$DD,$75,$04,$DD,$74				; $83E4 .f..u..t
83EC: 057E23DD
83F0: 7504DD74  			defb $05,$7E,$23,$DD,$75,$04,$DD,$74				; $83EC .~#.u..t
83F4: 05DD6E06
83F8: DD6607CD  			defb $05,$DD,$6E,$06,$DD,$66,$07,$CD				; $83F4 ..n..f..
83FC: DBA4DD75
8400: 06DD7407  			defb $DB,$A4,$DD,$75,$06,$DD,$74,$07				; $83FC ...u..t.
8404: 47CD8F67
8408: 70DD3509  			defb $47,$CD,$8F,$67,$70,$DD,$35,$09				; $8404 G..gp.5.
840C: 110A00DD
8410: 19C3B087  			defb $11,$0A,$00,$DD,$19,$C3,$B0,$87				; $840C ........
8414: FC000054
8418: FCA80054  			defb $FC,$00,$00,$54,$FC,$A8,$00,$54				; $8414 ...T...T
841C: FC000054
8420: A8000000  			defb $FC,$00,$00,$54,$A8,$00,$00,$00				; $841C ...T....
8424: 000000CF
8428: CFCFCFCF  			defb $00,$00,$00,$CF,$CF,$CF,$CF,$CF				; $8424 ........
842C: CFCFCF0F
8430: 0F0F0F0F  			defb $CF,$CF,$CF,$0F,$0F,$0F,$0F,$0F				; $842C ........
8434: 0F0F0F4F
8438: 050F0F0A  			defb $0F,$0F,$0F,$4F,$05,$0F,$0F,$0A				; $8434 ...O....
843C: 050F0FC3
8440: C3C3C3C3  			defb $05,$0F,$0F,$C3,$C3,$C3,$C3,$C3				; $843C ........
8444: C3C3FF1D
8448: 60880320  			defb $C3,$C3,$FF,$1D,$60,$88,$03,$20				; $8444 ....`.. 
844C: 6488031F
8450: 68880322  			defb $64,$88,$03,$1F,$68,$88,$03,$22				; $844C d...h.."
8454: 6C880352
8458: 70880553  			defb $6C,$88,$03,$52,$70,$88,$05,$53				; $8454 l..Rp..S
845C: 818805FF
8460: 1D1E1FFF  			defb $81,$88,$05,$FF,$1D,$1E,$1F,$FF				; $845C ........
8464: 202122FF
8468: 1F1E1DFF  			defb $20,$21,$22,$FF,$1F,$1E,$1D,$FF				; $8464  !".....
846C: 222120FF
8470: 52525252  			defb $22,$21,$20,$FF,$52,$52,$52,$52				; $846C "! .RRRR
8474: 52525456
8478: 58585858  			defb $52,$52,$54,$56,$58,$58,$58,$58				; $8474 RRTVXXXX
847C: 58585654
8480: FF535353  			defb $58,$58,$56,$54,$FF,$53,$53,$53				; $847C XXVT.SSS
8484: 53535355
8488: 57595959  			defb $53,$53,$53,$55,$57,$59,$59,$59				; $8484 SSSUWYYY
848C: 59595957
8490: 55FF21AC  			defb $59,$59,$59,$57,$55,$FF,$21,$AC				; $848C YYYWU.!.
8494: 885E2356
8498: 7BB2C823  			defb $88,$5E,$23,$56,$7B,$B2,$C8,$23				; $8494 .^#V{..#
849C: 4E234623
84A0: E5626B13  			defb $4E,$23,$46,$23,$E5,$62,$6B,$13				; $849C N#F#.bk.
84A4: 3600EDB0
84A8: E1C39588  			defb $36,$00,$ED,$B0,$E1,$C3,$95,$88				; $84A4 6.......
84AC: 577E1D00
84B0: 957D3700  			defb $57,$7E,$1D,$00,$95,$7D,$37,$00				; $84AC W~...}7.
84B4: 367B1100
84B8: C46EA301  			defb $36,$7B,$11,$00,$C4,$6E,$A3,$01				; $84B4 6{...n..
84BC: 14883100
84C0: 087F1300  			defb $14,$88,$31,$00,$08,$7F,$13,$00				; $84BC ..1.....
84C4: 168B5900
84C8: 6E893100  			defb $16,$8B,$59,$00,$6E,$89,$31,$00				; $84C4 ..Y.n.1.
84CC: 0B8C8B00
84D0: 968A2700  			defb $0B,$8C,$8B,$00,$96,$8A,$27,$00				; $84CC ......'.
84D4: FC6C4F00
84D8: 0B8A3100  			defb $FC,$6C,$4F,$00,$0B,$8A,$31,$00				; $84D4 .lO...1.
84DC: 9F974F00
84E0: B3997700  			defb $9F,$97,$4F,$00,$B3,$99,$77,$00				; $84DC ..O...w.
84E4: 02A03B00
84E8: 0000F5C5  			defb $02,$A0,$3B,$00,$00,$00,$F5,$C5				; $84E4 ..;.....
84EC: E5216E89
84F0: 7EFEFF28  			defb $E5,$21,$6E,$89,$7E,$FE,$FF,$28				; $84EC .!n.~..(
84F4: 2AB70105
84F8: 000920F4  			defb $2A,$B7,$01,$05,$00,$09,$20,$F4				; $84F4 *..... .
84FC: ED423609
8500: 23732372  			defb $ED,$42,$36,$09,$23,$73,$23,$72				; $84FC .B6.#s#r
8504: 2301F9C6
8508: 712370D5  			defb $23,$01,$F9,$C6,$71,$23,$70,$D5				; $8504 #...q#p.
850C: FDE5DDE5
8510: 1E1BCD42  			defb $FD,$E5,$DD,$E5,$1E,$1B,$CD,$42				; $850C .......B
8514: EF3E04CD
8518: B085DDE1  			defb $EF,$3E,$04,$CD,$B0,$85,$DD,$E1				; $8514 .>......
851C: FDE1D1E1
8520: C1F1C9DD  			defb $FD,$E1,$D1,$E1,$C1,$F1,$C9,$DD				; $851C ........
8524: 216E89DD
8528: 7E00FEFF  			defb $21,$6E,$89,$DD,$7E,$00,$FE,$FF				; $8524 !n..~...
852C: C8B7282E
8530: DD5E01DD  			defb $C8,$B7,$28,$2E,$DD,$5E,$01,$DD				; $852C ..(..^..
8534: 56026F26
8538: 003DDD77  			defb $56,$02,$6F,$26,$00,$3D,$DD,$77				; $8534 V.o&.=.w
853C: 00016489
8540: 097EDD6E  			defb $00,$01,$64,$89,$09,$7E,$DD,$6E				; $853C ..d..~.n
8544: 03DD6604
8548: 424BCDFD  			defb $03,$DD,$66,$04,$42,$4B,$CD,$FD				; $8544 ..f.BK..
854C: A1DD7503
8550: DD74043E  			defb $A1,$DD,$75,$03,$DD,$74,$04,$3E				; $854C ..u..t.>
8554: 06CD7966
8558: C6414FCD  			defb $06,$CD,$79,$66,$C6,$41,$4F,$CD				; $8554 ..yf.AO.
855C: 46A41105
8560: 00DD1918  			defb $46,$A4,$11,$05,$00,$DD,$19,$18				; $855C F.......
8564: C2000C0C
8568: 0B0B0A0A  			defb $C2,$00,$0C,$0C,$0B,$0B,$0A,$0A				; $8564 ........
856C: 09092A7F
8570: 00007BDF  			defb $09,$09,$2A,$7F,$00,$00,$7B,$DF				; $856C ..*...{.
8574: 45AA3FAA
8578: 55A215AA  			defb $45,$AA,$3F,$AA,$55,$A2,$15,$AA				; $8574 E.?.U...
857C: 55A215AA
8580: 15A215AA  			defb $55,$A2,$15,$AA,$15,$A2,$15,$AA				; $857C U.......
8584: 15A2152A
8588: 15A2512A  			defb $15,$A2,$15,$2A,$15,$A2,$51,$2A				; $8584 ...*..Q*
858C: 15A2513F
8590: 51A2F3B7  			defb $15,$A2,$51,$3F,$51,$A2,$F3,$B7				; $858C ..Q?Q...
8594: 0000F351
8598: 2A51A251  			defb $00,$00,$F3,$51,$2A,$51,$A2,$51				; $8594 ...Q*Q.Q
859C: F3F3A200
85A0: FFF5C5D5  			defb $F3,$F3,$A2,$00,$FF,$F5,$C5,$D5				; $859C ........
85A4: E5DDE562
85A8: 6B110500  			defb $E5,$DD,$E5,$62,$6B,$11,$05,$00				; $85A4 ...bk...
85AC: DD210B8A
85B0: 08DD7E00  			defb $DD,$21,$0B,$8A,$08,$DD,$7E,$00				; $85AC .!....~.
85B4: FEFF2818
85B8: B72805DD  			defb $FE,$FF,$28,$18,$B7,$28,$05,$DD				; $85B4 ..(..(..
85BC: 19C3B189
85C0: 08DD7700  			defb $19,$C3,$B1,$89,$08,$DD,$77,$00				; $85BC ......w.
85C4: DD7501DD
85C8: 7402DD71  			defb $DD,$75,$01,$DD,$74,$02,$DD,$71				; $85C4 .u..t..q
85CC: 03DD7004
85D0: DDE1E1D1  			defb $03,$DD,$70,$04,$DD,$E1,$E1,$D1				; $85CC ..p.....
85D4: C1F1C9DD
85D8: 210B8ADD  			defb $C1,$F1,$C9,$DD,$21,$0B,$8A,$DD				; $85D4 ....!...
85DC: 7E00FEFF
85E0: C8B72008  			defb $7E,$00,$FE,$FF,$C8,$B7,$20,$08				; $85DC ~..... .
85E4: 110500DD
85E8: 19C3DB89  			defb $11,$05,$00,$DD,$19,$C3,$DB,$89				; $85E4 ........
85EC: DD3500DD
85F0: 5E01DD7E  			defb $DD,$35,$00,$DD,$5E,$01,$DD,$7E				; $85EC .5..^..~
85F4: 03CD7966
85F8: 835FDD56  			defb $03,$CD,$79,$66,$83,$5F,$DD,$56				; $85F4 ..yf._.V
85FC: 02DD7E04
8600: CD796682  			defb $02,$DD,$7E,$04,$CD,$79,$66,$82				; $85FC ..~..yf.
8604: 57CDEA88
8608: C3E489F3  			defb $57,$CD,$EA,$88,$C3,$E4,$89,$F3				; $8604 W.......
860C: F3F3F300
8610: 00000080  			defb $F3,$F3,$F3,$00,$00,$00,$00,$80				; $860C ........
8614: 80808000
8618: 000000F3  			defb $80,$80,$80,$00,$00,$00,$00,$F3				; $8614 ........
861C: F3F3F300
8620: 00000000  			defb $F3,$F3,$F3,$00,$00,$00,$00,$00				; $861C ........
8624: 00000045
8628: CF000055  			defb $00,$00,$00,$45,$CF,$00,$00,$55				; $8624 ...E...U
862C: FF800055
8630: FF800055  			defb $FF,$80,$00,$55,$FF,$80,$00,$55				; $862C ...U...U
8634: FFD50015
8638: 3FD5AA15  			defb $FF,$D5,$00,$15,$3F,$D5,$AA,$15				; $8634 ....?...
863C: 3FFFF5C5
8640: D5E52196  			defb $3F,$FF,$F5,$C5,$D5,$E5,$21,$96				; $863C ?.....!.
8644: 8A4F7EFE
8648: FFCA648A  			defb $8A,$4F,$7E,$FE,$FF,$CA,$64,$8A				; $8644 .O~...d.
864C: 2323237E
8650: 23B720F2  			defb $23,$23,$23,$7E,$23,$B7,$20,$F2				; $864C ###~#. .
8654: 2B36282B
8658: 712B722B  			defb $2B,$36,$28,$2B,$71,$2B,$72,$2B				; $8654 +6(+q+r+
865C: 737921F9
8660: C6CDDBA4  			defb $73,$79,$21,$F9,$C6,$CD,$DB,$A4				; $865C sy!.....
8664: E1D1C1F1
8668: C921968A  			defb $E1,$D1,$C1,$F1,$C9,$21,$96,$8A				; $8664 .....!..
866C: 7EFEFFC8
8670: 5F235623  			defb $7E,$FE,$FF,$C8,$5F,$23,$56,$23				; $866C ~..._#V#
8674: 4E237E23
8678: B7CA6C8A  			defb $4E,$23,$7E,$23,$B7,$CA,$6C,$8A				; $8674 N#~#..l.
867C: 2B352379
8680: E521F9C6  			defb $2B,$35,$23,$79,$E5,$21,$F9,$C6				; $867C +5#y.!..
8684: CCDBA4E1
8688: 3AEA65E6  			defb $CC,$DB,$A4,$E1,$3A,$EA,$65,$E6				; $8684 ....:.e.
868C: 07F6404F
8690: CDADA4C3  			defb $07,$F6,$40,$4F,$CD,$AD,$A4,$C3				; $868C ..@O....
8694: 6C8A0000
8698: 45220000  			defb $6C,$8A,$00,$00,$45,$22,$00,$00				; $8694 l...E"..
869C: 45220000
86A0: 452200CF  			defb $45,$22,$00,$00,$45,$22,$00,$CF				; $869C E"..E"..
86A4: CF9B3300
86A8: 00000045  			defb $CF,$9B,$33,$00,$00,$00,$00,$45				; $86A4 ..3....E
86AC: CF332245
86B0: CF332200  			defb $CF,$33,$22,$45,$CF,$33,$22,$00				; $86AC .3"E.3".
86B4: 00000000
86B8: CF330000  			defb $00,$00,$00,$00,$CF,$33,$00,$00				; $86B4 .....3..
86BC: CF33FFCB
86C0: 7BC0E521  			defb $CF,$33,$FF,$CB,$7B,$C0,$E5,$21				; $86BC .3..{..!
86C4: 168BCB7E
86C8: 200E2323  			defb $16,$8B,$CB,$7E,$20,$0E,$23,$23				; $86C4 ...~ .##
86CC: 7EB72320
86D0: F52B360A  			defb $7E,$B7,$23,$20,$F5,$2B,$36,$0A				; $86CC ~.# .+6.
86D4: 2B722B73
86D8: E1C92116  			defb $2B,$72,$2B,$73,$E1,$C9,$21,$16				; $86D4 +r+s..!.
86DC: 8B5ECB7B
86E0: C0235623  			defb $8B,$5E,$CB,$7B,$C0,$23,$56,$23				; $86DC .^.{.#V#
86E4: 7E23B728
86E8: F4E52B35  			defb $7E,$23,$B7,$28,$F4,$E5,$2B,$35				; $86E4 ~#.(..+5
86EC: 6F260001
86F0: 0A8B0923  			defb $6F,$26,$00,$01,$0A,$8B,$09,$23				; $86EC o&.....#
86F4: 7ECDBD80
86F8: 2B7ECDBD  			defb $7E,$CD,$BD,$80,$2B,$7E,$CD,$BD				; $86F4 ~...+~..
86FC: 803E05CD
8700: 7966C642  			defb $80,$3E,$05,$CD,$79,$66,$C6,$42				; $86FC .>..yf.B
8704: 4FCDADA4
8708: E118D209  			defb $4F,$CD,$AD,$A4,$E1,$18,$D2,$09				; $8704 O.......
870C: 08080803
8710: 08060807  			defb $08,$08,$08,$03,$08,$06,$08,$07				; $870C ........
8714: 06090000
8718: 45220000  			defb $06,$09,$00,$00,$45,$22,$00,$00				; $8714 ....E"..
871C: 00000000
8720: 00000000  			defb $00,$00,$00,$00,$00,$00,$00,$00				; $871C ........
8724: 45220000
8728: 45220000  			defb $45,$22,$00,$00,$45,$22,$00,$00				; $8724 E"..E"..
872C: 45220000
8730: 00000000  			defb $45,$22,$00,$00,$00,$00,$00,$00				; $872C E"......
8734: 04800000
8738: 04800000  			defb $04,$80,$00,$00,$04,$80,$00,$00				; $8734 ........
873C: 04800000
8740: 00000000  			defb $04,$80,$00,$00,$00,$00,$00,$00				; $873C ........
8744: CF330000
8748: CF330000  			defb $CF,$33,$00,$00,$CF,$33,$00,$00				; $8744 .3...3..
874C: CF330000
8750: 00000045  			defb $CF,$33,$00,$00,$00,$00,$00,$45				; $874C .3.....E
8754: CF332245
8758: CF332200  			defb $CF,$33,$22,$45,$CF,$33,$22,$00				; $8754 .3"E.3".
875C: 000000CF
8760: CF9B3300  			defb $00,$00,$00,$CF,$CF,$9B,$33,$00				; $875C ......3.
8764: 00000000
8768: 45220000  			defb $00,$00,$00,$00,$45,$22,$00,$00				; $8764 ....E"..
876C: 45220000
8770: FFF5C5D5  			defb $45,$22,$00,$00,$FF,$F5,$C5,$D5				; $876C E"......
8774: E5626BA7
8778: ED422849  			defb $E5,$62,$6B,$A7,$ED,$42,$28,$49				; $8774 .bk..B(I
877C: 636A7841
8780: 4F110101  			defb $63,$6A,$78,$41,$4F,$11,$01,$01				; $877C cjxAO...
8784: 78943004
8788: 16FFED44  			defb $78,$94,$30,$04,$16,$FF,$ED,$44				; $8784 x.0....D
878C: 47799530
8790: 041EFFED  			defb $47,$79,$95,$30,$04,$1E,$FF,$ED				; $878C Gy.0....
8794: 444FB0C8
8798: 79B8DD74  			defb $44,$4F,$B0,$C8,$79,$B8,$DD,$74				; $8794 DO..y..t
879C: 00DD7501
87A0: 626BDD74  			defb $00,$DD,$75,$01,$62,$6B,$DD,$74				; $879C ..u.bk.t
87A4: 04DD7503
87A8: 2E003804  			defb $04,$DD,$75,$03,$2E,$00,$38,$04				; $87A4 ..u...8.
87AC: 656B4847
87B0: DD7406DD  			defb $65,$6B,$48,$47,$DD,$74,$06,$DD				; $87AC ekHG.t..
87B4: 7505DD70
87B8: 0278CB3F  			defb $75,$05,$DD,$70,$02,$78,$CB,$3F				; $87B4 u..p.x.?
87BC: DD7707DD
87C0: 7009DD71  			defb $DD,$77,$07,$DD,$70,$09,$DD,$71				; $87BC .w..p..q
87C4: 08E1D1C1
87C8: F1C9C5E5  			defb $08,$E1,$D1,$C1,$F1,$C9,$C5,$E5				; $87C4 ........
87CC: DD4609DD
87D0: 4E08DD6E  			defb $DD,$46,$09,$DD,$4E,$08,$DD,$6E				; $87CC .F..N..n
87D4: 077D8138
87D8: 03B8380C  			defb $07,$7D,$81,$38,$03,$B8,$38,$0C				; $87D4 .}.8..8.
87DC: 90DD7707
87E0: DD5604DD  			defb $90,$DD,$77,$07,$DD,$56,$04,$DD				; $87DC ..w..V..
87E4: 5E031809
87E8: DD7707DD  			defb $5E,$03,$18,$09,$DD,$77,$07,$DD				; $87E4 ^....w..
87EC: 5606DD5E
87F0: 05DD6600  			defb $56,$06,$DD,$5E,$05,$DD,$66,$00				; $87EC V..^..f.
87F4: DD6E017C
87F8: 82677D83  			defb $DD,$6E,$01,$7C,$82,$67,$7D,$83				; $87F4 .n.|.g}.
87FC: 6F555CDD
8800: 3502DD73  			defb $6F,$55,$5C,$DD,$35,$02,$DD,$73				; $87FC oU\.5..s
8804: 00DD7201
8808: E1C1C9A0  			defb $00,$DD,$72,$01,$E1,$C1,$C9,$A0				; $8804 ..r.....
880C: DA0050A0
8810: 450050A0  			defb $DA,$00,$50,$A0,$45,$00,$50,$A0				; $880C ..P.E.P.
8814: 45A0B000
8818: 008AA000  			defb $45,$A0,$B0,$00,$00,$8A,$A0,$00				; $8814 E.......
881C: 00DA2000
8820: 00142000  			defb $00,$DA,$20,$00,$00,$14,$20,$00				; $881C .. ... .
8824: 00000000
8828: 00001000  			defb $00,$00,$00,$00,$00,$00,$10,$00				; $8824 ........
882C: 00005000
8830: A000B000  			defb $00,$00,$50,$00,$A0,$00,$B0,$00				; $882C ..P.....
8834: F0F02010
8838: 50200010  			defb $F0,$F0,$20,$10,$50,$20,$00,$10				; $8834 .. .P ..
883C: 10000050
8840: 20000050  			defb $10,$00,$00,$50,$20,$00,$00,$50				; $883C ...P ..P
8844: A0000050
8848: B0000010  			defb $A0,$00,$00,$50,$B0,$00,$00,$10				; $8844 ...P....
884C: 20000000
8850: 50000050  			defb $20,$00,$00,$00,$50,$00,$00,$50				; $884C  ...P..P
8854: 00A00010
8858: 20A00000  			defb $00,$A0,$00,$10,$20,$A0,$00,$00				; $8854 .... ...
885C: A0A00000
8860: A0A00000  			defb $A0,$A0,$00,$00,$A0,$A0,$00,$00				; $885C ........
8864: 009E2000
8868: 009E0000  			defb $00,$9E,$20,$00,$00,$9E,$00,$00				; $8864 .. .....
886C: 009E0000
8870: 00DA0000  			defb $00,$9E,$00,$00,$00,$DA,$00,$00				; $886C ........
8874: 45DA0000
8878: 45780000  			defb $45,$DA,$00,$00,$45,$78,$00,$00				; $8874 E...Ex..
887C: 45782000
8880: 45784500  			defb $45,$78,$20,$00,$45,$78,$45,$00				; $887C Ex .ExE.
8884: 9E784500
8888: 9EF04500  			defb $9E,$78,$45,$00,$9E,$F0,$45,$00				; $8884 .xE...E.
888C: 9EF04545
8890: 78F02045  			defb $9E,$F0,$45,$45,$78,$F0,$20,$45				; $888C ..EEx. E
8894: 78F020FF
8898: F5C5D5E5  			defb $78,$F0,$20,$FF,$F5,$C5,$D5,$E5				; $8894 x. .....
889C: DDE508DD
88A0: 210B8CDD  			defb $DD,$E5,$08,$DD,$21,$0B,$8C,$DD				; $889C ....!...
88A4: 7E00FEFF
88A8: 2826DD7E  			defb $7E,$00,$FE,$FF,$28,$26,$DD,$7E				; $88A4 ~...(&.~
88AC: 02B7280A
88B0: D5110E00  			defb $02,$B7,$28,$0A,$D5,$11,$0E,$00				; $88AC ..(.....
88B4: DD19D1C3
88B8: A38C08DD  			defb $DD,$19,$D1,$C3,$A3,$8C,$08,$DD				; $88B4 ........
88BC: 750BDD77
88C0: 0ADD740C  			defb $75,$0B,$DD,$77,$0A,$DD,$74,$0C				; $88BC u..w..t.
88C4: CDBD80CD
88C8: 718BDD7E  			defb $CD,$BD,$80,$CD,$71,$8B,$DD,$7E				; $88C4 ....q..~
88CC: 02DD770D
88D0: DDE1E1D1  			defb $02,$DD,$77,$0D,$DD,$E1,$E1,$D1				; $88CC ..w.....
88D4: C1F1C9DD
88D8: 210B8CDD  			defb $C1,$F1,$C9,$DD,$21,$0B,$8C,$DD				; $88D4 ....!...
88DC: 7E00FEFF
88E0: C8DD7E02  			defb $7E,$00,$FE,$FF,$C8,$DD,$7E,$02				; $88DC ~.....~.
88E4: B7200811
88E8: 0E00DD19  			defb $B7,$20,$08,$11,$0E,$00,$DD,$19				; $88E4 . ......
88EC: C3DB8CDD
88F0: 5E00DD56  			defb $C3,$DB,$8C,$DD,$5E,$00,$DD,$56				; $88EC ....^..V
88F4: 01DD7E0A
88F8: CDBD80DD  			defb $01,$DD,$7E,$0A,$CD,$BD,$80,$DD				; $88F4 ..~.....
88FC: 460BCDCA
8900: 8B282F10  			defb $46,$0B,$CD,$CA,$8B,$28,$2F,$10				; $88FC F....(/.
8904: F9DD7E0D
8908: DD9602FE  			defb $F9,$DD,$7E,$0D,$DD,$96,$02,$FE				; $8904 ..~.....
890C: 143807CD
8910: 8F677EB7  			defb $14,$38,$07,$CD,$8F,$67,$7E,$B7				; $890C .8...g~.
8914: 201CDD7E
8918: 0ACDBD80  			defb $20,$1C,$DD,$7E,$0A,$CD,$BD,$80				; $8914  ..~....
891C: D5141414
8920: 141C1C3E  			defb $D5,$14,$14,$14,$14,$1C,$1C,$3E				; $891C .......>
8924: 03CD318E
8928: D1DD4E0C  			defb $03,$CD,$31,$8E,$D1,$DD,$4E,$0C				; $8924 ..1...N.
892C: CDADA4C3
8930: E78CDD36  			defb $CD,$AD,$A4,$C3,$E7,$8C,$DD,$36				; $892C .......6
8934: 0200CDBF
8938: 8AC3E78C  			defb $02,$00,$CD,$BF,$8A,$C3,$E7,$8C				; $8934 ........
893C: 211C8E7E
8940: FEFFC85F  			defb $21,$1C,$8E,$7E,$FE,$FF,$C8,$5F				; $893C !..~..._
8944: 235623E5
8948: CD8F677E  			defb $23,$56,$23,$E5,$CD,$8F,$67,$7E				; $8944 #V#...g~
894C: B72004E1
8950: C33F8D32  			defb $B7,$20,$04,$E1,$C3,$3F,$8D,$32				; $894C . ...?.2
8954: 7A8D217B
8958: 8D4F7EFE  			defb $7A,$8D,$21,$7B,$8D,$4F,$7E,$FE				; $8954 z.!{.O~.
895C: FFCA4F8D
8960: B92809C5  			defb $FF,$CA,$4F,$8D,$B9,$28,$09,$C5				; $895C ..O..(..
8964: 01050009
8968: C1C35A8D  			defb $01,$05,$00,$09,$C1,$C3,$5A,$8D				; $8964 ......Z.
896C: 237E835F
8970: 237E8257  			defb $23,$7E,$83,$5F,$23,$7E,$82,$57				; $896C #~._#~.W
8974: 237E2366
8978: 6FE90027  			defb $23,$7E,$23,$66,$6F,$E9,$00,$27				; $8974 #~#fo..'
897C: 0000958D
8980: 32000895  			defb $00,$00,$95,$8D,$32,$00,$08,$95				; $897C ....2...
8984: 8D580605
8988: C88D94FF  			defb $8D,$58,$06,$05,$C8,$8D,$94,$FF				; $8984 .X......
898C: 04F78D98
8990: 07040F8E  			defb $04,$F7,$8D,$98,$07,$04,$0F,$8E				; $898C ........
8994: FF3E0CCD
8998: 7966B7C2  			defb $FF,$3E,$0C,$CD,$79,$66,$B7,$C2				; $8994 .>..yf..
899C: 4F8DED4B
89A0: 69693E1F  			defb $4F,$8D,$ED,$4B,$69,$69,$3E,$1F				; $899C O..Kii>.
89A4: CD796681
89A8: D60CFE7C  			defb $CD,$79,$66,$81,$D6,$0C,$FE,$7C				; $89A4 .yf....|
89AC: 30014F3E
89B0: 3FCD7966  			defb $30,$01,$4F,$3E,$3F,$CD,$79,$66				; $89AC 0.O>?.yf
89B4: 80D61847
89B8: 3AE174C6  			defb $80,$D6,$18,$47,$3A,$E1,$74,$C6				; $89B4 ...G:.t.
89BC: 026F2644
89C0: 3E0ACD98  			defb $02,$6F,$26,$44,$3E,$0A,$CD,$98				; $89BC .o&D>...
89C4: 8CC34F8D
89C8: 3E06CD79  			defb $8C,$C3,$4F,$8D,$3E,$06,$CD,$79				; $89C4 ..O.>..y
89CC: 66B7C24F
89D0: 8DED4B69  			defb $66,$B7,$C2,$4F,$8D,$ED,$4B,$69				; $89CC f..O..Ki
89D4: 693E1FCD
89D8: 796681D6  			defb $69,$3E,$1F,$CD,$79,$66,$81,$D6				; $89D4 i>..yf..
89DC: 0CFE7C30
89E0: 014F3E3F  			defb $0C,$FE,$7C,$30,$01,$4F,$3E,$3F				; $89DC ..|0.O>?
89E4: CD796680
89E8: D618472E  			defb $CD,$79,$66,$80,$D6,$18,$47,$2E				; $89E4 .yf...G.
89EC: 0226423E
89F0: 05CD988C  			defb $02,$26,$42,$3E,$05,$CD,$98,$8C				; $89EC .&B>....
89F4: C34F8D3E
89F8: 16CD7966  			defb $C3,$4F,$8D,$3E,$16,$CD,$79,$66				; $89F4 .O.>..yf
89FC: B7C24F8D
8A00: 0E004226  			defb $B7,$C2,$4F,$8D,$0E,$00,$42,$26				; $89FC ..O...B&
8A04: 422E023E
8A08: 05CD988C  			defb $42,$2E,$02,$3E,$05,$CD,$98,$8C				; $8A04 B..>....
8A0C: C34F8D3E
8A10: 16CD7966  			defb $C3,$4F,$8D,$3E,$16,$CD,$79,$66				; $8A0C .O.>..yf
8A14: B7C24F8D
8A18: 0E7B18E6  			defb $B7,$C2,$4F,$8D,$0E,$7B,$18,$E6				; $8A14 ..O..{..
8A1C: B0302000
8A20: 303000FC  			defb $B0,$30,$20,$00,$30,$30,$00,$FC				; $8A1C .0 .00..
8A24: 220302FC
8A28: 220303FC  			defb $22,$03,$02,$FC,$22,$03,$03,$FC				; $8A24 "..."...
8A2C: 3354A9FC
8A30: FFE52A42  			defb $33,$54,$A9,$FC,$FF,$E5,$2A,$42				; $8A2C 3T....*B
8A34: 8E772373
8A38: 23722336  			defb $8E,$77,$23,$73,$23,$72,$23,$36				; $8A34 .w#s#r#6
8A3C: FF22428E
8A40: E1C9448E  			defb $FF,$22,$42,$8E,$E1,$C9,$44,$8E				; $8A3C ."B...D.
8A44: 56B92200
8A48: 00000045  			defb $56,$B9,$22,$00,$00,$00,$00,$45				; $8A44 V."....E
8A4C: 03FC3345
8A50: 8AED1145  			defb $03,$FC,$33,$45,$8A,$ED,$11,$45				; $8A4C ..3E...E
8A54: 00A81145
8A58: 03FC3345  			defb $00,$A8,$11,$45,$03,$FC,$33,$45				; $8A54 ...E..3E
8A5C: 03FC3345
8A60: 8AED1145  			defb $03,$FC,$33,$45,$8A,$ED,$11,$45				; $8A5C ..3E...E
8A64: 00A81145
8A68: 03FC3300  			defb $00,$A8,$11,$45,$03,$FC,$33,$00				; $8A64 ...E..3.
8A6C: 00000045
8A70: 3C3C3045  			defb $00,$00,$00,$45,$3C,$3C,$30,$45				; $8A6C ...E<<0E
8A74: 3C783045
8A78: 3CF03045  			defb $3C,$78,$30,$45,$3C,$F0,$30,$45				; $8A74 <x0E<.0E
8A7C: 3CB03045
8A80: 3CB03000  			defb $3C,$B0,$30,$45,$3C,$B0,$30,$00				; $8A7C <.0E<.0.
8A84: 9EB02000
8A88: 9E302000  			defb $9E,$B0,$20,$00,$9E,$30,$20,$00				; $8A84 .. ..0 .
8A8C: 45300000
8A90: 00000000  			defb $45,$30,$00,$00,$00,$00,$00,$00				; $8A8C E0......
8A94: 00000000
8A98: 00000000  			defb $00,$00,$00,$00,$00,$00,$00,$00				; $8A94 ........
8A9C: 00000000
8AA0: 0000009E  			defb $00,$00,$00,$00,$00,$00,$00,$9E				; $8A9C ........
8AA4: 78F0A028
8AA8: 00002028  			defb $78,$F0,$A0,$28,$00,$00,$20,$28				; $8AA4 x..(.. (
8AAC: 78202028
8AB0: B0002028  			defb $78,$20,$20,$28,$B0,$00,$20,$28				; $8AAC x  (.. (
8AB4: A0002028
8AB8: 000020A0  			defb $A0,$00,$20,$28,$00,$00,$20,$A0				; $8AB4 .. (.. .
8ABC: 782020A0
8AC0: B00020A0  			defb $78,$20,$20,$A0,$B0,$00,$20,$A0				; $8ABC x  ... .
8AC4: A00020A0
8AC8: 000020A0  			defb $A0,$00,$20,$A0,$00,$00,$20,$A0				; $8AC4 .. ... .
8ACC: 782020A0
8AD0: B00020A0  			defb $78,$20,$20,$A0,$B0,$00,$20,$A0				; $8ACC x  ... .
8AD4: A00020A0
8AD8: 0000FF3A  			defb $A0,$00,$20,$A0,$00,$00,$FF,$3A				; $8AD4 .. ....:
8ADC: 948FB720
8AE0: 77ED5B69  			defb $94,$8F,$B7,$20,$77,$ED,$5B,$69				; $8ADC ... w.[i
8AE4: 692AB271
8AE8: 2B7CB5CA  			defb $69,$2A,$B2,$71,$2B,$7C,$B5,$CA				; $8AE4 i*.q+|..
8AEC: 0C8F22B2
8AF0: 713A947E  			defb $0C,$8F,$22,$B2,$71,$3A,$94,$7E				; $8AEC ..".q:.~
8AF4: B7C02144
8AF8: 8E7EFEFF  			defb $B7,$C0,$21,$44,$8E,$7E,$FE,$FF				; $8AF4 ..!D.~..
8AFC: C8CDB967
8B00: 234E2346  			defb $C8,$CD,$B9,$67,$23,$4E,$23,$46				; $8AFC ...g#N#F
8B04: CD026823
8B08: B7CAF98E  			defb $CD,$02,$68,$23,$B7,$CA,$F9,$8E				; $8B04 ..h#....
8B0C: 3E643294
8B10: 8F7BD608  			defb $3E,$64,$32,$94,$8F,$7B,$D6,$08				; $8B0C >d2..{..
8B14: 5F7AD610
8B18: 57011020  			defb $5F,$7A,$D6,$10,$57,$01,$10,$20				; $8B14 _z..W.. 
8B1C: 3E14CDA1
8B20: 89CDA189  			defb $3E,$14,$CD,$A1,$89,$CD,$A1,$89				; $8B1C >.......
8B24: ED5B6969
8B28: 424B21F9  			defb $ED,$5B,$69,$69,$42,$4B,$21,$F9				; $8B24 .[iiBK!.
8B2C: C6226D69
8B30: 22EF6A22  			defb $C6,$22,$6D,$69,$22,$EF,$6A,$22				; $8B2C ."mi".j"
8B34: F46ACD53
8B38: 6921F9C6  			defb $F4,$6A,$CD,$53,$69,$21,$F9,$C6				; $8B34 .j.Si!..
8B3C: 226D6922
8B40: EF6A22F4  			defb $22,$6D,$69,$22,$EF,$6A,$22,$F4				; $8B3C "mi".j".
8B44: 6AAF32EE
8B48: 6A32F36A  			defb $6A,$AF,$32,$EE,$6A,$32,$F3,$6A				; $8B44 j.2.j2.j
8B4C: 21D37835
8B50: 1E20CD42  			defb $21,$D3,$78,$35,$1E,$20,$CD,$42				; $8B4C !.x5. .B
8B54: EFC3C878
8B58: 3D32948F  			defb $EF,$C3,$C8,$78,$3D,$32,$94,$8F				; $8B54 ...x=2..
8B5C: C03AD378
8B60: B7CA958F  			defb $C0,$3A,$D3,$78,$B7,$CA,$95,$8F				; $8B5C .:.x....
8B64: 21530722
8B68: B2713E32  			defb $21,$53,$07,$22,$B2,$71,$3E,$32				; $8B64 !S.".q>2
8B6C: 32947ECD
8B70: FC7BCD72  			defb $32,$94,$7E,$CD,$FC,$7B,$CD,$72				; $8B6C 2.~..{.r
8B74: 7BED5B70
8B78: 69ED5369  			defb $7B,$ED,$5B,$70,$69,$ED,$53,$69				; $8B74 {.[pi.Si
8B7C: 69424BC3
8B80: 5369E6F1  			defb $69,$42,$4B,$C3,$53,$69,$E6,$F1				; $8B7C iBK.Si..
8B84: C2DF0A0A
8B88: E0464745  			defb $C2,$DF,$0A,$0A,$E0,$46,$47,$45				; $8B84 .....FGE
8B8C: 54205245
8B90: 414459FF  			defb $54,$20,$52,$45,$41,$44,$59,$FF				; $8B8C T READY.
8B94: 001E22CD
8B98: 42EF21F1  			defb $00,$1E,$22,$CD,$42,$EF,$21,$F1				; $8B94 ..".B.!.
8B9C: C222556C
8BA0: 21CD8F01  			defb $C2,$22,$55,$6C,$21,$CD,$8F,$01				; $8B9C ."Ul!...
8BA4: 4509110B
8BA8: 0EC57ECD  			defb $45,$09,$11,$0B,$0E,$C5,$7E,$CD				; $8BA4 E.....~.
8BAC: 4A6C231C
8BB0: 011027CD  			defb $4A,$6C,$23,$1C,$01,$10,$27,$CD				; $8BAC Jl#...'.
8BB4: 6A67C110
8BB8: F0CD1E67  			defb $6A,$67,$C1,$10,$F0,$CD,$1E,$67				; $8BB4 jg.....g
8BBC: 0100003E
8BC0: 07CD6A67  			defb $01,$00,$00,$3E,$07,$CD,$6A,$67				; $8BBC ...>..jg
8BC4: 3D20FACD
8BC8: 4F95C333  			defb $3D,$20,$FA,$CD,$4F,$95,$C3,$33				; $8BC4 = ..O..3
8BCC: 9447414D
8BD0: 45204F56  			defb $94,$47,$41,$4D,$45,$20,$4F,$56				; $8BCC .GAME OV
8BD4: 4552FEF0
8BD8: D8FEF8D0  			defb $45,$52,$FE,$F0,$D8,$FE,$F8,$D0				; $8BD4 ER......
8BDC: F5C5D5E5
8BE0: DDE5DD2A  			defb $F5,$C5,$D5,$E5,$DD,$E5,$DD,$2A				; $8BDC .......*
8BE4: 409121F9
8BE8: C6DD7503  			defb $40,$91,$21,$F9,$C6,$DD,$75,$03				; $8BE4 @.!...u.
8BEC: DD7404DD
8BF0: 7508DD74  			defb $DD,$74,$04,$DD,$75,$08,$DD,$74				; $8BEC .t..u..t
8BF4: 09DD7300
8BF8: DD7201DD  			defb $09,$DD,$73,$00,$DD,$72,$01,$DD				; $8BF4 ..s..r..
8BFC: 36023ED6
8C00: F0876F26  			defb $36,$02,$3E,$D6,$F0,$87,$6F,$26				; $8BFC 6.>...o&
8C04: 00013090
8C08: 097E8257  			defb $00,$01,$30,$90,$09,$7E,$82,$57				; $8C04 ..0..~.W
8C0C: 237EDD77
8C10: 0ADD7305  			defb $23,$7E,$DD,$77,$0A,$DD,$73,$05				; $8C0C #~.w..s.
8C14: DD72063E
8C18: 42DD7707  			defb $DD,$72,$06,$3E,$42,$DD,$77,$07				; $8C14 .r.>B.w.
8C1C: 110B00DD
8C20: 19DD3600  			defb $11,$0B,$00,$DD,$19,$DD,$36,$00				; $8C1C ......6.
8C24: FFDD2240
8C28: 91DDE1E1  			defb $FF,$DD,$22,$40,$91,$DD,$E1,$E1				; $8C24 .."@....
8C2C: D1C1F1C9
8C30: 3CFF37FF  			defb $D1,$C1,$F1,$C9,$3C,$FF,$37,$FF				; $8C2C ....<.7.
8C34: 32FF2DFF
8C38: 3C013701  			defb $32,$FF,$2D,$FF,$3C,$01,$37,$01				; $8C34 2.-.<.7.
8C3C: 32012D01
8C40: DD214291  			defb $32,$01,$2D,$01,$DD,$21,$42,$91				; $8C3C 2.-..!B.
8C44: DD7E00FE
8C48: FFC8DD7E  			defb $DD,$7E,$00,$FE,$FF,$C8,$DD,$7E				; $8C44 .~.....~
8C4C: 0AFEFFCA
8C50: 5D90C3CA  			defb $0A,$FE,$FF,$CA,$5D,$90,$C3,$CA				; $8C4C ....]...
8C54: 90110B00
8C58: DD19C344  			defb $90,$11,$0B,$00,$DD,$19,$C3,$44				; $8C54 .......D
8C5C: 90DD5E00
8C60: DD560142  			defb $90,$DD,$5E,$00,$DD,$56,$01,$42				; $8C5C ..^..V.B
8C64: 4BCDE669
8C68: C43791DD  			defb $4B,$CD,$E6,$69,$C4,$37,$91,$DD				; $8C64 K..i.7..
8C6C: 7E0A8257
8C70: DD72013A  			defb $7E,$0A,$82,$57,$DD,$72,$01,$3A				; $8C6C ~..W.r.:
8C74: EA65E603
8C78: DD8602DD  			defb $EA,$65,$E6,$03,$DD,$86,$02,$DD				; $8C74 .e......
8C7C: 6E03DD66
8C80: 04CDDBA4  			defb $6E,$03,$DD,$66,$04,$CD,$DB,$A4				; $8C7C n..f....
8C84: DD7503DD
8C88: 74043E01  			defb $DD,$75,$03,$DD,$74,$04,$3E,$01				; $8C84 .u..t.>.
8C8C: CD318E01
8C90: 4707CD7B  			defb $CD,$31,$8E,$01,$47,$07,$CD,$7B				; $8C8C .1..G..{
8C94: A4DD5E05
8C98: DD560642  			defb $A4,$DD,$5E,$05,$DD,$56,$06,$42				; $8C94 ..^..V.B
8C9C: 4BDD7E0A
8CA0: 8257DD72  			defb $4B,$DD,$7E,$0A,$82,$57,$DD,$72				; $8C9C K.~..W.r
8CA4: 063AEA65
8CA8: E603DD86  			defb $06,$3A,$EA,$65,$E6,$03,$DD,$86				; $8CA4 .:.e....
8CAC: 07DD6E08
8CB0: DD6609CD  			defb $07,$DD,$6E,$08,$DD,$66,$09,$CD				; $8CAC ..n..f..
8CB4: DBA4DD75
8CB8: 08DD7409  			defb $DB,$A4,$DD,$75,$08,$DD,$74,$09				; $8CB4 ...u..t.
8CBC: 3E01CD31
8CC0: 8E014707  			defb $3E,$01,$CD,$31,$8E,$01,$47,$07				; $8CBC >..1..G.
8CC4: CD7BA4C3
8CC8: 5590DD5E  			defb $CD,$7B,$A4,$C3,$55,$90,$DD,$5E				; $8CC4 .{..U..^
8CCC: 05DD5606
8CD0: 424BCDC4  			defb $05,$DD,$56,$06,$42,$4B,$CD,$C4				; $8CCC ..V.BK..
8CD4: 69C43791
8CD8: DD7E0A82  			defb $69,$C4,$37,$91,$DD,$7E,$0A,$82				; $8CD4 i.7..~..
8CDC: 57DD7206
8CE0: 3AEA65E6  			defb $57,$DD,$72,$06,$3A,$EA,$65,$E6				; $8CDC W.r.:.e.
8CE4: 03DD8607
8CE8: DD6E08DD  			defb $03,$DD,$86,$07,$DD,$6E,$08,$DD				; $8CE4 .....n..
8CEC: 6609CDDB
8CF0: A4DD7508  			defb $66,$09,$CD,$DB,$A4,$DD,$75,$08				; $8CEC f.....u.
8CF4: DD74093E
8CF8: 01CD318E  			defb $DD,$74,$09,$3E,$01,$CD,$31,$8E				; $8CF4 .t.>..1.
8CFC: 014707CD
8D00: 7BA4DD5E  			defb $01,$47,$07,$CD,$7B,$A4,$DD,$5E				; $8CFC .G..{..^
8D04: 00DD5601
8D08: 424BDD7E  			defb $00,$DD,$56,$01,$42,$4B,$DD,$7E				; $8D04 ..V.BK.~
8D0C: 0A8257DD
8D10: 72013AEA  			defb $0A,$82,$57,$DD,$72,$01,$3A,$EA				; $8D0C ..W.r.:.
8D14: 65E603DD
8D18: 8602DD6E  			defb $65,$E6,$03,$DD,$86,$02,$DD,$6E				; $8D14 e......n
8D1C: 03DD6604
8D20: CDDBA4DD  			defb $03,$DD,$66,$04,$CD,$DB,$A4,$DD				; $8D1C ..f.....
8D24: 7503DD74
8D28: 043E01CD  			defb $75,$03,$DD,$74,$04,$3E,$01,$CD				; $8D24 u..t.>..
8D2C: 318E0147
8D30: 07CD7BA4  			defb $31,$8E,$01,$47,$07,$CD,$7B,$A4				; $8D2C 1..G..{.
8D34: C35590DD
8D38: 7E0AED44  			defb $C3,$55,$90,$DD,$7E,$0A,$ED,$44				; $8D34 .U..~..D
8D3C: DD770AC9
8D40: 42910000  			defb $DD,$77,$0A,$C9,$42,$91,$00,$00				; $8D3C .w..B...
8D44: 00000000
8D48: 00000000  			defb $00,$00,$00,$00,$00,$00,$00,$00				; $8D44 ........
8D4C: 00000000
8D50: 00000000  			defb $00,$00,$00,$00,$00,$00,$00,$00				; $8D4C ........
8D54: 00000000
8D58: 00000000  			defb $00,$00,$00,$00,$00,$00,$00,$00				; $8D54 ........
8D5C: 00000000
8D60: 00000000  			defb $00,$00,$00,$00,$00,$00,$00,$00				; $8D5C ........
8D64: 00000000
8D68: 00000000  			defb $00,$00,$00,$00,$00,$00,$00,$00				; $8D64 ........
8D6C: 00000000
8D70: 00000000  			defb $00,$00,$00,$00,$00,$00,$00,$00				; $8D6C ........
8D74: 00000000
8D78: 00000000  			defb $00,$00,$00,$00,$00,$00,$00,$00				; $8D74 ........
8D7C: 00000000
8D80: 00000000  			defb $00,$00,$00,$00,$00,$00,$00,$00				; $8D7C ........
8D84: 00000000
8D88: 00000000  			defb $00,$00,$00,$00,$00,$00,$00,$00				; $8D84 ........
8D8C: 00000000
8D90: 00000000  			defb $00,$00,$00,$00,$00,$00,$00,$00				; $8D8C ........
8D94: 00000000
8D98: 00000000  			defb $00,$00,$00,$00,$00,$00,$00,$00				; $8D94 ........
8D9C: 00000000
8DA0: 00000000  			defb $00,$00,$00,$00,$00,$00,$00,$00				; $8D9C ........
8DA4: 00000000
8DA8: 00000000  			defb $00,$00,$00,$00,$00,$00,$00,$00				; $8DA4 ........
8DAC: 00000000
8DB0: FFFEF8D8  			defb $00,$00,$00,$00,$FF,$FE,$F8,$D8				; $8DAC ........
8DB4: F5C5D5E5
8DB8: DDE5DD2A  			defb $F5,$C5,$D5,$E5,$DD,$E5,$DD,$2A				; $8DB4 .......*
8DBC: 659221F9
8DC0: C6DD7505  			defb $65,$92,$21,$F9,$C6,$DD,$75,$05				; $8DBC e.!...u.
8DC4: DD740621
8DC8: FE91D6F8  			defb $DD,$74,$06,$21,$FE,$91,$D6,$F8				; $8DC4 .t.!....
8DCC: 87876F26
8DD0: 0001FE91  			defb $87,$87,$6F,$26,$00,$01,$FE,$91				; $8DCC ..o&....
8DD4: 097E83DD
8DD8: 7700237E  			defb $09,$7E,$83,$DD,$77,$00,$23,$7E				; $8DD4 .~..w.#~
8DDC: 82DD7701
8DE0: 237EDD77  			defb $82,$DD,$77,$01,$23,$7E,$DD,$77				; $8DDC ..w.#~.w
8DE4: 02237EDD
8DE8: 77031107  			defb $02,$23,$7E,$DD,$77,$03,$11,$07				; $8DE4 .#~.w...
8DEC: 00DD19DD
8DF0: 3600FFDD  			defb $00,$DD,$19,$DD,$36,$00,$FF,$DD				; $8DEC ....6...
8DF4: 226592DD
8DF8: E1E1D1C1  			defb $22,$65,$92,$DD,$E1,$E1,$D1,$C1				; $8DF4 "e......
8DFC: F1C90004
8E00: 01010200  			defb $F1,$C9,$00,$04,$01,$01,$02,$00				; $8DFC ........
8E04: 020100FC
8E08: 0301FE00  			defb $02,$01,$00,$FC,$03,$01,$FE,$00				; $8E04 ........
8E0C: 04010004
8E10: 01020200  			defb $04,$01,$00,$04,$01,$02,$02,$00				; $8E0C ........
8E14: 020200FC
8E18: 0302FE00  			defb $02,$02,$00,$FC,$03,$02,$FE,$00				; $8E14 ........
8E1C: 04022045
8E20: 78B0208A  			defb $04,$02,$20,$45,$78,$B0,$20,$8A				; $8E1C .. Ex. .
8E24: 000010CF
8E28: 3CF030CF  			defb $00,$00,$10,$CF,$3C,$F0,$30,$CF				; $8E24 ....<.0.
8E2C: 3CF03000
8E30: 00000045  			defb $3C,$F0,$30,$00,$00,$00,$00,$45				; $8E2C <.0....E
8E34: 78B02045
8E38: 78B02045  			defb $78,$B0,$20,$45,$78,$B0,$20,$45				; $8E34 x. Ex. E
8E3C: 78B02045
8E40: 78B02045  			defb $78,$B0,$20,$45,$78,$B0,$20,$45				; $8E3C x. Ex. E
8E44: 78B02045
8E48: 78B02045  			defb $78,$B0,$20,$45,$78,$B0,$20,$45				; $8E44 x. Ex. E
8E4C: 78B02045
8E50: 78B02045  			defb $78,$B0,$20,$45,$78,$B0,$20,$45				; $8E4C x. Ex. E
8E54: 78B02045
8E58: 78B02045  			defb $78,$B0,$20,$45,$78,$B0,$20,$45				; $8E54 x. Ex. E
8E5C: 78B02045
8E60: 78B02045  			defb $78,$B0,$20,$45,$78,$B0,$20,$45				; $8E5C x. Ex. E
8E64: FF0000DD
8E68: 211E92DD  			defb $FF,$00,$00,$DD,$21,$1E,$92,$DD				; $8E64 ....!...
8E6C: 7E00FEFF
8E70: C8DD7E02  			defb $7E,$00,$FE,$FF,$C8,$DD,$7E,$02				; $8E6C ~.....~.
8E74: B7200801
8E78: 0700DD09  			defb $B7,$20,$08,$01,$07,$00,$DD,$09				; $8E74 . ......
8E7C: C36B92DD
8E80: 5E00DD56  			defb $C3,$6B,$92,$DD,$5E,$00,$DD,$56				; $8E7C .k..^..V
8E84: 01DD7E04
8E88: B7C27693  			defb $01,$DD,$7E,$04,$B7,$C2,$76,$93				; $8E84 ..~...v.
8E8C: DD7E02FE
8E90: 01281FFE  			defb $DD,$7E,$02,$FE,$01,$28,$1F,$FE				; $8E8C .~...(..
8E94: 022832FE
8E98: 032845CD  			defb $02,$28,$32,$FE,$03,$28,$45,$CD				; $8E94 .(2..(E.
8E9C: 21942805
8EA0: 3E03C3F7  			defb $21,$94,$28,$05,$3E,$03,$C3,$F7				; $8E9C !.(.>...
8EA4: 92CDFC93
8EA8: 3E00C2F7  			defb $92,$CD,$FC,$93,$3E,$00,$C2,$F7				; $8EA4 ....>...
8EAC: 923E01C3
8EB0: F792CDFC  			defb $92,$3E,$01,$C3,$F7,$92,$CD,$FC				; $8EAC .>......
8EB4: 9328053E
8EB8: 04C3F792  			defb $93,$28,$05,$3E,$04,$C3,$F7,$92				; $8EB4 .(.>....
8EBC: CD0F943E
8EC0: 00C2F792  			defb $CD,$0F,$94,$3E,$00,$C2,$F7,$92				; $8EBC ...>....
8EC4: 3E02C3F7
8EC8: 92CD0F94  			defb $3E,$02,$C3,$F7,$92,$CD,$0F,$94				; $8EC4 >.......
8ECC: 28053E01
8ED0: C3F792CD  			defb $28,$05,$3E,$01,$C3,$F7,$92,$CD				; $8ECC (.>.....
8ED4: EA933E00
8ED8: C2F7923E  			defb $EA,$93,$3E,$00,$C2,$F7,$92,$3E				; $8ED4 ..>....>
8EDC: 03C3F792
8EE0: CDEA9328  			defb $03,$C3,$F7,$92,$CD,$EA,$93,$28				; $8EDC .......(
8EE4: 053E02C3
8EE8: F792CD21  			defb $05,$3E,$02,$C3,$F7,$92,$CD,$21				; $8EE4 .>.....!
8EEC: 943E00C2
8EF0: F7923E04  			defb $94,$3E,$00,$C2,$F7,$92,$3E,$04				; $8EEC .>....>.
8EF4: C3F79267
8EF8: DD6E02DD  			defb $C3,$F7,$92,$67,$DD,$6E,$02,$DD				; $8EF4 ...g.n..
8EFC: 4603B728
8F00: 03DD7702  			defb $46,$03,$B7,$28,$03,$DD,$77,$02				; $8EFC F..(..w.
8F04: DD7E02FE
8F08: 01200778  			defb $DD,$7E,$02,$FE,$01,$20,$07,$78				; $8F04 .~... .x
8F0C: ED44835F
8F10: 1819FE02  			defb $ED,$44,$83,$5F,$18,$19,$FE,$02				; $8F0C .D._....
8F14: 20067887
8F18: 8257180F  			defb $20,$06,$78,$87,$82,$57,$18,$0F				; $8F14  .x..W..
8F1C: FE032005
8F20: 78835F18  			defb $FE,$03,$20,$05,$78,$83,$5F,$18				; $8F1C .. .x._.
8F24: 0678ED44
8F28: 878257DD  			defb $06,$78,$ED,$44,$87,$82,$57,$DD				; $8F24 .x.D..W.
8F2C: 7E04B720
8F30: 187CB728  			defb $7E,$04,$B7,$20,$18,$7C,$B7,$28				; $8F2C ~.. .|.(
8F34: 14CDD093
8F38: 200FDD36  			defb $14,$CD,$D0,$93,$20,$0F,$DD,$36				; $8F34 .... ..6
8F3C: 0401DD75
8F40: 02DD5E00  			defb $04,$01,$DD,$75,$02,$DD,$5E,$00				; $8F3C ...u..^.
8F44: DD560118
8F48: 2DDD4E00  			defb $DD,$56,$01,$18,$2D,$DD,$4E,$00				; $8F44 .V..-.N.
8F4C: DD4601DD
8F50: 7300DD72  			defb $DD,$46,$01,$DD,$73,$00,$DD,$72				; $8F4C .F..s..r
8F54: 01DD6E05
8F58: DD6606DD  			defb $01,$DD,$6E,$05,$DD,$66,$06,$DD				; $8F54 ..n..f..
8F5C: 7E02C602
8F60: CDFDA13E  			defb $7E,$02,$C6,$02,$CD,$FD,$A1,$3E				; $8F5C ~......>
8F64: 01CD318E
8F68: DD7505DD  			defb $01,$CD,$31,$8E,$DD,$75,$05,$DD				; $8F64 ..1..u..
8F6C: 74060E47
8F70: CD46A4C3  			defb $74,$06,$0E,$47,$CD,$46,$A4,$C3				; $8F6C t..G.F..
8F74: 7792DD7E
8F78: 02FE01CA  			defb $77,$92,$DD,$7E,$02,$FE,$01,$CA				; $8F74 w..~....
8F7C: 9A93FE02
8F80: CAAC93FE  			defb $9A,$93,$FE,$02,$CA,$AC,$93,$FE				; $8F7C ........
8F84: 03CABE93
8F88: CD219447  			defb $03,$CA,$BE,$93,$CD,$21,$94,$47				; $8F84 .....!.G
8F8C: CDFC93B0
8F90: CAF792DD  			defb $CD,$FC,$93,$B0,$CA,$F7,$92,$DD				; $8F8C ........
8F94: 360400C3
8F98: 7F92CDFC  			defb $36,$04,$00,$C3,$7F,$92,$CD,$FC				; $8F94 6.......
8F9C: 9347CD0F
8FA0: 94B0CAF7  			defb $93,$47,$CD,$0F,$94,$B0,$CA,$F7				; $8F9C .G......
8FA4: 92DD3604
8FA8: 00C37F92  			defb $92,$DD,$36,$04,$00,$C3,$7F,$92				; $8FA4 ..6.....
8FAC: CD0F9447
8FB0: CDEA93B0  			defb $CD,$0F,$94,$47,$CD,$EA,$93,$B0				; $8FAC ...G....
8FB4: CAF792DD
8FB8: 360400C3  			defb $CA,$F7,$92,$DD,$36,$04,$00,$C3				; $8FB4 ....6...
8FBC: 7F92CDEA
8FC0: 9347CD21  			defb $7F,$92,$CD,$EA,$93,$47,$CD,$21				; $8FBC .....G.!
8FC4: 94B0CAF7
8FC8: 92DD3604  			defb $94,$B0,$CA,$F7,$92,$DD,$36,$04				; $8FC4 ......6.
8FCC: 00C37F92
8FD0: C5E5CDFC  			defb $00,$C3,$7F,$92,$C5,$E5,$CD,$FC				; $8FCC ........
8FD4: 9367CDEA
8FD8: 936FCD21  			defb $93,$67,$CD,$EA,$93,$6F,$CD,$21				; $8FD4 .g...o.!
8FDC: 9447CD0F
8FE0: 944FAFB4  			defb $94,$47,$CD,$0F,$94,$4F,$AF,$B4				; $8FDC .G...O..
8FE4: B5B0B1E1
8FE8: C1C9D57B  			defb $B5,$B0,$B1,$E1,$C1,$C9,$D5,$7B				; $8FE4 .......{
8FEC: FE783009
8FF0: 1C1C1414  			defb $FE,$78,$30,$09,$1C,$1C,$14,$14				; $8FEC .x0.....
8FF4: 1414CD15
8FF8: 81B7D1C9  			defb $14,$14,$CD,$15,$81,$B7,$D1,$C9				; $8FF4 ........
8FFC: D57BB73E
9000: 0128091C  			defb $D5,$7B,$B7,$3E,$01,$28,$09,$1C				; $8FFC .{.>.(..
9004: 1C141414
9008: 14CD3981  			defb $1C,$14,$14,$14,$14,$CD,$39,$81				; $9004 ......9.
900C: B7D1C9D5
9010: 7AFEB030  			defb $B7,$D1,$C9,$D5,$7A,$FE,$B0,$30				; $900C ....z..0
9014: 091C1C14
9018: 141414CD  			defb $09,$1C,$1C,$14,$14,$14,$14,$CD				; $9014 ........
901C: 5D81B7D1
9020: C9D57AFE  			defb $5D,$81,$B7,$D1,$C9,$D5,$7A,$FE				; $901C ].....z.
9024: 2038091C
9028: 1C141414  			defb $20,$38,$09,$1C,$1C,$14,$14,$14				; $9024  8......
902C: 14CD8181
9030: B7D1C9CD  			defb $14,$CD,$81,$81,$B7,$D1,$C9,$CD				; $902C ........
9034: AA66CD4F
9038: 84217C94  			defb $AA,$66,$CD,$4F,$84,$21,$7C,$94				; $9034 .f.O.!|.
903C: CD296B21
9040: F1C22255  			defb $CD,$29,$6B,$21,$F1,$C2,$22,$55				; $903C .)k!.."U
9044: 6C219C94
9048: 060A0E47  			defb $6C,$21,$9C,$94,$06,$0A,$0E,$47				; $9044 l!.....G
904C: 11080BC5
9050: 06107ECD  			defb $11,$08,$0B,$C5,$06,$10,$7E,$CD				; $904C ......~.
9054: 4A6C231C
9058: 10F8C114  			defb $4A,$6C,$23,$1C,$10,$F8,$C1,$14				; $9054 Jl#.....
905C: 1E0810EF
9060: CD7266C4  			defb $1E,$08,$10,$EF,$CD,$72,$66,$C4				; $905C .....rf.
9064: F584C260
9068: 9401AF00  			defb $F5,$84,$C2,$60,$94,$01,$AF,$00				; $9064 ...`....
906C: C5CDF584
9070: CD2B66B7  			defb $C5,$CD,$F5,$84,$CD,$2B,$66,$B7				; $906C .....+f.
9074: C1C00B78
9078: B1C818F0  			defb $C1,$C0,$0B,$78,$B1,$C8,$18,$F0				; $9074 ...x....
907C: E6F1C2DF
9080: 0905E044  			defb $E6,$F1,$C2,$DF,$09,$05,$E0,$44				; $907C .......D
9084: 43594245
9088: 524E4F49  			defb $43,$59,$42,$45,$52,$4E,$4F,$49				; $9084 CYBERNOI
908C: 44204841
9090: 4C4C204F  			defb $44,$20,$48,$41,$4C,$4C,$20,$4F				; $908C D HALL O
9094: 46204641
9098: 4D45FF00  			defb $46,$20,$46,$41,$4D,$45,$FF,$00				; $9094 F FAME..
909C: 52414646
90A0: 41454C45  			defb $52,$41,$46,$46,$41,$45,$4C,$45				; $909C RAFFAELE
90A4: 20203031
90A8: 35303030  			defb $20,$20,$30,$31,$35,$30,$30,$30				; $90A4   015000
90AC: 53555259
90B0: 414E4920  			defb $53,$55,$52,$59,$41,$4E,$49,$20				; $90AC SURYANI 
90B4: 20203031
90B8: 30303030  			defb $20,$20,$30,$31,$30,$30,$30,$30				; $90B4   010000
90BC: 424F4E4E
90C0: 49452020  			defb $42,$4F,$4E,$4E,$49,$45,$20,$20				; $90BC BONNIE  
90C4: 20203030
90C8: 35303030  			defb $20,$20,$30,$30,$35,$30,$30,$30				; $90C4   005000
90CC: 51554545
90D0: 4E202020  			defb $51,$55,$45,$45,$4E,$20,$20,$20				; $90CC QUEEN   
90D4: 20203030
90D8: 32353030  			defb $20,$20,$30,$30,$32,$35,$30,$30				; $90D4   002500
90DC: 4E49434B
90E0: 20424F59  			defb $4E,$49,$43,$4B,$20,$42,$4F,$59				; $90DC NICK BOY
90E4: 20203030
90E8: 31303030  			defb $20,$20,$30,$30,$31,$30,$30,$30				; $90E4   001000
90EC: 53414E44
90F0: 52412020  			defb $53,$41,$4E,$44,$52,$41,$20,$20				; $90EC SANDRA  
90F4: 20203030
90F8: 31303030  			defb $20,$20,$30,$30,$31,$30,$30,$30				; $90F4   001000
90FC: 44415649
9100: 442E502E  			defb $44,$41,$56,$49,$44,$2E,$50,$2E				; $90FC DAVID.P.
9104: 20203030
9108: 31303030  			defb $20,$20,$30,$30,$31,$30,$30,$30				; $9104   001000
910C: 53484152
9110: 4B592020  			defb $53,$48,$41,$52,$4B,$59,$20,$20				; $910C SHARKY  
9114: 20203030
9118: 31303030  			defb $20,$20,$30,$30,$31,$30,$30,$30				; $9114   001000
911C: 454D494C
9120: 59202020  			defb $45,$4D,$49,$4C,$59,$20,$20,$20				; $911C EMILY   
9124: 20203030
9128: 31303030  			defb $20,$20,$30,$30,$31,$30,$30,$30				; $9124   001000
912C: 4F4E494F
9130: 4E202020  			defb $4F,$4E,$49,$4F,$4E,$20,$20,$20				; $912C ONION   
9134: 20203030
9138: 31303030  			defb $20,$20,$30,$30,$31,$30,$30,$30				; $9134   001000
913C: FF01A800
9140: 8B01A845  			defb $FF,$01,$A8,$00,$8B,$01,$A8,$45				; $913C .......E
9144: 0101A845
9148: 02A8A845  			defb $01,$01,$A8,$45,$02,$A8,$A8,$45				; $9144 ...E...E
914C: 020000DD
9150: 219C94DD  			defb $02,$00,$00,$DD,$21,$9C,$94,$DD				; $914C ....!...
9154: CB007EC2
9158: 4896DDE5  			defb $CB,$00,$7E,$C2,$48,$96,$DD,$E5				; $9154 ..~.H...
915C: 110A00DD
9160: 1921F978  			defb $11,$0A,$00,$DD,$19,$21,$F9,$78				; $915C .....!.x
9164: 0606DD7E
9168: 00BECA37  			defb $06,$06,$DD,$7E,$00,$BE,$CA,$37				; $9164 ...~...7
916C: 96D23E96
9170: E1E53EFF  			defb $96,$D2,$3E,$96,$E1,$E5,$3E,$FF				; $916C ..>...>.
9174: 01E803ED
9178: B121E803  			defb $01,$E8,$03,$ED,$B1,$21,$E8,$03				; $9174 .....!..
917C: A7ED42E5
9180: C1114B95  			defb $A7,$ED,$42,$E5,$C1,$11,$4B,$95				; $917C ..B...K.
9184: 213B95ED
9188: B83EFF32  			defb $21,$3B,$95,$ED,$B8,$3E,$FF,$32				; $9184 !;...>.2
918C: 3C95E1E5
9190: 110A0019  			defb $3C,$95,$E1,$E5,$11,$0A,$00,$19				; $918C <.......
9194: EB21F978
9198: 010600ED  			defb $EB,$21,$F9,$78,$01,$06,$00,$ED				; $9194 .!.x....
919C: B0CDAA66
91A0: 1E28CD42  			defb $B0,$CD,$AA,$66,$1E,$28,$CD,$42				; $919C ...f.(.B
91A4: EF21D096
91A8: 11D19601  			defb $EF,$21,$D0,$96,$11,$D1,$96,$01				; $91A4 .!......
91AC: 07003620
91B0: EDB0CD4F  			defb $07,$00,$36,$20,$ED,$B0,$CD,$4F				; $91AC ..6 ...O
91B4: 84216496
91B8: CD296B11  			defb $84,$21,$64,$96,$CD,$29,$6B,$11				; $91B4 .!d..)k.
91BC: 0C0F21D0
91C0: 960E443E  			defb $0C,$0F,$21,$D0,$96,$0E,$44,$3E				; $91BC ..!...D>
91C4: 3FCD4A6C
91C8: 01E803CD  			defb $3F,$CD,$4A,$6C,$01,$E8,$03,$CD				; $91C4 ?.Jl....
91CC: 6A67CD72
91D0: 66C4F584  			defb $6A,$67,$CD,$72,$66,$C4,$F5,$84				; $91CC jg.rf...
91D4: 20F8D5CD
91D8: 2B66B7CC  			defb $20,$F8,$D5,$CD,$2B,$66,$B7,$CC				; $91D4  ...+f..
91DC: F58428F7
91E0: D1FE0D28  			defb $F5,$84,$28,$F7,$D1,$FE,$0D,$28				; $91DC ..(....(
91E4: 3AFE0128
91E8: 07FE0220  			defb $3A,$FE,$01,$28,$07,$FE,$02,$20				; $91E4 :..(... 
91EC: 23D518E7
91F0: 7BFE1320  			defb $23,$D5,$18,$E7,$7B,$FE,$13,$20				; $91EC #...{.. 
91F4: 097EFE20
91F8: 28043620  			defb $09,$7E,$FE,$20,$28,$04,$36,$20				; $91F4 .~. (.6 
91FC: 18C37BFE
9200: 0C28BE3E  			defb $18,$C3,$7B,$FE,$0C,$28,$BE,$3E				; $91FC ..{..(.>
9204: 2D0E47CD
9208: 4A6C2B36  			defb $2D,$0E,$47,$CD,$4A,$6C,$2B,$36				; $9204 -.G.Jl+6
920C: 201D18B1
9210: 770E46CD  			defb $20,$1D,$18,$B1,$77,$0E,$46,$CD				; $920C  ...w.F.
9214: 4A6C7BFE
9218: 1328AD23  			defb $4A,$6C,$7B,$FE,$13,$28,$AD,$23				; $9214 Jl{..(.#
921C: 1C18A2D1
9220: 21D09601  			defb $1C,$18,$A2,$D1,$21,$D0,$96,$01				; $921C ....!...
9224: 0800EDB0
9228: CD7266C4  			defb $08,$00,$ED,$B0,$CD,$72,$66,$C4				; $9224 .....rf.
922C: F584C228
9230: 96CD3394  			defb $F5,$84,$C2,$28,$96,$CD,$33,$94				; $922C ...(..3.
9234: C3046523
9238: DD2305C2  			defb $C3,$04,$65,$23,$DD,$23,$05,$C2				; $9234 ..e#.#..
923C: 6695DDE1
9240: 111000DD  			defb $66,$95,$DD,$E1,$11,$10,$00,$DD				; $923C f.......
9244: 19C35395
9248: CD7266C2  			defb $19,$C3,$53,$95,$CD,$72,$66,$C2				; $9244 ..S..rf.
924C: 48960152
9250: 0376C5CD  			defb $48,$96,$01,$52,$03,$76,$C5,$CD				; $924C H..R.v..
9254: 2B66C1B7
9258: C204650B  			defb $2B,$66,$C1,$B7,$C2,$04,$65,$0B				; $9254 +f....e.
925C: 78B1C251
9260: 96C30465  			defb $78,$B1,$C2,$51,$96,$C3,$04,$65				; $925C x..Q...e
9264: EB00DF09
9268: 08E046E6  			defb $EB,$00,$DF,$09,$08,$E0,$46,$E6				; $9264 ......F.
926C: F1C2434F
9270: 4E475241  			defb $F1,$C2,$43,$4F,$4E,$47,$52,$41				; $926C ..CONGRA
9274: 54554C41
9278: 54494F4E  			defb $54,$55,$4C,$41,$54,$49,$4F,$4E				; $9274 TULATION
927C: 53217AED
9280: DB504C45  			defb $53,$21,$7A,$ED,$DB,$50,$4C,$45				; $927C S!z..PLE
9284: 41534520
9288: 454E5445  			defb $41,$53,$45,$20,$45,$4E,$54,$45				; $9284 ASE ENTE
928C: 5220594F
9290: 5552204E  			defb $52,$20,$59,$4F,$55,$52,$20,$4E				; $928C R YOUR N
9294: 414D45DF
9298: 0F0CDE2D  			defb $41,$4D,$45,$DF,$0F,$0C,$DE,$2D				; $9294 AME....-
929C: 2D2D2D2D
92A0: 2D2D2D7B  			defb $2D,$2D,$2D,$2D,$2D,$2D,$2D,$7B				; $929C -------{
92A4: F2DC5052
92A8: 45535320  			defb $F2,$DC,$50,$52,$45,$53,$53,$20				; $92A4 ..PRESS 
92AC: 43415053
92B0: 20544F20  			defb $43,$41,$50,$53,$20,$54,$4F,$20				; $92AC CAPS TO 
92B4: 44454C45
92B8: 54457AED  			defb $44,$45,$4C,$45,$54,$45,$7A,$ED				; $92B4 DELETEz.
92BC: DD505245
92C0: 53532045  			defb $DD,$50,$52,$45,$53,$53,$20,$45				; $92BC .PRESS E
92C4: 4E544552
92C8: 20544F20  			defb $4E,$54,$45,$52,$20,$54,$4F,$20				; $92C4 NTER TO 
92CC: 454E44FF
92D0: 20202020  			defb $45,$4E,$44,$FF,$20,$20,$20,$20				; $92CC END.    
92D4: 20202020
92D8: DD219F97  			defb $20,$20,$20,$20,$DD,$21,$9F,$97				; $92D4     .!..
92DC: 67DD7E00
92E0: FEFFC8DD  			defb $67,$DD,$7E,$00,$FE,$FF,$C8,$DD				; $92DC g.~.....
92E4: 7E02B728
92E8: 0AC50108  			defb $7E,$02,$B7,$28,$0A,$C5,$01,$08				; $92E4 ~..(....
92EC: 00DD09C1
92F0: C3DD96DD  			defb $00,$DD,$09,$C1,$C3,$DD,$96,$DD				; $92EC ........
92F4: 7300DD72
92F8: 01DD7402  			defb $73,$00,$DD,$72,$01,$DD,$74,$02				; $92F4 s..r..t.
92FC: 11F9C6DD
9300: 7303DD72  			defb $11,$F9,$C6,$DD,$73,$03,$DD,$72				; $92FC ....s..r
9304: 04DD7505
9308: DD7106DD  			defb $04,$DD,$75,$05,$DD,$71,$06,$DD				; $9304 ..u..q..
930C: 7007C9DD
9310: 219F97DD  			defb $70,$07,$C9,$DD,$21,$9F,$97,$DD				; $930C p...!...
9314: 7E00FEFF
9318: C8DD7E02  			defb $7E,$00,$FE,$FF,$C8,$DD,$7E,$02				; $9314 ~.....~.
931C: B7C22897
9320: 010800DD  			defb $B7,$C2,$28,$97,$01,$08,$00,$DD				; $931C ..(.....
9324: 09C31397
9328: DD5E00DD  			defb $09,$C3,$13,$97,$DD,$5E,$00,$DD				; $9324 .....^..
932C: 5601424B
9330: DD6E03DD  			defb $56,$01,$42,$4B,$DD,$6E,$03,$DD				; $932C V.BK.n..
9334: 6604DD7E
9338: 05E68020  			defb $66,$04,$DD,$7E,$05,$E6,$80,$20				; $9334 f..~... 
933C: 0F7AFEB0
9340: CA8797CD  			defb $0F,$7A,$FE,$B0,$CA,$87,$97,$CD				; $933C .z......
9344: C469C287
9348: 97C35897  			defb $C4,$69,$C2,$87,$97,$C3,$58,$97				; $9344 .i....X.
934C: 7AFE20CA
9350: 8797CDE6  			defb $7A,$FE,$20,$CA,$87,$97,$CD,$E6				; $934C z. .....
9354: 69C28797
9358: DD7E0582  			defb $69,$C2,$87,$97,$DD,$7E,$05,$82				; $9354 i....~..
935C: 57DD7201
9360: DD7E02CD  			defb $57,$DD,$72,$01,$DD,$7E,$02,$CD				; $935C W.r..~..
9364: DBA4D57B
9368: C6025F7A  			defb $DB,$A4,$D5,$7B,$C6,$02,$5F,$7A				; $9364 ...{.._z
936C: C604573E
9370: 02CD318E  			defb $C6,$04,$57,$3E,$02,$CD,$31,$8E				; $936C ..W>..1.
9374: D1DD7503
9378: DD7404DD  			defb $D1,$DD,$75,$03,$DD,$74,$04,$DD				; $9374 ..u..t..
937C: 4E06DD46
9380: 07CD7BA4  			defb $4E,$06,$DD,$46,$07,$CD,$7B,$A4				; $937C N..F..{.
9384: C32097AF
9388: DD7702CD  			defb $C3,$20,$97,$AF,$DD,$77,$02,$CD				; $9384 . ...w..
938C: DBA41D1D
9390: 7AD60457  			defb $DB,$A4,$1D,$1D,$7A,$D6,$04,$57				; $938C ....z..W
9394: 010C183E
9398: 0FCDA189  			defb $01,$0C,$18,$3E,$0F,$CD,$A1,$89				; $9394 ...>....
939C: C3209700
93A0: 000000CF  			defb $C3,$20,$97,$00,$00,$00,$00,$CF				; $939C . ......
93A4: CF45CFCF
93A8: CF4533CF  			defb $CF,$45,$CF,$CF,$CF,$45,$33,$CF				; $93A4 .E...E3.
93AC: 8B4533CF
93B0: 8B458ACF  			defb $8B,$45,$33,$CF,$8B,$45,$8A,$CF				; $93AC .E3..E..
93B4: 8B4500CF
93B8: 8B4533CF  			defb $8B,$45,$00,$CF,$8B,$45,$33,$CF				; $93B4 .E...E3.
93BC: 03453345
93C0: 03453301  			defb $03,$45,$33,$45,$03,$45,$33,$01				; $93BC .E3E.E3.
93C4: 56453301
93C8: 56453300  			defb $56,$45,$33,$01,$56,$45,$33,$00				; $93C4 VE3.VE3.
93CC: FC453300
93D0: FC453300  			defb $FC,$45,$33,$00,$FC,$45,$33,$00				; $93CC .E3..E3.
93D4: 54458A00
93D8: 54450000  			defb $54,$45,$8A,$00,$54,$45,$00,$00				; $93D4 TE..TE..
93DC: 00453300
93E0: 000033CF  			defb $00,$45,$33,$00,$00,$00,$33,$CF				; $93DC .E3...3.
93E4: 8ACFCF33
93E8: 229B3333  			defb $8A,$CF,$CF,$33,$22,$9B,$33,$33				; $93E4 ...3".33
93EC: 229B33FF
93F0: 2179987E  			defb $22,$9B,$33,$FF,$21,$79,$98,$7E				; $93EC ".3.!y.~
93F4: FEFFC85F
93F8: 235623E5  			defb $FE,$FF,$C8,$5F,$23,$56,$23,$E5				; $93F4 ..._#V#.
93FC: CD8F677E
9400: B72004E1  			defb $CD,$8F,$67,$7E,$B7,$20,$04,$E1				; $93FC ..g~. ..
9404: C3F39732
9408: 25980105  			defb $C3,$F3,$97,$32,$25,$98,$01,$05				; $9404 ...2%...
940C: 00212698
9410: BE280409  			defb $00,$21,$26,$98,$BE,$28,$04,$09				; $940C .!&..(..
9414: C3109823
9418: 7E835F23  			defb $C3,$10,$98,$23,$7E,$83,$5F,$23				; $9414 ...#~._#
941C: 7E825723
9420: 7E23666F  			defb $7E,$82,$57,$23,$7E,$23,$66,$6F				; $941C ~.W#~#fo
9424: E9004600
9428: 00319847  			defb $E9,$00,$46,$00,$00,$31,$98,$47				; $9424 ..F..1.G
942C: 00005598
9430: FF3A6969  			defb $00,$00,$55,$98,$FF,$3A,$69,$69				; $942C ..U..:ii
9434: BBC20398
9438: 3A259821  			defb $BB,$C2,$03,$98,$3A,$25,$98,$21				; $9434 ....:%.!
943C: F9C6CDDB
9440: A4CDE06D  			defb $F9,$C6,$CD,$DB,$A4,$CD,$E0,$6D				; $943C .......m
9444: CD8E982E
9448: FC014745  			defb $CD,$8E,$98,$2E,$FC,$01,$47,$45				; $9444 ......GE
944C: 3A2598CD
9450: D896C303  			defb $3A,$25,$98,$CD,$D8,$96,$C3,$03				; $944C :%......
9454: 983A6969
9458: BBC20398  			defb $98,$3A,$69,$69,$BB,$C2,$03,$98				; $9454 .:ii....
945C: 3A259821
9460: F9C6CDDB  			defb $3A,$25,$98,$21,$F9,$C6,$CD,$DB				; $945C :%.!....
9464: A4CDE06D
9468: CD8E982E  			defb $A4,$CD,$E0,$6D,$CD,$8E,$98,$2E				; $9464 ...m....
946C: 04014745
9470: 3A2598CD  			defb $04,$01,$47,$45,$3A,$25,$98,$CD				; $946C ..GE:%..
9474: D896C303
9478: 989B3333  			defb $D8,$96,$C3,$03,$98,$9B,$33,$33				; $9474 ......33
947C: 229B3367
9480: 009B2222  			defb $22,$9B,$33,$67,$00,$9B,$22,$22				; $947C ".3g..""
9484: 009B2233
9488: 229B2233  			defb $00,$9B,$22,$33,$22,$9B,$22,$33				; $9484 .."3"."3
948C: 22FFF5C5
9490: DDE5E501  			defb $22,$FF,$F5,$C5,$DD,$E5,$E5,$01				; $948C ".......
9494: 0800DD21
9498: FC6CDD6E  			defb $08,$00,$DD,$21,$FC,$6C,$DD,$6E				; $9494 ...!.l.n
949C: 00DD6601
94A0: A7ED5228  			defb $00,$DD,$66,$01,$A7,$ED,$52,$28				; $949C ..f...R(
94A4: 05DD09C3
94A8: 9A98DD36  			defb $05,$DD,$09,$C3,$9A,$98,$DD,$36				; $94A4 .......6
94AC: 0400E1DD
94B0: E1C1F1C9  			defb $04,$00,$E1,$DD,$E1,$C1,$F1,$C9				; $94AC ........
94B4: DD21B399
94B8: DD7E00FE  			defb $DD,$21,$B3,$99,$DD,$7E,$00,$FE				; $94B4 .!...~..
94BC: FFC8B7CA
94C0: 9B99DD5E  			defb $FF,$C8,$B7,$CA,$9B,$99,$DD,$5E				; $94BC .......^
94C4: 01DD5602
94C8: D5DD4E05  			defb $01,$DD,$56,$02,$D5,$DD,$4E,$05				; $94C4 ..V...N.
94CC: DD4606DD
94D0: 7E07B720  			defb $DD,$46,$06,$DD,$7E,$07,$B7,$20				; $94CC .F..~.. 
94D4: 200AFEE2
94D8: CA0299FE  			defb $20,$0A,$FE,$E2,$CA,$02,$99,$FE				; $94D4  .......
94DC: E1CA1199
94E0: FEE0CA20  			defb $E1,$CA,$11,$99,$FE,$E0,$CA,$20				; $94DC ....... 
94E4: 99835F03
94E8: 0A825703  			defb $99,$83,$5F,$03,$0A,$82,$57,$03				; $94E4 .._...W.
94EC: DD7105DD
94F0: 7006C339  			defb $DD,$71,$05,$DD,$70,$06,$C3,$39				; $94EC .q..p..9
94F4: 99DD3507
94F8: 0A835F03  			defb $99,$DD,$35,$07,$0A,$83,$5F,$03				; $94F4 ..5..._.
94FC: 0A8257C3
9500: 3999030A  			defb $0A,$82,$57,$C3,$39,$99,$03,$0A				; $94FC ..W.9...
9504: 3DDD7707
9508: 03DD7105  			defb $3D,$DD,$77,$07,$03,$DD,$71,$05				; $9504 =.w...q.
950C: DD700618
9510: E4DD4E03  			defb $DD,$70,$06,$18,$E4,$DD,$4E,$03				; $950C .p....N.
9514: DD4604DD
9518: 7105DD70  			defb $DD,$46,$04,$DD,$71,$05,$DD,$70				; $9514 .F..q..p
951C: 06C3D598
9520: 03DD7105  			defb $06,$C3,$D5,$98,$03,$DD,$71,$05				; $951C ......q.
9524: DD7006C5
9528: ED4B6969  			defb $DD,$70,$06,$C5,$ED,$4B,$69,$69				; $9524 .p...Kii
952C: 3E052E02
9530: 2642CD98  			defb $3E,$05,$2E,$02,$26,$42,$CD,$98				; $952C >...&B..
9534: 8CC1C3D5
9538: 98C1DD7E  			defb $8C,$C1,$C3,$D5,$98,$C1,$DD,$7E				; $9534 .......~
953C: 0BFE1430
9540: 06DD340B  			defb $0B,$FE,$14,$30,$06,$DD,$34,$0B				; $953C ...0..4.
9544: C36E99CD
9548: 8F677E2C  			defb $C3,$6E,$99,$CD,$8F,$67,$7E,$2C				; $9544 .n...g~,
954C: B6C5011F
9550: 0009C1B6  			defb $B6,$C5,$01,$1F,$00,$09,$C1,$B6				; $954C ........
9554: 2CB6C4EA
9558: 88C2A399  			defb $2C,$B6,$C4,$EA,$88,$C2,$A3,$99				; $9554 ,.......
955C: 7BC608FE
9560: 87D2A399  			defb $7B,$C6,$08,$FE,$87,$D2,$A3,$99				; $955C {.......
9564: 7AFE11DA
9568: A399FEC0  			defb $7A,$FE,$11,$DA,$A3,$99,$FE,$C0				; $9564 z.......
956C: 3035DD73
9570: 01DD7202  			defb $30,$35,$DD,$73,$01,$DD,$72,$02				; $956C 05.s..r.
9574: DD7E00DD
9578: 6E09DD66  			defb $DD,$7E,$00,$DD,$6E,$09,$DD,$66				; $9574 .~..n..f
957C: 0ACDFDA1
9580: D57AC604  			defb $0A,$CD,$FD,$A1,$D5,$7A,$C6,$04				; $957C .....z..
9584: 577BC602
9588: 5F3E02CD  			defb $57,$7B,$C6,$02,$5F,$3E,$02,$CD				; $9584 W{.._>..
958C: 318ED1DD
9590: 7509DD74  			defb $31,$8E,$D1,$DD,$75,$09,$DD,$74				; $958C 1...u..t
9594: 0ADD4E08
9598: CD46A411  			defb $0A,$DD,$4E,$08,$CD,$46,$A4,$11				; $9594 ..N..F..
959C: 0C00DD19
95A0: C3B898AF  			defb $0C,$00,$DD,$19,$C3,$B8,$98,$AF				; $959C ........
95A4: DD7700DD
95A8: 6E09DD66  			defb $DD,$77,$00,$DD,$6E,$09,$DD,$66				; $95A4 .w..n..f
95AC: 0ACDFDA1
95B0: C39B9900  			defb $0A,$CD,$FD,$A1,$C3,$9B,$99,$00				; $95AC ........
95B4: 8BFCFC00
95B8: 45560000  			defb $8B,$FC,$FC,$00,$45,$56,$00,$00				; $95B4 ....EV..
95BC: 45560000
95C0: 008BA800  			defb $45,$56,$00,$00,$00,$8B,$A8,$00				; $95BC EV......
95C4: 008BA800
95C8: 00455600  			defb $00,$8B,$A8,$00,$00,$45,$56,$00				; $95C4 .....EV.
95CC: 00455600
95D0: 00008B00  			defb $00,$45,$56,$00,$00,$00,$8B,$00				; $95CC .EV.....
95D4: 00008B00
95D8: 00004500  			defb $00,$00,$8B,$00,$00,$00,$45,$00				; $95D4 ......E.
95DC: 00004500
95E0: 000000CF  			defb $00,$00,$45,$00,$00,$00,$00,$CF				; $95DC ..E.....
95E4: CF9BDE03
95E8: 03458BFC  			defb $CF,$9B,$DE,$03,$03,$45,$8B,$FC				; $95E4 .....E..
95EC: FC008BFC
95F0: A8008BFC  			defb $FC,$00,$8B,$FC,$A8,$00,$8B,$FC				; $95EC ........
95F4: A8008B00
95F8: 00008B00  			defb $A8,$00,$8B,$00,$00,$00,$8B,$00				; $95F4 ........
95FC: 00008B00
9600: 00008B00  			defb $00,$00,$8B,$00,$00,$00,$8B,$00				; $95FC ........
9604: 00008B00
9608: 00008B00  			defb $00,$00,$8B,$00,$00,$00,$8B,$00				; $9604 ........
960C: 00008BA8
9610: 00008BA8  			defb $00,$00,$8B,$A8,$00,$00,$8B,$A8				; $960C ........
9614: 00008B56
9618: 00008B56  			defb $00,$00,$8B,$56,$00,$00,$8B,$56				; $9614 ...V...V
961C: 00008B8B
9620: A8008BFC  			defb $00,$00,$8B,$8B,$A8,$00,$8B,$FC				; $961C ........
9624: 0045CFFC
9628: 004503FF  			defb $00,$45,$CF,$FC,$00,$45,$03,$FF				; $9624 .E...E..
962C: DD21B399
9630: 4FDD7E00  			defb $DD,$21,$B3,$99,$4F,$DD,$7E,$00				; $962C .!..O.~.
9634: FEFFC8B7
9638: 280AC501  			defb $FE,$FF,$C8,$B7,$28,$0A,$C5,$01				; $9634 ....(...
963C: 0C00DD09
9640: C1C3319A  			defb $0C,$00,$DD,$09,$C1,$C3,$31,$9A				; $963C ......1.
9644: DD7100DD
9648: 7301DD72  			defb $DD,$71,$00,$DD,$73,$01,$DD,$72				; $9644 .q..s..r
964C: 02DD7503
9650: DD7404DD  			defb $02,$DD,$75,$03,$DD,$74,$04,$DD				; $964C ..u..t..
9654: 7505DD74
9658: 06DD3607  			defb $75,$05,$DD,$74,$06,$DD,$36,$07				; $9654 u..t..6.
965C: 003E04CD
9660: 7966C642  			defb $00,$3E,$04,$CD,$79,$66,$C6,$42				; $965C .>..yf.B
9664: DD770811
9668: F9C6DD73  			defb $DD,$77,$08,$11,$F9,$C6,$DD,$73				; $9664 .w.....s
966C: 09DD720A
9670: DD360B00  			defb $09,$DD,$72,$0A,$DD,$36,$0B,$00				; $966C ..r..6..
9674: C9C5D5E5
9678: 424B21B3  			defb $C9,$C5,$D5,$E5,$42,$4B,$21,$B3				; $9674 ....BK!.
967C: 997EFEFF
9680: CAC29AB7  			defb $99,$7E,$FE,$FF,$CA,$C2,$9A,$B7				; $967C .~......
9684: 2007110C
9688: 0019C37D  			defb $20,$07,$11,$0C,$00,$19,$C3,$7D				; $9684  ......}
968C: 9AE5235E
9690: 2356CD02  			defb $9A,$E5,$23,$5E,$23,$56,$CD,$02				; $968C ..#^#V..
9694: 68E1B7CA
9698: 869A7E36  			defb $68,$E1,$B7,$CA,$86,$9A,$7E,$36				; $9694 h.....~6
969C: 0021F9C6
96A0: CDFDA1CD  			defb $00,$21,$F9,$C6,$CD,$FD,$A1,$CD				; $969C .!......
96A4: EA883E01
96A8: CD7966B7  			defb $EA,$88,$3E,$01,$CD,$79,$66,$B7				; $96A4 ..>..yf.
96AC: CAB89A3E
96B0: 0ACD7966  			defb $CA,$B8,$9A,$3E,$0A,$CD,$79,$66				; $96AC ...>..yf
96B4: 3CCDA29F
96B8: 110479CD  			defb $3C,$CD,$A2,$9F,$11,$04,$79,$CD				; $96B4 <.....y.
96BC: D478CD8E
96C0: 78AF3CE1  			defb $D4,$78,$CD,$8E,$78,$AF,$3C,$E1				; $96BC .x..x.<.
96C4: D1C1C9DD
96C8: 21279B11  			defb $D1,$C1,$C9,$DD,$21,$27,$9B,$11				; $96C4 ....!'..
96CC: 00200614
96D0: CD8F677E  			defb $00,$20,$06,$14,$CD,$8F,$67,$7E				; $96CC . ....g~
96D4: B72009DD
96D8: 7200DD23  			defb $B7,$20,$09,$DD,$72,$00,$DD,$23				; $96D4 . ..r..#
96DC: 21479B34
96E0: 7AC60857  			defb $21,$47,$9B,$34,$7A,$C6,$08,$57				; $96DC !G.4z..W
96E4: 10EAC9DD
96E8: 21279B11  			defb $10,$EA,$C9,$DD,$21,$27,$9B,$11				; $96E4 ....!'..
96EC: 78200614
96F0: CD8F677E  			defb $78,$20,$06,$14,$CD,$8F,$67,$7E				; $96EC x ....g~
96F4: B72009DD
96F8: 7200DD23  			defb $B7,$20,$09,$DD,$72,$00,$DD,$23				; $96F4 . ..r..#
96FC: 21479B34
9700: 7AC60857  			defb $21,$47,$9B,$34,$7A,$C6,$08,$57				; $96FC !G.4z..W
9704: 10EAC9DD
9708: 21279B11  			defb $10,$EA,$C9,$DD,$21,$27,$9B,$11				; $9704 ....!'..
970C: 00200620
9710: CD8F677E  			defb $00,$20,$06,$20,$CD,$8F,$67,$7E				; $970C . . ..g~
9714: B72009DD
9718: 7300DD23  			defb $B7,$20,$09,$DD,$73,$00,$DD,$23				; $9714 . ..s..#
971C: 21479B34
9720: 7BC6045F  			defb $21,$47,$9B,$34,$7B,$C6,$04,$5F				; $971C !G.4{.._
9724: 10EAC98B
9728: 03030056  			defb $10,$EA,$C9,$8B,$03,$03,$00,$56				; $9724 .......V
972C: FCFCA8FC
9730: 00DEA8A8  			defb $FC,$FC,$A8,$FC,$00,$DE,$A8,$A8				; $972C ........
9734: 00DEEDA8
9738: 45FC4500  			defb $00,$DE,$ED,$A8,$45,$FC,$45,$00				; $9734 ....E.E.
973C: 45FC8B00
9740: DEA88B00  			defb $45,$FC,$8B,$00,$DE,$A8,$8B,$00				; $973C E.......
9744: DEED5600
9748: DD21279B  			defb $DE,$ED,$56,$00,$DD,$21,$27,$9B				; $9744 ..V..!'.
974C: 1100B006
9750: 20CD8F67  			defb $11,$00,$B0,$06,$20,$CD,$8F,$67				; $974C .... ..g
9754: 7EB72009
9758: DD7300DD  			defb $7E,$B7,$20,$09,$DD,$73,$00,$DD				; $9754 ~. ..s..
975C: 2321479B
9760: 347BC604  			defb $23,$21,$47,$9B,$34,$7B,$C6,$04				; $975C #!G.4{..
9764: 5F10EAC9
9768: FEECD8FE  			defb $5F,$10,$EA,$C9,$FE,$EC,$D8,$FE				; $9764 _.......
976C: F0D0F5C5
9770: D5E5D6EC  			defb $F0,$D0,$F5,$C5,$D5,$E5,$D6,$EC				; $976C ........
9774: 32D59B87
9778: 876F2600  			defb $32,$D5,$9B,$87,$87,$6F,$26,$00				; $9774 2....o&.
977C: 01BF9B09
9780: 01040011  			defb $01,$BF,$9B,$09,$01,$04,$00,$11				; $977C ........
9784: CF9BEDB0
9788: 3AD59B87  			defb $CF,$9B,$ED,$B0,$3A,$D5,$9B,$87				; $9784 ....:...
978C: 6F260001
9790: 569C094E  			defb $6F,$26,$00,$01,$56,$9C,$09,$4E				; $978C o&..V..N
9794: 2366693E
9798: 03CD7966  			defb $23,$66,$69,$3E,$03,$CD,$79,$66				; $9794 #fi>..yf
979C: C60D3255
97A0: 9C3E03CD  			defb $C6,$0D,$32,$55,$9C,$3E,$03,$CD				; $979C ..2U.>..
97A4: 7966874F
97A8: 0600097E  			defb $79,$66,$87,$4F,$06,$00,$09,$7E				; $97A4 yf.O...~
97AC: 23666F22
97B0: D69B3AD4  			defb $23,$66,$6F,$22,$D6,$9B,$3A,$D4				; $97AC #fo"..:.
97B4: 9BD60A32
97B8: D49BE1D1  			defb $9B,$D6,$0A,$32,$D4,$9B,$E1,$D1				; $97B4 ...2....
97BC: C1F1C9E7
97C0: 9A017F48  			defb $C1,$F1,$C9,$E7,$9A,$01,$7F,$48				; $97BC .......H
97C4: 9B00BEC7
97C8: 9A01F907  			defb $9B,$00,$BE,$C7,$9A,$01,$F9,$07				; $97C4 ........
97CC: 9B001100
97D0: 00000000  			defb $9B,$00,$11,$00,$00,$00,$00,$00				; $97CC ........
97D4: 00000000
97D8: 3AD59BFE  			defb $00,$00,$00,$00,$3A,$D5,$9B,$FE				; $97D4 ....:...
97DC: FFC82ACF
97E0: 9BE93AD5  			defb $FF,$C8,$2A,$CF,$9B,$E9,$3A,$D5				; $97DC ..*...:.
97E4: 9BFEFFC8
97E8: 3AD39B3D  			defb $9B,$FE,$FF,$C8,$3A,$D3,$9B,$3D				; $97E4 ....:..=
97EC: 32D39BB7
97F0: C03AD49B  			defb $32,$D3,$9B,$B7,$C0,$3A,$D4,$9B				; $97EC 2....:..
97F4: 32D39B3A
97F8: 479BCD79  			defb $32,$D3,$9B,$3A,$47,$9B,$CD,$79				; $97F4 2..:G..y
97FC: 666F2600
9800: 01279B09  			defb $66,$6F,$26,$00,$01,$27,$9B,$09				; $97FC fo&..'..
9804: 3AD19BB7
9808: 3AD29B28  			defb $3A,$D1,$9B,$B7,$3A,$D2,$9B,$28				; $9804 :...:..(
980C: 23565F3A
9810: D59BB73A  			defb $23,$56,$5F,$3A,$D5,$9B,$B7,$3A				; $980C #V_:...:
9814: 6969280C
9818: FE10D82A  			defb $69,$69,$28,$0C,$FE,$10,$D8,$2A				; $9814 ii(....*
981C: D69B3A55
9820: 9CC32C9A  			defb $D6,$9B,$3A,$55,$9C,$C3,$2C,$9A				; $981C ..:U..,.
9824: FE68D02A
9828: D69B3A55  			defb $FE,$68,$D0,$2A,$D6,$9B,$3A,$55				; $9824 .h.*..:U
982C: 9CC32C9A
9830: 5E573AD5  			defb $9C,$C3,$2C,$9A,$5E,$57,$3A,$D5				; $982C ..,.^W:.
9834: 9BFE013A
9838: 6A69CA49  			defb $9B,$FE,$01,$3A,$6A,$69,$CA,$49				; $9834 ...:ji.I
983C: 9CFE40D8
9840: 2AD69B3A  			defb $9C,$FE,$40,$D8,$2A,$D6,$9B,$3A				; $983C ..@.*..:
9844: 559CC32C
9848: 9AFE90D0  			defb $55,$9C,$C3,$2C,$9A,$FE,$90,$D0				; $9844 U..,....
984C: 2AD69B3A
9850: 559CC32C  			defb $2A,$D6,$9B,$3A,$55,$9C,$C3,$2C				; $984C *..:U..,
9854: 9A005E9C
9858: 669C6E9C  			defb $9A,$00,$5E,$9C,$66,$9C,$6E,$9C				; $9854 ..^.f.n.
985C: 769CEC9D
9860: 269E519E  			defb $76,$9C,$EC,$9D,$26,$9E,$51,$9E				; $985C v...&.Q.
9864: 889E7E9C
9868: C39CE59C  			defb $88,$9E,$7E,$9C,$C3,$9C,$E5,$9C				; $9864 ..~.....
986C: 039DC79E
9870: 019F2C9F  			defb $03,$9D,$C7,$9E,$01,$9F,$2C,$9F				; $986C ......,.
9874: 639F359D
9878: 7A9D9C9D  			defb $63,$9F,$35,$9D,$7A,$9D,$9C,$9D				; $9874 c.5.z...
987C: BA9DE211
9880: 00FE00FF  			defb $BA,$9D,$E2,$11,$00,$FE,$00,$FF				; $987C ........
9884: 00FF00FF
9888: FFFFFFFF  			defb $00,$FF,$00,$FF,$FF,$FF,$FF,$FF				; $9884 ........
988C: FEFFFEFF
9890: FDFFFDFF  			defb $FE,$FF,$FE,$FF,$FD,$FF,$FD,$FF				; $988C ........
9894: FDFFFDFF
9898: FDFFFDFF  			defb $FD,$FF,$FD,$FF,$FD,$FF,$FD,$FF				; $9894 ........
989C: FEFFFEFF
98A0: FFFFFFFF  			defb $FE,$FF,$FE,$FF,$FF,$FF,$FF,$FF				; $989C ........
98A4: 00FF01FF
98A8: 01FF02FF  			defb $00,$FF,$01,$FF,$01,$FF,$02,$FF				; $98A4 ........
98AC: 02FF03FF
98B0: 03FF03FF  			defb $02,$FF,$03,$FF,$03,$FF,$03,$FF				; $98AC ........
98B4: 03FF03FF
98B8: 03FF02FF  			defb $03,$FF,$03,$FF,$03,$FF,$02,$FF				; $98B4 ........
98BC: 02FF01FF
98C0: 01FFE1E2  			defb $02,$FF,$01,$FF,$01,$FF,$E1,$E2				; $98BC ........
98C4: 0800FCE2
98C8: 0C00FEE2  			defb $08,$00,$FC,$E2,$0C,$00,$FE,$E2				; $98C4 ........
98CC: 0801FEE2
98D0: 0800FEE2  			defb $08,$01,$FE,$E2,$08,$00,$FE,$E2				; $98CC ........
98D4: 08FFFEE0
98D8: E20AFE00  			defb $08,$FF,$FE,$E0,$E2,$0A,$FE,$00				; $98D4 ........
98DC: E2040204
98E0: E23200FE  			defb $E2,$04,$02,$04,$E2,$32,$00,$FE				; $98DC .....2..
98E4: E1E20C01
98E8: FEE20CFF  			defb $E1,$E2,$0C,$01,$FE,$E2,$0C,$FF				; $98E4 ........
98EC: FEE20C01
98F0: FEE20CFF  			defb $FE,$E2,$0C,$01,$FE,$E2,$0C,$FF				; $98EC ........
98F4: FEE0E20C
98F8: 01FEE20C  			defb $FE,$E0,$E2,$0C,$01,$FE,$E2,$0C				; $98F4 ........
98FC: FFFEE20C
9900: 01FEE1E2  			defb $FF,$FE,$E2,$0C,$01,$FE,$E1,$E2				; $98FC ........
9904: 1200FEE2
9908: 0801FEE2  			defb $12,$00,$FE,$E2,$08,$01,$FE,$E2				; $9904 ........
990C: 10FFFEE2
9910: 0800FEE2  			defb $10,$FF,$FE,$E2,$08,$00,$FE,$E2				; $990C ........
9914: 0801FEE2
9918: 080100E0  			defb $08,$01,$FE,$E2,$08,$01,$00,$E0				; $9914 ........
991C: E2080102
9920: E2080003  			defb $E2,$08,$01,$02,$E2,$08,$00,$03				; $991C ........
9924: E20A0004
9928: E208FF02  			defb $E2,$0A,$00,$04,$E2,$08,$FF,$02				; $9924 ........
992C: E208FFFE
9930: E22800FC  			defb $E2,$08,$FF,$FE,$E2,$28,$00,$FC				; $992C .....(..
9934: E1E21100
9938: 02000100  			defb $E1,$E2,$11,$00,$02,$00,$01,$00				; $9934 ........
993C: 010001FF
9940: 01FF01FE  			defb $01,$00,$01,$FF,$01,$FF,$01,$FE				; $993C ........
9944: 01FE01FD
9948: 01FD01FD  			defb $01,$FE,$01,$FD,$01,$FD,$01,$FD				; $9944 ........
994C: 01FD01FD
9950: 01FD01FE  			defb $01,$FD,$01,$FD,$01,$FD,$01,$FE				; $994C ........
9954: 01FE01FF
9958: 01FF0100  			defb $01,$FE,$01,$FF,$01,$FF,$01,$00				; $9954 ........
995C: 01010101
9960: 01020102  			defb $01,$01,$01,$01,$01,$02,$01,$02				; $995C ........
9964: 01030103
9968: 01030103  			defb $01,$03,$01,$03,$01,$03,$01,$03				; $9964 ........
996C: 01030103
9970: 01020102  			defb $01,$03,$01,$03,$01,$02,$01,$02				; $996C ........
9974: 01010101
9978: 01E1E208  			defb $01,$01,$01,$01,$01,$E1,$E2,$08				; $9974 ........
997C: 0004E20C
9980: 0002E208  			defb $00,$04,$E2,$0C,$00,$02,$E2,$08				; $997C ........
9984: 0102E208
9988: 0002E208  			defb $01,$02,$E2,$08,$00,$02,$E2,$08				; $9984 ........
998C: FF02E0E2
9990: 0AFE00E2  			defb $FF,$02,$E0,$E2,$0A,$FE,$00,$E2				; $998C ........
9994: 0402FCE2
9998: 320002E1  			defb $04,$02,$FC,$E2,$32,$00,$02,$E1				; $9994 ....2...
999C: E20C0102
99A0: E20CFF02  			defb $E2,$0C,$01,$02,$E2,$0C,$FF,$02				; $999C ........
99A4: E20C0102
99A8: E20CFF02  			defb $E2,$0C,$01,$02,$E2,$0C,$FF,$02				; $99A4 ........
99AC: E0E20C01
99B0: 02E20CFF  			defb $E0,$E2,$0C,$01,$02,$E2,$0C,$FF				; $99AC ........
99B4: 02E20C01
99B8: 02E1E212  			defb $02,$E2,$0C,$01,$02,$E1,$E2,$12				; $99B4 ........
99BC: 0002E208
99C0: 0102E210  			defb $00,$02,$E2,$08,$01,$02,$E2,$10				; $99BC ........
99C4: FF02E208
99C8: 0002E208  			defb $FF,$02,$E2,$08,$00,$02,$E2,$08				; $99C4 ........
99CC: 0102E208
99D0: 0100E0E2  			defb $01,$02,$E2,$08,$01,$00,$E0,$E2				; $99CC ........
99D4: 0801FEE2
99D8: 0800FDE2  			defb $08,$01,$FE,$E2,$08,$00,$FD,$E2				; $99D4 ........
99DC: 0A00FCE2
99E0: 08FFFEE2  			defb $0A,$00,$FC,$E2,$08,$FF,$FE,$E2				; $99DC ........
99E4: 08FF02E2
99E8: 280004E1  			defb $08,$FF,$02,$E2,$28,$00,$04,$E1				; $99E4 ....(...
99EC: E207FC00
99F0: E206FE00  			defb $E2,$07,$FC,$00,$E2,$06,$FE,$00				; $99EC ........
99F4: E20CFF00
99F8: E204FF02  			defb $E2,$0C,$FF,$00,$E2,$04,$FF,$02				; $99F4 ........
99FC: E0E20400
9A00: 02E20401  			defb $E0,$E2,$04,$00,$02,$E2,$04,$01				; $99FC ........
9A04: 02E20401
9A08: 00E20401  			defb $02,$E2,$04,$01,$00,$E2,$04,$01				; $9A04 ........
9A0C: FEE20400
9A10: FEE20AFE  			defb $FE,$E2,$04,$00,$FE,$E2,$0A,$FE				; $9A0C ........
9A14: 00E20CFF
9A18: FEE20CFF  			defb $00,$E2,$0C,$FF,$FE,$E2,$0C,$FF				; $9A14 ........
9A1C: 02E208FE
9A20: 00E20AFC  			defb $02,$E2,$08,$FE,$00,$E2,$0A,$FC				; $9A1C ........
9A24: 00E1E20C
9A28: FE00E206  			defb $00,$E1,$E2,$0C,$FE,$00,$E2,$06				; $9A24 ........
9A2C: FE04E206
9A30: FEFCE206  			defb $FE,$04,$E2,$06,$FE,$FC,$E2,$06				; $9A2C ........
9A34: FE04E20C
9A38: 00FEE20F  			defb $FE,$04,$E2,$0C,$00,$FE,$E2,$0F				; $9A34 ........
9A3C: 0000E0E2
9A40: 10FF00E0  			defb $00,$00,$E0,$E2,$10,$FF,$00,$E0				; $9A3C ........
9A44: E204FE00
9A48: E204FD00  			defb $E2,$04,$FE,$00,$E2,$04,$FD,$00				; $9A44 ........
9A4C: E20BFC00
9A50: E1E207FC  			defb $E2,$0B,$FC,$00,$E1,$E2,$07,$FC				; $9A4C ........
9A54: 00E206FE
9A58: 00E20CFF  			defb $00,$E2,$06,$FE,$00,$E2,$0C,$FF				; $9A54 ........
9A5C: 00E204FF
9A60: 02E0E208  			defb $00,$E2,$04,$FF,$02,$E0,$E2,$08				; $9A5C ........
9A64: FFFEE208
9A68: 00FEE208  			defb $FF,$FE,$E2,$08,$00,$FE,$E2,$08				; $9A64 ........
9A6C: 01FEE208
9A70: 0100E208  			defb $01,$FE,$E2,$08,$01,$00,$E2,$08				; $9A6C ........
9A74: 0002E208
9A78: FF02E0E2  			defb $00,$02,$E2,$08,$FF,$02,$E0,$E2				; $9A74 ........
9A7C: 0CFF00E2
9A80: 08FE00E2  			defb $0C,$FF,$00,$E2,$08,$FE,$00,$E2				; $9A7C ........
9A84: 0DFC00E1
9A88: FF00FF00  			defb $0D,$FC,$00,$E1,$FF,$00,$FF,$00				; $9A84 ........
9A8C: FFFFFFFF
9A90: FFFEFFFE  			defb $FF,$FF,$FF,$FF,$FF,$FE,$FF,$FE				; $9A8C ........
9A94: FFFDFFFD
9A98: FFFDFFFD  			defb $FF,$FD,$FF,$FD,$FF,$FD,$FF,$FD				; $9A94 ........
9A9C: FFFDFFFD
9AA0: FFFEFFFE  			defb $FF,$FD,$FF,$FD,$FF,$FE,$FF,$FE				; $9A9C ........
9AA4: FFFFFFFF
9AA8: FF00FF01  			defb $FF,$FF,$FF,$FF,$FF,$00,$FF,$01				; $9AA4 ........
9AAC: FF01FF02
9AB0: FF02FF03  			defb $FF,$01,$FF,$02,$FF,$02,$FF,$03				; $9AAC ........
9AB4: FF03FF03
9AB8: FF03FF03  			defb $FF,$03,$FF,$03,$FF,$03,$FF,$03				; $9AB4 ........
9ABC: FF03FF02
9AC0: FF02FF01  			defb $FF,$03,$FF,$02,$FF,$02,$FF,$01				; $9ABC ........
9AC4: FF01E1E2
9AC8: 070400E2  			defb $FF,$01,$E1,$E2,$07,$04,$00,$E2				; $9AC4 ........
9ACC: 060200E2
9AD0: 0C0100E2  			defb $06,$02,$00,$E2,$0C,$01,$00,$E2				; $9ACC ........
9AD4: 040102E0
9AD8: E2040002  			defb $04,$01,$02,$E0,$E2,$04,$00,$02				; $9AD4 ........
9ADC: E204FF02
9AE0: E204FF00  			defb $E2,$04,$FF,$02,$E2,$04,$FF,$00				; $9ADC ........
9AE4: E204FFFE
9AE8: E20400FE  			defb $E2,$04,$FF,$FE,$E2,$04,$00,$FE				; $9AE4 ........
9AEC: E20A0200
9AF0: E20C01FE  			defb $E2,$0A,$02,$00,$E2,$0C,$01,$FE				; $9AEC ........
9AF4: E20C0102
9AF8: E2080200  			defb $E2,$0C,$01,$02,$E2,$08,$02,$00				; $9AF4 ........
9AFC: E20A0400
9B00: E1E20C02  			defb $E2,$0A,$04,$00,$E1,$E2,$0C,$02				; $9AFC ........
9B04: 00E20602
9B08: 04E20602  			defb $00,$E2,$06,$02,$04,$E2,$06,$02				; $9B04 ........
9B0C: FCE20602
9B10: 04E20C00  			defb $FC,$E2,$06,$02,$04,$E2,$0C,$00				; $9B0C ........
9B14: FEE20F00
9B18: 00E0E210  			defb $FE,$E2,$0F,$00,$00,$E0,$E2,$10				; $9B14 ........
9B1C: 0100E0E2
9B20: 040200E2  			defb $01,$00,$E0,$E2,$04,$02,$00,$E2				; $9B1C ........
9B24: 040300E2
9B28: 0B0400E1  			defb $04,$03,$00,$E2,$0B,$04,$00,$E1				; $9B24 ........
9B2C: E2070400
9B30: E2060200  			defb $E2,$07,$04,$00,$E2,$06,$02,$00				; $9B2C ........
9B34: E20C0100
9B38: E2040102  			defb $E2,$0C,$01,$00,$E2,$04,$01,$02				; $9B34 ........
9B3C: E0E20801
9B40: FEE20800  			defb $E0,$E2,$08,$01,$FE,$E2,$08,$00				; $9B3C ........
9B44: FEE208FF
9B48: FEE208FF  			defb $FE,$E2,$08,$FF,$FE,$E2,$08,$FF				; $9B44 ........
9B4C: 00E20800
9B50: 02E20801  			defb $00,$E2,$08,$00,$02,$E2,$08,$01				; $9B4C ........
9B54: 02E0E20C
9B58: 0100E208  			defb $02,$E0,$E2,$0C,$01,$00,$E2,$08				; $9B54 ........
9B5C: 0200E20D
9B60: 0400E101  			defb $02,$00,$E2,$0D,$04,$00,$E1,$01				; $9B5C ........
9B64: 00010001
9B68: FF01FF01  			defb $00,$01,$00,$01,$FF,$01,$FF,$01				; $9B64 ........
9B6C: FE01FE01
9B70: FD01FD01  			defb $FE,$01,$FE,$01,$FD,$01,$FD,$01				; $9B6C ........
9B74: FD01FD01
9B78: FD01FD01  			defb $FD,$01,$FD,$01,$FD,$01,$FD,$01				; $9B74 ........
9B7C: FE01FE01
9B80: FF01FF01  			defb $FE,$01,$FE,$01,$FF,$01,$FF,$01				; $9B7C ........
9B84: 00010101
9B88: 01010201  			defb $00,$01,$01,$01,$01,$01,$02,$01				; $9B84 ........
9B8C: 02010301
9B90: 03010301  			defb $02,$01,$03,$01,$03,$01,$03,$01				; $9B8C ........
9B94: 03010301
9B98: 03010201  			defb $03,$01,$03,$01,$03,$01,$02,$01				; $9B94 ........
9B9C: 02010101
9BA0: 01E1F5C5  			defb $02,$01,$01,$01,$01,$E1,$F5,$C5				; $9B9C ........
9BA4: D5E5DDE5
9BA8: 4F7BFE79  			defb $D5,$E5,$DD,$E5,$4F,$7B,$FE,$79				; $9BA4 ....O{.y
9BAC: D2FB9F7A
9BB0: E6F857CD  			defb $D2,$FB,$9F,$7A,$E6,$F8,$57,$CD				; $9BAC ...z..W.
9BB4: 8F677E2C
9BB8: B6D5111F  			defb $8F,$67,$7E,$2C,$B6,$D5,$11,$1F				; $9BB4 .g~,....
9BBC: 0019D1B6
9BC0: 2CB6C2FB  			defb $00,$19,$D1,$B6,$2C,$B6,$C2,$FB				; $9BBC ....,...
9BC4: 9FDD2102
9BC8: A0DD7E00  			defb $9F,$DD,$21,$02,$A0,$DD,$7E,$00				; $9BC4 ..!...~.
9BCC: FEFFCAFB
9BD0: 9FB7280A  			defb $FE,$FF,$CA,$FB,$9F,$B7,$28,$0A				; $9BCC ......(.
9BD4: C5010600
9BD8: DD09C1C3  			defb $C5,$01,$06,$00,$DD,$09,$C1,$C3				; $9BD4 ........
9BDC: C99F79CD
9BE0: 3FA0DD71  			defb $C9,$9F,$79,$CD,$3F,$A0,$DD,$71				; $9BDC ..y.?..q
9BE4: 007EDD77
9BE8: 017BE6FC  			defb $00,$7E,$DD,$77,$01,$7B,$E6,$FC				; $9BE4 .~.w.{..
9BEC: DD7702DD
9BF0: 720311F9  			defb $DD,$77,$02,$DD,$72,$03,$11,$F9				; $9BEC .w..r...
9BF4: C6DD7304
9BF8: DD7205DD  			defb $C6,$DD,$73,$04,$DD,$72,$05,$DD				; $9BF4 ..s..r..
9BFC: E1E1D1C1
9C00: F1C90445  			defb $E1,$E1,$D1,$C1,$F1,$C9,$04,$45				; $9BFC .......E
9C04: 454B4045
9C08: 454B4045  			defb $45,$4B,$40,$45,$45,$4B,$40,$45				; $9C04 EK@EEK@E
9C0C: 45C34045
9C10: 45C34000  			defb $45,$C3,$40,$45,$45,$C3,$40,$00				; $9C0C E.@EE.@.
9C14: 0A828000
9C18: 0A008000  			defb $0A,$82,$80,$00,$0A,$00,$80,$00				; $9C14 ........
9C1C: 4B408000
9C20: 41C00000  			defb $4B,$40,$80,$00,$41,$C0,$00,$00				; $9C1C K@..A...
9C24: 44080000
9C28: 44080000  			defb $44,$08,$00,$00,$44,$08,$00,$00				; $9C24 D...D...
9C2C: CC0C0000
9C30: CC0C0044  			defb $CC,$0C,$00,$00,$CC,$0C,$00,$44				; $9C2C .......D
9C34: 88040844
9C38: 880408CC  			defb $88,$04,$08,$44,$88,$04,$08,$CC				; $9C34 ...D....
9C3C: 450AFFF5
9C40: C5878787  			defb $45,$0A,$FF,$F5,$C5,$87,$87,$87				; $9C3C E.......
9C44: 6F260001
9C48: 5DA109C1  			defb $6F,$26,$00,$01,$5D,$A1,$09,$C1				; $9C44 o&..]...
9C4C: F1C92102
9C50: A07EFEFF  			defb $F1,$C9,$21,$02,$A0,$7E,$FE,$FF				; $9C4C ..!..~..
9C54: C8B72007
9C58: 01060009  			defb $C8,$B7,$20,$07,$01,$06,$00,$09				; $9C54 .. .....
9C5C: C351A0E5
9C60: 234E235E  			defb $C3,$51,$A0,$E5,$23,$4E,$23,$5E				; $9C5C .Q..#N#^
9C64: 2356CDC4
9C68: 69201742  			defb $23,$56,$CD,$C4,$69,$20,$17,$42				; $9C64 #V..i .B
9C6C: 1472237E
9C70: 23666F79  			defb $14,$72,$23,$7E,$23,$66,$6F,$79				; $9C6C .r#~#foy
9C74: 4BCDDBA4
9C78: DDE1DDE5  			defb $4B,$CD,$DB,$A4,$DD,$E1,$DD,$E5				; $9C74 K.......
9C7C: DD7504DD
9C80: 7405E1C3  			defb $DD,$75,$04,$DD,$74,$05,$E1,$C3				; $9C7C .u..t...
9C84: 58A03E01
9C88: CDB967DD  			defb $58,$A0,$3E,$01,$CD,$B9,$67,$DD				; $9C84 X.>...g.
9C8C: 2102A0DD
9C90: 7E00FEFF  			defb $21,$02,$A0,$DD,$7E,$00,$FE,$FF				; $9C8C !...~...
9C94: C8B72008
9C98: 010600DD  			defb $C8,$B7,$20,$08,$01,$06,$00,$DD				; $9C94 .. .....
9C9C: 09C38FA0
9CA0: DD5E02DD  			defb $09,$C3,$8F,$A0,$DD,$5E,$02,$DD				; $9C9C .....^..
9CA4: 5603477A
9CA8: FEC078D2  			defb $56,$03,$47,$7A,$FE,$C0,$78,$D2				; $9CA4 V.Gz..x.
9CAC: F6A0CD3F
9CB0: A0D2D4A0  			defb $F6,$A0,$CD,$3F,$A0,$D2,$D4,$A0				; $9CAC ...?....
9CB4: 7E234E23
9CB8: 46CD7BA4  			defb $7E,$23,$4E,$23,$46,$CD,$7B,$A4				; $9CB4 ~#N#F.{.
9CBC: 3A948FB7
9CC0: 200AED4B  			defb $3A,$94,$8F,$B7,$20,$0A,$ED,$4B				; $9CBC :... ..K
9CC4: 6969CD02
9CC8: 68B72008  			defb $69,$69,$CD,$02,$68,$B7,$20,$08				; $9CC4 ii..h. .
9CCC: 010600DD
9CD0: 09C38FA0  			defb $01,$06,$00,$DD,$09,$C3,$8F,$A0				; $9CCC ........
9CD4: 235E2356
9CD8: E5DDE52A  			defb $23,$5E,$23,$56,$E5,$DD,$E5,$2A				; $9CD4 #^#V...*
9CDC: 73791922
9CE0: 7379CD35  			defb $73,$79,$19,$22,$73,$79,$CD,$35				; $9CDC sy."sy.5
9CE4: 79CDAF78
9CE8: 1E19CD42  			defb $79,$CD,$AF,$78,$1E,$19,$CD,$42				; $9CE4 y..x...B
9CEC: EFDDE1E1
9CF0: 237E2366  			defb $EF,$DD,$E1,$E1,$23,$7E,$23,$66				; $9CEC ....#~#f
9CF4: 6FE9DD36
9CF8: 0000DD4E  			defb $6F,$E9,$DD,$36,$00,$00,$DD,$4E				; $9CF4 o..6...N
9CFC: 02DD4603
9D00: DD6E04DD  			defb $02,$DD,$46,$03,$DD,$6E,$04,$DD				; $9CFC ..F..n..
9D04: 6605AFCD
9D08: DBA40106  			defb $66,$05,$AF,$CD,$DB,$A4,$01,$06				; $9D04 f.......
9D0C: 00DD09C3
9D10: 8FA03AEE  			defb $00,$DD,$09,$C3,$8F,$A0,$3A,$EE				; $9D0C ......:.
9D14: 6AB7C2F6
9D18: A03E0132  			defb $6A,$B7,$C2,$F6,$A0,$3E,$01,$32				; $9D14 j....>.2
9D1C: EE6AED5B
9D20: 6969424B  			defb $EE,$6A,$ED,$5B,$69,$69,$42,$4B				; $9D1C .j.[iiBK
9D24: CD5369C3
9D28: F6A03AFA  			defb $CD,$53,$69,$C3,$F6,$A0,$3A,$FA				; $9D24 .Si...:.
9D2C: 7B878787
9D30: 8726006F  			defb $7B,$87,$87,$87,$87,$26,$00,$6F				; $9D2C {....&.o
9D34: 01B57B09
9D38: 4E0C2323  			defb $01,$B5,$7B,$09,$4E,$0C,$23,$23				; $9D34 ..{.N.##
9D3C: 23237EB9
9D40: DAF6A02B  			defb $23,$23,$7E,$B9,$DA,$F6,$A0,$2B				; $9D3C ##~....+
9D44: 2B2B2B71
9D48: CD727BC3  			defb $2B,$2B,$2B,$71,$CD,$72,$7B,$C3				; $9D44 +++q.r{.
9D4C: F6A03AF3
9D50: 6AB7C2F6  			defb $F6,$A0,$3A,$F3,$6A,$B7,$C2,$F6				; $9D4C ..:.j...
9D54: A03E0132
9D58: F36AC3F6  			defb $A0,$3E,$01,$32,$F3,$6A,$C3,$F6				; $9D54 .>.2.j..
9D5C: A0000000
9D60: 00000000  			defb $A0,$00,$00,$00,$00,$00,$00,$00				; $9D5C ........
9D64: 00714747
9D68: 000012A1  			defb $00,$71,$47,$47,$00,$00,$12,$A1				; $9D64 .qGG....
9D6C: 00724504
9D70: 3200F6A0  			defb $00,$72,$45,$04,$32,$00,$F6,$A0				; $9D6C .rE.2...
9D74: 00734342
9D78: 5000F6A0  			defb $00,$73,$43,$42,$50,$00,$F6,$A0				; $9D74 .sCBP...
9D7C: 00744746
9D80: 6E00F6A0  			defb $00,$74,$47,$46,$6E,$00,$F6,$A0				; $9D7C .tGFn...
9D84: 00754505
9D88: 8C00F6A0  			defb $00,$75,$45,$05,$8C,$00,$F6,$A0				; $9D84 .uE.....
9D8C: 00724505
9D90: 3200F6A0  			defb $00,$72,$45,$05,$32,$00,$F6,$A0				; $9D8C .rE.2...
9D94: 00734746
9D98: 5000F6A0  			defb $00,$73,$47,$46,$50,$00,$F6,$A0				; $9D94 .sGFP...
9D9C: 00744342
9DA0: 6E00F6A0  			defb $00,$74,$43,$42,$6E,$00,$F6,$A0				; $9D9C .tCBn...
9DA4: 00754504
9DA8: 8C00F6A0  			defb $00,$75,$45,$04,$8C,$00,$F6,$A0				; $9DA4 .uE.....
9DAC: 00764746
9DB0: 00002AA1  			defb $00,$76,$47,$46,$00,$00,$2A,$A1				; $9DAC .vGF..*.
9DB4: 00774707
9DB8: 00004EA1  			defb $00,$77,$47,$07,$00,$00,$4E,$A1				; $9DB4 .wG...N.
9DBC: 00834747
9DC0: 0000F6A0  			defb $00,$83,$47,$47,$00,$00,$F6,$A0				; $9DBC ..GG....
9DC4: 00844707
9DC8: 0000F6A0  			defb $00,$84,$47,$07,$00,$00,$F6,$A0				; $9DC4 ..G.....
9DCC: 008C4747
9DD0: 0000F6A0  			defb $00,$8C,$47,$47,$00,$00,$F6,$A0				; $9DCC ..GG....
9DD4: 00FFFEE9
9DD8: D8F5C5D5  			defb $00,$FF,$FE,$E9,$D8,$F5,$C5,$D5				; $9DD4 ........
9DDC: E521F6A1
9DE0: 4F7EFEFF  			defb $E5,$21,$F6,$A1,$4F,$7E,$FE,$FF				; $9DDC .!..O~..
9DE4: 280B2323
9DE8: B920F62B  			defb $28,$0B,$23,$23,$B9,$20,$F6,$2B				; $9DE4 (.##. .+
9DEC: 7E15CDA2
9DF0: 9FE1D1C1  			defb $7E,$15,$CD,$A2,$9F,$E1,$D1,$C1				; $9DEC ~.......
9DF4: F1C9E90A
9DF8: EA01EB0B  			defb $F1,$C9,$E9,$0A,$EA,$01,$EB,$0B				; $9DF4 ........
9DFC: FFF5C5D5
9E00: E5C56F7B  			defb $FF,$F5,$C5,$D5,$E5,$C5,$6F,$7B				; $9DFC ......o{
9E04: FEAAD267
9E08: A379FEAA  			defb $FE,$AA,$D2,$67,$A3,$79,$FE,$AA				; $9E04 ...g.y..
9E0C: D267A37B
9E10: FE79D29C  			defb $D2,$67,$A3,$7B,$FE,$79,$D2,$9C				; $9E0C .g.{.y..
9E14: A279FE79
9E18: D29CA265  			defb $A2,$79,$FE,$79,$D2,$9C,$A2,$65				; $9E14 .y.y...e
9E1C: 2E00CB3C
9E20: CB1D444D  			defb $2E,$00,$CB,$3C,$CB,$1D,$44,$4D				; $9E1C ...<..DM
9E24: CB3CCB1D
9E28: 0901F9C6  			defb $CB,$3C,$CB,$1D,$09,$01,$F9,$C6				; $9E24 .<......
9E2C: 09444D7B
9E30: E6036F26  			defb $09,$44,$4D,$7B,$E6,$03,$6F,$26				; $9E2C .DM{..o&
9E34: 00292929
9E38: 29D5545D  			defb $00,$29,$29,$29,$29,$D5,$54,$5D				; $9E34 .)))).T]
9E3C: 29190922
9E40: 9AA2D17B  			defb $29,$19,$09,$22,$9A,$A2,$D1,$7B				; $9E3C ).."...{
9E44: E67C0F0F
9E48: 3266A24A  			defb $E6,$7C,$0F,$0F,$32,$66,$A2,$4A				; $9E44 .|..2f.J
9E4C: D9D17BE6
9E50: 7C0F0F32  			defb $D9,$D1,$7B,$E6,$7C,$0F,$0F,$32				; $9E4C ..{.|..2
9E54: 7FA24AD1
9E58: D9ED5B9A  			defb $7F,$A2,$4A,$D1,$D9,$ED,$5B,$9A				; $9E54 ..J...[.
9E5C: A2061026
9E60: 64697E25  			defb $A2,$06,$10,$26,$64,$69,$7E,$25				; $9E5C ...&di~%
9E64: 66F6006F
9E68: 0C1AAE77  			defb $66,$F6,$00,$6F,$0C,$1A,$AE,$77				; $9E64 f..o...w
9E6C: 2C131AAE
9E70: 772C131A  			defb $2C,$13,$1A,$AE,$77,$2C,$13,$1A				; $9E6C ,...w,..
9E74: AE7713D9
9E78: 2664697E  			defb $AE,$77,$13,$D9,$26,$64,$69,$7E				; $9E74 .w..&di~
9E7C: 2566F600
9E80: 6F0C1AAE  			defb $25,$66,$F6,$00,$6F,$0C,$1A,$AE				; $9E7C %f..o...
9E84: 772C131A
9E88: AE772C13  			defb $77,$2C,$13,$1A,$AE,$77,$2C,$13				; $9E84 w,...w,.
9E8C: 1AAE7713
9E90: D910CC2A  			defb $1A,$AE,$77,$13,$D9,$10,$CC,$2A				; $9E8C ..w....*
9E94: 9AA2D1C1
9E98: F1C9F9C6  			defb $9A,$A2,$D1,$C1,$F1,$C9,$F9,$C6				; $9E94 ........
9E9C: 652E00CB
9EA0: 3CCB1D44  			defb $65,$2E,$00,$CB,$3C,$CB,$1D,$44				; $9E9C e...<..D
9EA4: 4DCB3CCB
9EA8: 1D0901F9  			defb $4D,$CB,$3C,$CB,$1D,$09,$01,$F9				; $9EA4 M.<.....
9EAC: C609444D
9EB0: 7BE6036F  			defb $C6,$09,$44,$4D,$7B,$E6,$03,$6F				; $9EAC ..DM{..o
9EB4: 26002929
9EB8: 2929D554  			defb $26,$00,$29,$29,$29,$29,$D5,$54				; $9EB4 &.)))).T
9EBC: 5D291909
9EC0: 229AA2D1  			defb $5D,$29,$19,$09,$22,$9A,$A2,$D1				; $9EBC ]).."...
9EC4: 7BE67C0F
9EC8: 0F3233A3  			defb $7B,$E6,$7C,$0F,$0F,$32,$33,$A3				; $9EC4 {.|..23.
9ECC: 4A3E7732
9ED0: 3DA33242  			defb $4A,$3E,$77,$32,$3D,$A3,$32,$42				; $9ECC J>w2=.2B
9ED4: A33238A3
9ED8: 7BFE7938  			defb $A3,$32,$38,$A3,$7B,$FE,$79,$38				; $9ED4 .28.{.y8
9EDC: 16AF3242
9EE0: A37BFE7C  			defb $16,$AF,$32,$42,$A3,$7B,$FE,$7C				; $9EDC ..2B.{.|
9EE4: 380DAF32
9EE8: 3DA37BFE  			defb $38,$0D,$AF,$32,$3D,$A3,$7B,$FE				; $9EE4 8..2=.{.
9EEC: 803804AF
9EF0: 3238A3D9  			defb $80,$38,$04,$AF,$32,$38,$A3,$D9				; $9EEC .8..28..
9EF4: D13E7732
9EF8: 56A3325B  			defb $D1,$3E,$77,$32,$56,$A3,$32,$5B				; $9EF4 .>w2V.2[
9EFC: A33251A3
9F00: 7BFE7938  			defb $A3,$32,$51,$A3,$7B,$FE,$79,$38				; $9EFC .2Q.{.y8
9F04: 16AF325B
9F08: A37BFE7C  			defb $16,$AF,$32,$5B,$A3,$7B,$FE,$7C				; $9F04 ..2[.{.|
9F0C: 380DAF32
9F10: 56A37BFE  			defb $38,$0D,$AF,$32,$56,$A3,$7B,$FE				; $9F0C 8..2V.{.
9F14: 803804AF
9F18: 3251A37B  			defb $80,$38,$04,$AF,$32,$51,$A3,$7B				; $9F14 .8..2Q.{
9F1C: E67C0F0F
9F20: 324CA34A  			defb $E6,$7C,$0F,$0F,$32,$4C,$A3,$4A				; $9F1C .|..2L.J
9F24: D1D9ED5B
9F28: 9AA20610  			defb $D1,$D9,$ED,$5B,$9A,$A2,$06,$10				; $9F24 ...[....
9F2C: 2664697E
9F30: 2566F600  			defb $26,$64,$69,$7E,$25,$66,$F6,$00				; $9F2C &di~%f..
9F34: 6F0C1AAE
9F38: 772C131A  			defb $6F,$0C,$1A,$AE,$77,$2C,$13,$1A				; $9F34 o...w,..
9F3C: AE772C13
9F40: 1AAE7713  			defb $AE,$77,$2C,$13,$1A,$AE,$77,$13				; $9F3C .w,...w.
9F44: D9266469
9F48: 7E2566F6  			defb $D9,$26,$64,$69,$7E,$25,$66,$F6				; $9F44 .&di~%f.
9F4C: 006F0C1A
9F50: AE772C13  			defb $00,$6F,$0C,$1A,$AE,$77,$2C,$13				; $9F4C .o...w,.
9F54: 1AAE772C
9F58: 131AAE77  			defb $1A,$AE,$77,$2C,$13,$1A,$AE,$77				; $9F54 ..w,...w
9F5C: 13D910CC
9F60: 2A9AA2D1  			defb $13,$D9,$10,$CC,$2A,$9A,$A2,$D1				; $9F5C ....*...
9F64: C1F1C965
9F68: 2E00CB3C  			defb $C1,$F1,$C9,$65,$2E,$00,$CB,$3C				; $9F64 ...e...<
9F6C: CB1D444D
9F70: CB3CCB1D  			defb $CB,$1D,$44,$4D,$CB,$3C,$CB,$1D				; $9F6C ..DM.<..
9F74: 0901F9C6
9F78: 09444D7B  			defb $09,$01,$F9,$C6,$09,$44,$4D,$7B				; $9F74 .....DM{
9F7C: E6036F26
9F80: 00292929  			defb $E6,$03,$6F,$26,$00,$29,$29,$29				; $9F7C ..o&.)))
9F84: 29D5545D
9F88: 29190922  			defb $29,$D5,$54,$5D,$29,$19,$09,$22				; $9F84 ).T]).."
9F8C: 9AA2D17B
9F90: E67C0F0F  			defb $9A,$A2,$D1,$7B,$E6,$7C,$0F,$0F				; $9F8C ...{.|..
9F94: 3212A44A
9F98: 21772C22  			defb $32,$12,$A4,$4A,$21,$77,$2C,$22				; $9F94 2..J!w,"
9F9C: 1CA42217
9FA0: A47D3221  			defb $1C,$A4,$22,$17,$A4,$7D,$32,$21				; $9F9C .."..}2!
9FA4: A47BFE80
9FA8: 381EAF32  			defb $A4,$7B,$FE,$80,$38,$1E,$AF,$32				; $9FA4 .{..8..2
9FAC: 12A42100
9FB0: 002217A4  			defb $12,$A4,$21,$00,$00,$22,$17,$A4				; $9FAC ..!.."..
9FB4: 7BFEFC30
9FB8: 0F210000  			defb $7B,$FE,$FC,$30,$0F,$21,$00,$00				; $9FB4 {..0.!..
9FBC: 221CA47B
9FC0: FEF83004  			defb $22,$1C,$A4,$7B,$FE,$F8,$30,$04				; $9FBC "..{..0.
9FC4: AF3221A4
9FC8: D9D17BE6  			defb $AF,$32,$21,$A4,$D9,$D1,$7B,$E6				; $9FC4 .2!...{.
9FCC: 7C0F0F32
9FD0: 2BA42177  			defb $7C,$0F,$0F,$32,$2B,$A4,$21,$77				; $9FCC |..2+.!w
9FD4: 2C2235A4
9FD8: 2230A47D  			defb $2C,$22,$35,$A4,$22,$30,$A4,$7D				; $9FD4 ,"5."0.}
9FDC: 323AA47B
9FE0: FE80381E  			defb $32,$3A,$A4,$7B,$FE,$80,$38,$1E				; $9FDC 2:.{..8.
9FE4: AF322BA4
9FE8: 21000022  			defb $AF,$32,$2B,$A4,$21,$00,$00,$22				; $9FE4 .2+.!.."
9FEC: 30A47BFE
9FF0: FC300F21  			defb $30,$A4,$7B,$FE,$FC,$30,$0F,$21				; $9FEC 0.{..0.!
9FF4: 00002235
9FF8: A47BFEF8  			defb $00,$00,$22,$35,$A4,$7B,$FE,$F8				; $9FF4 .."5.{..
9FFC: 3004AF32
A000: 3AA44AD1  			defb $30,$04,$AF,$32,$3A,$A4,$4A,$D1				; $9FFC 0..2:.J.
A004: D9ED5B9A
A008: A2061026  			defb $D9,$ED,$5B,$9A,$A2,$06,$10,$26				; $A004 ..[....&
A00C: 64697E25
A010: 66F6006F  			defb $64,$69,$7E,$25,$66,$F6,$00,$6F				; $A00C di~%f..o
A014: 0C1AAE77
A018: 2C131AAE  			defb $0C,$1A,$AE,$77,$2C,$13,$1A,$AE				; $A014 ...w,...
A01C: 772C131A
A020: AE7713D9  			defb $77,$2C,$13,$1A,$AE,$77,$13,$D9				; $A01C w,...w..
A024: 2664697E
A028: 2566F600  			defb $26,$64,$69,$7E,$25,$66,$F6,$00				; $A024 &di~%f..
A02C: 6F0C1AAE
A030: 772C131A  			defb $6F,$0C,$1A,$AE,$77,$2C,$13,$1A				; $A02C o...w,..
A034: AE772C13
A038: 1AAE7713  			defb $AE,$77,$2C,$13,$1A,$AE,$77,$13				; $A034 .w,...w.
A03C: D910CC2A
A040: 9AA2D1C1  			defb $D9,$10,$CC,$2A,$9A,$A2,$D1,$C1				; $A03C ...*....
A044: F1C9F5C5
A048: D5E50603  			defb $F1,$C9,$F5,$C5,$D5,$E5,$06,$03				; $A044 ........
A04C: 7BFE8038
A050: 021E00CD  			defb $7B,$FE,$80,$38,$02,$1E,$00,$CD				; $A04C {..8....
A054: 9967E511
A058: 000319EB  			defb $99,$67,$E5,$11,$00,$03,$19,$EB				; $A054 .g......
A05C: E11AB720
A060: 01712313  			defb $E1,$1A,$B7,$20,$01,$71,$23,$13				; $A05C ... .q#.
A064: 1AB72001
A068: 7123131A  			defb $1A,$B7,$20,$01,$71,$23,$13,$1A				; $A064 .. .q#..
A06C: B7200171
A070: 111E0019  			defb $B7,$20,$01,$71,$11,$1E,$00,$19				; $A06C . .q....
A074: 10E0E1D1
A078: C1F1C9F5  			defb $10,$E0,$E1,$D1,$C1,$F1,$C9,$F5				; $A074 ........
A07C: C5D5E57B
A080: FE803802  			defb $C5,$D5,$E5,$7B,$FE,$80,$38,$02				; $A07C ...{..8.
A084: 1E003E03
A088: CD996708  			defb $1E,$00,$3E,$03,$CD,$99,$67,$08				; $A084 ..>...g.
A08C: E5110003
A090: 19EBE11A  			defb $E5,$11,$00,$03,$19,$EB,$E1,$1A				; $A08C ........
A094: B7200171
A098: 23131AB7  			defb $B7,$20,$01,$71,$23,$13,$1A,$B7				; $A094 . .q#...
A09C: 20017011
A0A0: 1F001908  			defb $20,$01,$70,$11,$1F,$00,$19,$08				; $A09C  .p.....
A0A4: 3DC28BA4
A0A8: E1D1C1F1  			defb $3D,$C2,$8B,$A4,$E1,$D1,$C1,$F1				; $A0A4 =.......
A0AC: C9F5C5D5
A0B0: E506027B  			defb $C9,$F5,$C5,$D5,$E5,$06,$02,$7B				; $A0AC .......{
A0B4: FE803802
A0B8: 1E00CD99  			defb $FE,$80,$38,$02,$1E,$00,$CD,$99				; $A0B4 ..8.....
A0BC: 67E51100
A0C0: 0319EBE1  			defb $67,$E5,$11,$00,$03,$19,$EB,$E1				; $A0BC g.......
A0C4: 1AB72001
A0C8: 712C1C1A  			defb $1A,$B7,$20,$01,$71,$2C,$1C,$1A				; $A0C4 .. .q,..
A0CC: B7200171
A0D0: 111F0019  			defb $B7,$20,$01,$71,$11,$1F,$00,$19				; $A0CC . .q....
A0D4: 10E7E1D1
A0D8: C1F1C9F5  			defb $10,$E7,$E1,$D1,$C1,$F1,$C9,$F5				; $A0D4 ........
A0DC: C5D5E5C5
A0E0: 6F260029  			defb $C5,$D5,$E5,$C5,$6F,$26,$00,$29				; $A0DC ....o&.)
A0E4: 29292929
A0E8: 0179D409  			defb $29,$29,$29,$29,$01,$79,$D4,$09				; $A0E4 )))).y..
A0EC: 229AA27B
A0F0: E67C0F0F  			defb $22,$9A,$A2,$7B,$E6,$7C,$0F,$0F				; $A0EC "..{.|..
A0F4: 320FA54A
A0F8: D9D17BE6  			defb $32,$0F,$A5,$4A,$D9,$D1,$7B,$E6				; $A0F4 2..J..{.
A0FC: 7C0F0F32
A100: 23A54AD1  			defb $7C,$0F,$0F,$32,$23,$A5,$4A,$D1				; $A0FC |..2#.J.
A104: D9EB0610
A108: 2664697E  			defb $D9,$EB,$06,$10,$26,$64,$69,$7E				; $A104 ....&di~
A10C: 2566F600
A110: 6F0C1A13  			defb $25,$66,$F6,$00,$6F,$0C,$1A,$13				; $A10C %f..o...
A114: AE772C1A
A118: 13AE77D9  			defb $AE,$77,$2C,$1A,$13,$AE,$77,$D9				; $A114 .w,...w.
A11C: 2664697E
A120: 2566F600  			defb $26,$64,$69,$7E,$25,$66,$F6,$00				; $A11C &di~%f..
A124: 6F0C1AAE
A128: 772C131A  			defb $6F,$0C,$1A,$AE,$77,$2C,$13,$1A				; $A124 o...w,..
A12C: AE7713D9
A130: 10D62A9A  			defb $AE,$77,$13,$D9,$10,$D6,$2A,$9A				; $A12C .w....*.
A134: A2D1C1F1
A138: C9C56F26  			defb $A2,$D1,$C1,$F1,$C9,$C5,$6F,$26				; $A134 ......o&
A13C: 00292929
A140: 29290179  			defb $00,$29,$29,$29,$29,$29,$01,$79				; $A13C .))))).y
A144: D409C1C9
A148: FEE9D0F5  			defb $D4,$09,$C1,$C9,$FE,$E9,$D0,$F5				; $A144 ........
A14C: C5D5E56F
A150: 26002929  			defb $C5,$D5,$E5,$6F,$26,$00,$29,$29				; $A14C ...o&.))
A154: 29292901
A158: 79D4097B  			defb $29,$29,$29,$01,$79,$D4,$09,$7B				; $A154 ))).y..{
A15C: E67C0F0F
A160: 326EA54A  			defb $E6,$7C,$0F,$0F,$32,$6E,$A5,$4A				; $A15C .|..2n.J
A164: EB061026
A168: 64697E25  			defb $EB,$06,$10,$26,$64,$69,$7E,$25				; $A164 ...&di~%
A16C: 66F6006F
A170: 0C1A1377  			defb $66,$F6,$00,$6F,$0C,$1A,$13,$77				; $A16C f..o...w
A174: 2C1A1377
A178: 10EDE1D1  			defb $2C,$1A,$13,$77,$10,$ED,$E1,$D1				; $A174 ,..w....
A17C: C1F1C9FE
A180: E9D0F5C5  			defb $C1,$F1,$C9,$FE,$E9,$D0,$F5,$C5				; $A17C ........
A184: D5E56F26
A188: 00292901  			defb $D5,$E5,$6F,$26,$00,$29,$29,$01				; $A184 ..o&.)).
A18C: B9E90944
A190: 4DCD9967  			defb $B9,$E9,$09,$44,$4D,$CD,$99,$67				; $A18C ...DM..g
A194: 0A772C03
A198: 0A770311  			defb $0A,$77,$2C,$03,$0A,$77,$03,$11				; $A194 .w,..w..
A19C: 1F00190A
A1A0: 772C030A  			defb $1F,$00,$19,$0A,$77,$2C,$03,$0A				; $A19C ....w,..
A1A4: 77E1D1C1
A1A8: F1C90102  			defb $77,$E1,$D1,$C1,$F1,$C9,$01,$02				; $A1A4 w.......
A1AC: 03040501
A1B0: 01151617  			defb $03,$04,$05,$01,$01,$15,$16,$17				; $A1AC ........
A1B4: 18161715
A1B8: 02010248  			defb $18,$16,$17,$15,$02,$01,$02,$48				; $A1B4 .......H
A1BC: FF051413
A1C0: FF050015  			defb $FF,$05,$14,$13,$FF,$05,$00,$15				; $A1BC ........
A1C4: 01020315
A1C8: 001D001F  			defb $01,$02,$03,$15,$00,$1D,$00,$1F				; $A1C4 ........
A1CC: FF050010
A1D0: 144B0101  			defb $FF,$05,$00,$10,$14,$4B,$01,$01				; $A1CC .....K..
A1D4: 0415FF09
A1D8: 00150201  			defb $04,$15,$FF,$09,$00,$15,$02,$01				; $A1D4 ........
A1DC: 01010515
A1E0: FF090015  			defb $01,$01,$05,$15,$FF,$09,$00,$15				; $A1DC ........
A1E4: 01030102
A1E8: 0115FF09  			defb $01,$03,$01,$02,$01,$15,$FF,$09				; $A1E4 ........
A1EC: 00150401
A1F0: 01010215  			defb $00,$15,$04,$01,$01,$01,$02,$15				; $A1EC ........
A1F4: FF090012
A1F8: 14490102  			defb $FF,$09,$00,$12,$14,$49,$01,$02				; $A1F4 .....I..
A1FC: 0315FF0A
A200: 001D1503  			defb $03,$15,$FF,$0A,$00,$1D,$15,$03				; $A1FC ........
A204: 04041500
A208: 00960D80  			defb $04,$04,$15,$00,$00,$96,$0D,$80				; $A204 ........
A20C: 8182000F
A210: 0E0D4A14  			defb $81,$82,$00,$0F,$0E,$0D,$4A,$14				; $A20C ......J.
A214: 14011500
A218: 00150102  			defb $14,$01,$15,$00,$00,$15,$01,$02				; $A214 ........
A21C: 03040501
A220: 04030101  			defb $03,$04,$05,$01,$04,$03,$01,$01				; $A21C ........
A224: 02020304
A228: 05020304  			defb $02,$02,$03,$04,$05,$02,$03,$04				; $A224 ........
A22C: 05150101
A230: 02030405  			defb $05,$15,$01,$01,$02,$03,$04,$05				; $A22C ........
A234: 02FF0814
A238: 13343534  			defb $02,$FF,$08,$14,$13,$34,$35,$34				; $A234 .....454
A23C: 35343534
A240: 7C004E4F  			defb $35,$34,$35,$34,$7C,$00,$4E,$4F				; $A23C 5454|.NO
A244: FF0C007E
A248: 005051FF  			defb $FF,$0C,$00,$7E,$00,$50,$51,$FF				; $A244 ...~.PQ.
A24C: 0C007E00
A250: 5253FF0C  			defb $0C,$00,$7E,$00,$52,$53,$FF,$0C				; $A24C ..~.RS..
A254: 007DFF0F
A258: 007CFF0D  			defb $00,$7D,$FF,$0F,$00,$7C,$FF,$0D				; $A254 .}...|..
A25C: 0027287E
A260: FF070023  			defb $00,$27,$28,$7E,$FF,$07,$00,$23				; $A25C .'(~...#
A264: 24FF0400
A268: 292A7DFF  			defb $24,$FF,$04,$00,$29,$2A,$7D,$FF				; $A264 $...)*}.
A26C: 07002526
A270: 00000010  			defb $07,$00,$25,$26,$00,$00,$00,$10				; $A26C ..%&....
A274: 14147CFF
A278: 050079FF  			defb $14,$14,$7C,$FF,$05,$00,$79,$FF				; $A274 ..|...y.
A27C: 05787915
A280: 01010102  			defb $05,$78,$79,$15,$01,$01,$01,$02				; $A27C .xy.....
A284: 03010203
A288: 04050103  			defb $03,$01,$02,$03,$04,$05,$01,$03				; $A284 ........
A28C: 04051501
A290: 02033435  			defb $04,$05,$15,$01,$02,$03,$34,$35				; $A28C ......45
A294: 36353637
A298: 36353435  			defb $36,$35,$36,$37,$36,$35,$34,$35				; $A294 65676545
A29C: 35341504
A2A0: 0501FF0C  			defb $35,$34,$15,$04,$05,$01,$FF,$0C				; $A29C 54......
A2A4: 00121414
A2A8: 14FF0D00  			defb $00,$12,$14,$14,$14,$FF,$0D,$00				; $A2A4 ........
A2AC: 3031FF0E
A2B0: 003233FF  			defb $30,$31,$FF,$0E,$00,$32,$33,$FF				; $A2AC 01...23.
A2B4: 1D00FF04
A2B8: ECFF1000  			defb $1D,$00,$FF,$04,$EC,$FF,$10,$00				; $A2B4 ........
A2BC: FF061411
A2C0: FF090001  			defb $FF,$06,$14,$11,$FF,$09,$00,$01				; $A2BC ........
A2C4: 02030301
A2C8: 02150D0E  			defb $02,$03,$03,$01,$02,$15,$0D,$0E				; $A2C4 ........
A2CC: 0F0D0E0F
A2D0: 0D0E0E01  			defb $0F,$0D,$0E,$0F,$0D,$0E,$0E,$01				; $A2CC ........
A2D4: 01040115
A2D8: 191AFF09  			defb $01,$04,$01,$15,$19,$1A,$FF,$09				; $A2D4 ........
A2DC: 1B020302
A2E0: 03150000  			defb $1B,$02,$03,$02,$03,$15,$00,$00				; $A2DC ........
A2E4: 3C003C00
A2E8: 3CFF04FA  			defb $3C,$00,$3C,$00,$3C,$FF,$04,$FA				; $A2E4 <.<.<...
A2EC: FF041413
A2F0: 00003BF1  			defb $FF,$04,$14,$13,$00,$00,$3B,$F1				; $A2EC ......;.
A2F4: 3B003DFF
A2F8: 0B003D00  			defb $3B,$00,$3D,$FF,$0B,$00,$3D,$00				; $A2F4 ;.=...=.
A2FC: 3BF6FF0E
A300: 003D003C  			defb $3B,$F6,$FF,$0E,$00,$3D,$00,$3C				; $A2FC ;....=.<
A304: FF0B003C
A308: 0000003B  			defb $FF,$0B,$00,$3C,$00,$00,$00,$3B				; $A304 ...<...;
A30C: 00101414
A310: FF07003B  			defb $00,$10,$14,$14,$FF,$07,$00,$3B				; $A30C .......;
A314: 003C003B
A318: 00150101  			defb $00,$3C,$00,$3B,$00,$15,$01,$01				; $A314 .<.;....
A31C: FF07003D
A320: 003D003D  			defb $FF,$07,$00,$3D,$00,$3D,$00,$3D				; $A31C ...=.=.=
A324: 00150203
A328: FF050010  			defb $00,$15,$02,$03,$FF,$05,$00,$10				; $A324 ........
A32C: FF07144B
A330: 04050C0D  			defb $FF,$07,$14,$4B,$04,$05,$0C,$0D				; $A32C ...K....
A334: 0E0D0E15
A338: 01020304  			defb $0E,$0D,$0E,$15,$01,$02,$03,$04				; $A334 ........
A33C: 05010304
A340: 0102FF0A  			defb $05,$01,$03,$04,$01,$02,$FF,$0A				; $A33C ........
A344: 1B1C1915
A348: 01020100  			defb $1B,$1C,$19,$15,$01,$02,$01,$00				; $A344 ........
A34C: 00002B2C
A350: 002B2CFF  			defb $00,$00,$2B,$2C,$00,$2B,$2C,$FF				; $A34C ..+,.+,.
A354: 04001214
A358: 1449FF04  			defb $04,$00,$12,$14,$14,$49,$FF,$04				; $A354 .....I..
A35C: 002D0000
A360: 2DFF0700  			defb $00,$2D,$00,$00,$2D,$FF,$07,$00				; $A35C .-..-...
A364: 15FF0E00
A368: 2E15FF0A  			defb $15,$FF,$0E,$00,$2E,$15,$FF,$0A				; $A364 ........
A36C: 00E900EA
A370: 2F2E1514  			defb $00,$E9,$00,$EA,$2F,$2E,$15,$14				; $A36C ..../...
A374: 141411FF
A378: 05002E2F  			defb $14,$14,$11,$FF,$05,$00,$2E,$2F				; $A374 ......./
A37C: 2E2F2E2F
A380: 15010203  			defb $2E,$2F,$2E,$2F,$15,$01,$02,$03				; $A37C ././....
A384: 15FF0400
A388: 2E2F2E2F  			defb $15,$FF,$04,$00,$2E,$2F,$2E,$2F				; $A384 ....././
A38C: 2E2F2E15
A390: 01030415  			defb $2E,$2F,$2E,$15,$01,$03,$04,$15				; $A38C ./......
A394: 00002F2E
A398: 2F2E2F2E  			defb $00,$00,$2F,$2E,$2F,$2E,$2F,$2E				; $A394 ../././.
A39C: 2F2E2F15
A3A0: 0102024A  			defb $2F,$2E,$2F,$15,$01,$02,$02,$4A				; $A39C /./....J
A3A4: FF061449
A3A8: 2F2E4814  			defb $FF,$06,$14,$49,$2F,$2E,$48,$14				; $A3A4 ...I/.H.
A3AC: 4B010203
A3B0: 04010203  			defb $4B,$01,$02,$03,$04,$01,$02,$03				; $A3AC K.......
A3B4: 01010215
A3B8: 2E2F1501  			defb $01,$01,$02,$15,$2E,$2F,$15,$01				; $A3B4 ...../..
A3BC: 02FFA000
A3C0: 01150000  			defb $02,$FF,$A0,$00,$01,$15,$00,$00				; $A3BC ........
A3C4: 15020304
A3C8: 01020201  			defb $15,$02,$03,$04,$01,$02,$02,$01				; $A3C4 ........
A3CC: 02010102
A3D0: 01150000  			defb $02,$01,$01,$02,$01,$15,$00,$00				; $A3CC ........
A3D4: 12FF0814
A3D8: 49030202  			defb $12,$FF,$08,$14,$49,$03,$02,$02				; $A3D4 ....I...
A3DC: 15FF0B00
A3E0: 15020303  			defb $15,$FF,$0B,$00,$15,$02,$03,$03				; $A3DC ........
A3E4: 15FF0900
A3E8: 10144B02  			defb $15,$FF,$09,$00,$10,$14,$4B,$02				; $A3E4 ......K.
A3EC: 030415FF
A3F0: 09001501  			defb $03,$04,$15,$FF,$09,$00,$15,$01				; $A3EC ........
A3F4: 01010204
A3F8: 15FF0900  			defb $01,$01,$02,$04,$15,$FF,$09,$00				; $A3F4 ........
A3FC: 15010203
A400: 040115FF  			defb $15,$01,$02,$03,$04,$01,$15,$FF				; $A3FC ........
A404: 09001214
A408: 14490102  			defb $09,$00,$12,$14,$14,$49,$01,$02				; $A404 .....I..
A40C: 15EBFF0B
A410: 00150103  			defb $15,$EB,$FF,$0B,$00,$15,$01,$03				; $A40C ........
A414: 4A1411FF
A418: 08001014  			defb $4A,$14,$11,$FF,$08,$00,$10,$14				; $A414 J.......
A41C: 4B010401
A420: 02150000  			defb $4B,$01,$04,$01,$02,$15,$00,$00				; $A41C K.......
A424: EDEDFF04
A428: 00150201  			defb $ED,$ED,$FF,$04,$00,$15,$02,$01				; $A424 ........
A42C: 027CFF05
A430: 0079FF05  			defb $02,$7C,$FF,$05,$00,$79,$FF,$05				; $A42C .|...y..
A434: 78791503
A438: 017DFF06  			defb $78,$79,$15,$03,$01,$7D,$FF,$06				; $A434 xy...}..
A43C: 003C003C
A440: F63C0012  			defb $00,$3C,$00,$3C,$F6,$3C,$00,$12				; $A43C .<.<.<..
A444: 14147DFF
A448: 06003BF6  			defb $14,$14,$7D,$FF,$06,$00,$3B,$F6				; $A444 ..}...;.
A44C: 3D003BFF
A450: 04007EFF  			defb $3D,$00,$3B,$FF,$04,$00,$7E,$FF				; $A44C =.;...~.
A454: 06003B00
A458: 00003DFF  			defb $06,$00,$3B,$00,$00,$00,$3D,$FF				; $A454 ..;...=.
A45C: 04007CFF
A460: 06003D00  			defb $04,$00,$7C,$FF,$06,$00,$3D,$00				; $A45C ..|...=.
A464: 3CFF0600
A468: 7DFF0800  			defb $3C,$FF,$06,$00,$7D,$FF,$08,$00				; $A464 <...}...
A46C: 3B003CFF
A470: 04007EFF  			defb $3B,$00,$3C,$FF,$04,$00,$7E,$FF				; $A46C ;.<...~.
A474: 06003C00
A478: 3B003B00  			defb $06,$00,$3C,$00,$3B,$00,$3B,$00				; $A474 ..<.;.;.
A47C: 1014147D
A480: FF0500E9  			defb $10,$14,$14,$7D,$FF,$05,$00,$E9				; $A47C ...}....
A484: 3D003D00
A488: 3D001503  			defb $3D,$00,$3D,$00,$3D,$00,$15,$03				; $A484 =.=.=...
A48C: 047C0C80
A490: 818210FF  			defb $04,$7C,$0C,$80,$81,$82,$10,$FF				; $A48C .|......
A494: 07144B02
A498: 017F0102  			defb $07,$14,$4B,$02,$01,$7F,$01,$02				; $A494 ..K.....
A49C: 03041501
A4A0: 02030401  			defb $03,$04,$15,$01,$02,$03,$04,$01				; $A49C ........
A4A4: 02030401
A4A8: 02010203  			defb $02,$03,$04,$01,$02,$01,$02,$03				; $A4A4 ........
A4AC: 04010203
A4B0: 04010203  			defb $04,$01,$02,$03,$04,$01,$02,$03				; $A4AC ........
A4B4: 04020103
A4B8: 01FF1014  			defb $04,$02,$01,$03,$01,$FF,$10,$14				; $A4B4 ........
A4BC: FF0A0047
A4C0: FF04007C  			defb $FF,$0A,$00,$47,$FF,$04,$00,$7C				; $A4BC ...G...|
A4C4: EEEEEEFF
A4C8: 0C007DFF  			defb $EE,$EE,$EE,$FF,$0C,$00,$7D,$FF				; $A4C4 ......}.
A4CC: 0F007EFF
A4D0: 0F007C14  			defb $0F,$00,$7E,$FF,$0F,$00,$7C,$14				; $A4CC ..~...|.
A4D4: 1411FF0C
A4D8: 007D0103  			defb $14,$11,$FF,$0C,$00,$7D,$01,$03				; $A4D4 .....}..
A4DC: 15000000
A4E0: E900E9FF  			defb $15,$00,$00,$00,$E9,$00,$E9,$FF				; $A4DC ........
A4E4: 06007D02
A4E8: 034AFF07  			defb $06,$00,$7D,$02,$03,$4A,$FF,$07				; $A4E4 ..}..J..
A4EC: 14110000
A4F0: 00101401  			defb $14,$11,$00,$00,$00,$10,$14,$01				; $A4EC ........
A4F4: 02030405
A4F8: 01020304  			defb $02,$03,$04,$05,$01,$02,$03,$04				; $A4F4 ........
A4FC: 05150000
A500: 00150101  			defb $05,$15,$00,$00,$00,$15,$01,$01				; $A4FC ........
A504: 02030401
A508: 1579FF07  			defb $02,$03,$04,$01,$15,$79,$FF,$07				; $A504 .....y..
A50C: 78791101
A510: 48141414  			defb $78,$79,$11,$01,$48,$14,$14,$14				; $A50C xy..H...
A514: 13000030
A518: 31FF0500  			defb $13,$00,$00,$30,$31,$FF,$05,$00				; $A514 ...01...
A51C: 150215FF
A520: 06003233  			defb $15,$02,$15,$FF,$06,$00,$32,$33				; $A51C ......23
A524: FF050015
A528: 0315FF0D  			defb $FF,$05,$00,$15,$03,$15,$FF,$0D				; $A524 ........
A52C: 00151413
A530: FF080085  			defb $00,$15,$14,$13,$FF,$08,$00,$85				; $A52C ........
A534: 83848600
A538: 157CFF09  			defb $83,$84,$86,$00,$15,$7C,$FF,$09				; $A534 .....|..
A53C: 00870000
A540: 8700157C  			defb $00,$87,$00,$00,$87,$00,$15,$7C				; $A53C .......|
A544: FF090087
A548: 00008700  			defb $FF,$09,$00,$87,$00,$00,$87,$00				; $A544 ........
A54C: 157DFF09
A550: 00870000  			defb $15,$7D,$FF,$09,$00,$87,$00,$00				; $A54C .}......
A554: 870015FF
A558: 051411FF  			defb $87,$00,$15,$FF,$05,$14,$11,$FF				; $A554 ........
A55C: 04008889
A560: 8A880015  			defb $04,$00,$88,$89,$8A,$88,$00,$15				; $A55C ........
A564: 01020304
A568: 05150000  			defb $01,$02,$03,$04,$05,$15,$00,$00				; $A564 ........
A56C: 10FF0614
A570: 4B010215  			defb $10,$FF,$06,$14,$4B,$01,$02,$15				; $A56C ....K...
A574: 04010203
A578: 15020315  			defb $04,$01,$02,$03,$15,$02,$03,$15				; $A574 ........
A57C: 00001501
A580: 02010215  			defb $00,$00,$15,$01,$02,$01,$02,$15				; $A57C ........
A584: 34353634
A588: 12141413  			defb $34,$35,$36,$34,$12,$14,$14,$13				; $A584 4564....
A58C: 00001214
A590: 49481413  			defb $00,$00,$12,$14,$49,$48,$14,$13				; $A58C ....IH..
A594: FF0C0015
A598: 15FF0E00  			defb $FF,$0C,$00,$15,$15,$FF,$0E,$00				; $A594 ........
A59C: 1515FF0E
A5A0: 001515FF  			defb $15,$15,$FF,$0E,$00,$15,$15,$FF				; $A59C ........
A5A4: 0E001515
A5A8: FF0C0027  			defb $0E,$00,$15,$15,$FF,$0C,$00,$27				; $A5A4 .......'
A5AC: 281515FF
A5B0: 0C00292A  			defb $28,$15,$15,$FF,$0C,$00,$29,$2A				; $A5AC (.....)*
A5B4: 1515FF0B
A5B8: 00101414  			defb $15,$15,$FF,$0B,$00,$10,$14,$14				; $A5B4 ........
A5BC: 4B15FF05
A5C0: 00EDEDED  			defb $4B,$15,$FF,$05,$00,$ED,$ED,$ED				; $A5BC K.......
A5C4: 00000015
A5C8: 010203FF  			defb $00,$00,$00,$15,$01,$02,$03,$FF				; $A5C4 ........
A5CC: A0000102
A5D0: 0315FF08  			defb $A0,$00,$01,$02,$03,$15,$FF,$08				; $A5CC ........
A5D4: 00150103
A5D8: 02020102  			defb $00,$15,$01,$03,$02,$02,$01,$02				; $A5D4 ........
A5DC: 15FF0800
A5E0: 15010203  			defb $15,$FF,$08,$00,$15,$01,$02,$03				; $A5DC ........
A5E4: 01481413
A5E8: FF080012  			defb $01,$48,$14,$13,$FF,$08,$00,$12				; $A5E4 .H......
A5EC: 14490102
A5F0: 15FF0C00  			defb $14,$49,$01,$02,$15,$FF,$0C,$00				; $A5EC .I......
A5F4: 15020315
A5F8: 20FF0B00  			defb $15,$02,$03,$15,$20,$FF,$0B,$00				; $A5F4 .... ...
A5FC: 1502044A
A600: 1411FF0A  			defb $15,$02,$04,$4A,$14,$11,$FF,$0A				; $A5FC ...J....
A604: 00121401
A608: 020315FF  			defb $00,$12,$14,$01,$02,$03,$15,$FF				; $A604 ........
A60C: 0C000401
A610: 0315FF07  			defb $0C,$00,$04,$01,$03,$15,$FF,$07				; $A60C ........
A614: 00272800
A618: 00000304  			defb $00,$27,$28,$00,$00,$00,$03,$04				; $A614 .'(.....
A61C: 01150000
A620: 22FF0400  			defb $01,$15,$00,$00,$22,$FF,$04,$00				; $A61C ...."...
A624: 292A0000
A628: 00141414  			defb $29,$2A,$00,$00,$00,$14,$14,$14				; $A624 )*......
A62C: 4B191AFF
A630: 0A1B0102  			defb $4B,$19,$1A,$FF,$0A,$1B,$01,$02				; $A62C K.......
A634: 04030115
A638: 04010203  			defb $04,$03,$01,$15,$04,$01,$02,$03				; $A634 ........
A63C: 04050102
A640: 03040504  			defb $04,$05,$01,$02,$03,$04,$05,$04				; $A63C ........
A644: 03030215
A648: 34353637  			defb $03,$03,$02,$15,$34,$35,$36,$37				; $A644 ....4567
A64C: 35363537
A650: 35340203  			defb $35,$36,$35,$37,$35,$34,$02,$03				; $A64C 565754..
A654: 04050115
A658: FF0A0003  			defb $04,$05,$01,$15,$FF,$0A,$00,$03				; $A654 ........
A65C: 04010102
A660: 15FF0A00  			defb $04,$01,$01,$02,$15,$FF,$0A,$00				; $A65C ........
A664: 03040102
A668: 0415FF0A  			defb $03,$04,$01,$02,$04,$15,$FF,$0A				; $A664 ........
A66C: 00FF0514
A670: 13FF1500  			defb $00,$FF,$05,$14,$13,$FF,$15,$00				; $A66C ........
A674: 9495FF04
A678: 00910091  			defb $94,$95,$FF,$04,$00,$91,$00,$91				; $A674 ........
A67C: 0091FF05
A680: 003C0046  			defb $00,$91,$FF,$05,$00,$3C,$00,$46				; $A67C .....<.F
A684: 46000092
A688: 93929392  			defb $46,$00,$00,$92,$93,$92,$93,$92				; $A684 F.......
A68C: FF04000E
A690: 3D0C4C4D  			defb $FF,$04,$00,$0E,$3D,$0C,$4C,$4D				; $A68C ....=.LM
A694: 0DFF071B
A698: 1C190C02  			defb $0D,$FF,$07,$1B,$1C,$19,$0C,$02				; $A694 ........
A69C: 02030405
A6A0: 01010215  			defb $02,$03,$04,$05,$01,$01,$02,$15				; $A69C ........
A6A4: 0415FF05
A6A8: 78790000  			defb $04,$15,$FF,$05,$78,$79,$00,$00				; $A6A4 ....xy..
A6AC: 00150134
A6B0: 34121413  			defb $00,$15,$01,$34,$34,$12,$14,$13				; $A6AC ...44...
A6B4: 003C003C
A6B8: FF050015  			defb $00,$3C,$00,$3C,$FF,$05,$00,$15				; $A6B4 .<.<....
A6BC: 02FF0600
A6C0: 3DF13BFF  			defb $02,$FF,$06,$00,$3D,$F1,$3B,$FF				; $A6BC ....=.;.
A6C4: 05001504
A6C8: FF08003B  			defb $05,$00,$15,$04,$FF,$08,$00,$3B				; $A6C4 .......;
A6CC: FF050015
A6D0: 02FF0600  			defb $FF,$05,$00,$15,$02,$FF,$06,$00				; $A6CC ........
A6D4: 3C003DFF
A6D8: 05001503  			defb $3C,$00,$3D,$FF,$05,$00,$15,$03				; $A6D4 <.=.....
A6DC: FF06003B
A6E0: FF070015  			defb $FF,$06,$00,$3B,$FF,$07,$00,$15				; $A6DC ...;....
A6E4: 01FF0600
A6E8: 3B003CFF  			defb $01,$FF,$06,$00,$3B,$00,$3C,$FF				; $A6E4 ....;.<.
A6EC: 05001504
A6F0: FF06003B  			defb $05,$00,$15,$04,$FF,$06,$00,$3B				; $A6EC .......;
A6F4: 003BFF05
A6F8: 0015030C  			defb $00,$3B,$FF,$05,$00,$15,$03,$0C				; $A6F4 .;......
A6FC: 0D0C0000
A700: 003D003D  			defb $0D,$0C,$00,$00,$00,$3D,$00,$3D				; $A6FC .....=.=
A704: FF050015
A708: 02020405  			defb $FF,$05,$00,$15,$02,$02,$04,$05				; $A704 ........
A70C: 0E191A1B
A710: 1B1B1C19  			defb $0E,$19,$1A,$1B,$1B,$1B,$1C,$19				; $A70C ........
A714: 16171815
A718: 01010403  			defb $16,$17,$18,$15,$01,$01,$04,$03				; $A714 ........
A71C: 02011500
A720: 00150102  			defb $02,$01,$15,$00,$00,$15,$01,$02				; $A71C ........
A724: 03040404
A728: 01024814  			defb $03,$04,$04,$04,$01,$02,$48,$14				; $A724 ......H.
A72C: 14144B00
A730: 004A1414  			defb $14,$14,$4B,$00,$00,$4A,$14,$14				; $A72C ..K..J..
A734: 14490303
A738: 020315FF  			defb $14,$49,$03,$03,$02,$03,$15,$FF				; $A734 .I......
A73C: 0A001502
A740: 02020415  			defb $0A,$00,$15,$02,$02,$02,$04,$15				; $A73C ........
A744: FF0A0015
A748: 01010301  			defb $FF,$0A,$00,$15,$01,$01,$03,$01				; $A744 ........
A74C: 15FF0800
A750: 2E001214  			defb $15,$FF,$08,$00,$2E,$00,$12,$14				; $A74C ........
A754: 14140215
A758: FF0800FA  			defb $14,$14,$02,$15,$FF,$08,$00,$FA				; $A754 ........
A75C: FF050003
A760: 15004646  			defb $FF,$05,$00,$03,$15,$00,$46,$46				; $A75C ......FF
A764: 00004646
A768: 00000010  			defb $00,$00,$46,$46,$00,$00,$00,$10				; $A764 ..FF....
A76C: 14141404
A770: 15004C4D  			defb $14,$14,$14,$04,$15,$00,$4C,$4D				; $A76C ......LM
A774: 00464C4D
A778: 00000015  			defb $00,$46,$4C,$4D,$00,$00,$00,$15				; $A774 .FLM....
A77C: 01020304
A780: 4AFF0A14  			defb $01,$02,$03,$04,$4A,$FF,$0A,$14				; $A77C ....J...
A784: 4B040102
A788: 01020304  			defb $4B,$04,$01,$02,$01,$02,$03,$04				; $A784 K.......
A78C: 01020404
A790: 01020304  			defb $01,$02,$04,$04,$01,$02,$03,$04				; $A78C ........
A794: 01020304
A798: 15FF0B00  			defb $01,$02,$03,$04,$15,$FF,$0B,$00				; $A794 ........
A79C: 15010203
A7A0: 158DFF0A  			defb $15,$01,$02,$03,$15,$8D,$FF,$0A				; $A79C ........
A7A4: 00150102
A7A8: 031590FF  			defb $00,$15,$01,$02,$03,$15,$90,$FF				; $A7A4 ........
A7AC: 0A001214
A7B0: 4903158D  			defb $0A,$00,$12,$14,$49,$03,$15,$8D				; $A7AC ....I...
A7B4: FF0B00FD
A7B8: 1501138F  			defb $FF,$0B,$00,$FD,$15,$01,$13,$8F				; $A7B4 ........
A7BC: 8DFF0A00
A7C0: FD150200  			defb $8D,$FF,$0A,$00,$FD,$15,$02,$00				; $A7BC ........
A7C4: 8D8F8DFF
A7C8: 0900FD15  			defb $8D,$8F,$8D,$FF,$09,$00,$FD,$15				; $A7C4 ........
A7CC: 03118F8D
A7D0: 8F8D0000  			defb $03,$11,$8F,$8D,$8F,$8D,$00,$00				; $A7CC ........
A7D4: 46460023
A7D8: 2400FD15  			defb $46,$46,$00,$23,$24,$00,$FD,$15				; $A7D4 FF.#$...
A7DC: 04158D8F
A7E0: 8D8F8D8D  			defb $04,$15,$8D,$8F,$8D,$8F,$8D,$8D				; $A7DC ........
A7E4: 4C4D0025
A7E8: 2600FD15  			defb $4C,$4D,$00,$25,$26,$00,$FD,$15				; $A7E4 LM.%&...
A7EC: 044AFF0D
A7F0: 144B0401  			defb $04,$4A,$FF,$0D,$14,$4B,$04,$01				; $A7EC .J...K..
A7F4: 02020304
A7F8: 01020304  			defb $02,$02,$03,$04,$01,$02,$03,$04				; $A7F4 ........
A7FC: 01030401
A800: 020304FF  			defb $01,$03,$04,$01,$02,$03,$04,$FF				; $A7FC ........
A804: A0000102
A808: 48FF0D14  			defb $A0,$00,$01,$02,$48,$FF,$0D,$14				; $A804 ....H...
A80C: 04031500
A810: 003C003C  			defb $04,$03,$15,$00,$00,$3C,$00,$3C				; $A80C .....<.<
A814: 003C003C
A818: FF040002  			defb $00,$3C,$00,$3C,$FF,$04,$00,$02				; $A814 .<.<....
A81C: 01150000
A820: 3D003B00  			defb $01,$15,$00,$00,$3D,$00,$3B,$00				; $A81C ....=.;.
A824: 3D003B00
A828: 10141404  			defb $3D,$00,$3B,$00,$10,$14,$14,$04				; $A824 =.;.....
A82C: 0115FF04
A830: 003B0000  			defb $01,$15,$FF,$04,$00,$3B,$00,$00				; $A82C .....;..
A834: 003B0015
A838: 01020302  			defb $00,$3B,$00,$15,$01,$02,$03,$02				; $A834 .;......
A83C: 1500003C
A840: F23BF63C  			defb $15,$00,$00,$3C,$F2,$3B,$F6,$3C				; $A83C ...<.;.<
A844: F23B0015
A848: 03040401  			defb $F2,$3B,$00,$15,$03,$04,$04,$01				; $A844 .;......
A84C: 1500003B
A850: 003D003B  			defb $15,$00,$00,$3B,$00,$3D,$00,$3B				; $A84C ...;.=.;
A854: 003D0015
A858: 01020402  			defb $00,$3D,$00,$15,$01,$02,$04,$02				; $A854 .=......
A85C: 1500003B
A860: 0000003B  			defb $15,$00,$00,$3B,$00,$00,$00,$3B				; $A85C ...;...;
A864: 00000015
A868: 03040302  			defb $00,$00,$00,$15,$03,$04,$03,$02				; $A864 ........
A86C: 1500003B
A870: 003C003B  			defb $15,$00,$00,$3B,$00,$3C,$00,$3B				; $A86C ...;.<.;
A874: 003C0015
A878: 01020401  			defb $00,$3C,$00,$15,$01,$02,$04,$01				; $A874 .<......
A87C: 1500003D
A880: 003B003D  			defb $15,$00,$00,$3D,$00,$3B,$00,$3D				; $A87C ...=.;.=
A884: 003B0015
A888: 03040102  			defb $00,$3B,$00,$15,$03,$04,$01,$02				; $A884 .;......
A88C: 150010FF
A890: 08144B01  			defb $15,$00,$10,$FF,$08,$14,$4B,$01				; $A88C ......K.
A894: 02FF0D14
A898: 49010200  			defb $02,$FF,$0D,$14,$49,$01,$02,$00				; $A894 ....I...
A89C: 00474747
A8A0: FF050030  			defb $00,$47,$47,$47,$FF,$05,$00,$30				; $A89C .GGG...0
A8A4: 31001503
A8A8: 041411FF  			defb $31,$00,$15,$03,$04,$14,$11,$FF				; $A8A4 1.......
A8AC: 08003233
A8B0: 00150102  			defb $08,$00,$32,$33,$00,$15,$01,$02				; $A8AC ..23....
A8B4: 0115FF0B
A8B8: 00150403  			defb $01,$15,$FF,$0B,$00,$15,$04,$03				; $A8B4 ........
A8BC: 0215FF0B
A8C0: 00150501  			defb $02,$15,$FF,$0B,$00,$15,$05,$01				; $A8BC ........
A8C4: 0315FF05
A8C8: 00A0A1FF  			defb $03,$15,$FF,$05,$00,$A0,$A1,$FF				; $A8C4 ........
A8CC: 04001502
A8D0: 030415FF  			defb $04,$00,$15,$02,$03,$04,$15,$FF				; $A8CC ........
A8D4: 0500A2A3
A8D8: 00232400  			defb $05,$00,$A2,$A3,$00,$23,$24,$00				; $A8D4 .....#$.
A8DC: 15050401
A8E0: 15FF0500  			defb $15,$05,$04,$01,$15,$FF,$05,$00				; $A8DC ........
A8E4: A4A50025
A8E8: 26001501  			defb $A4,$A5,$00,$25,$26,$00,$15,$01				; $A8E4 ...%&...
A8EC: 020215FF
A8F0: 040010FF  			defb $02,$02,$15,$FF,$04,$00,$10,$FF				; $A8EC ........
A8F4: 06144B03
A8F8: 030315FF  			defb $06,$14,$4B,$03,$03,$03,$15,$FF				; $A8F4 ..K.....
A8FC: 04001501
A900: 02030405  			defb $04,$00,$15,$01,$02,$03,$04,$05				; $A8FC ........
A904: 01020102
A908: 01020304  			defb $01,$02,$01,$02,$01,$02,$03,$04				; $A904 ........
A90C: 03020104
A910: 03020105  			defb $03,$02,$01,$04,$03,$02,$01,$05				; $A90C ........
A914: 04030102
A918: 01010203  			defb $04,$03,$01,$02,$01,$01,$02,$03				; $A914 ........
A91C: 48FF0B14
A920: 02010302  			defb $48,$FF,$0B,$14,$02,$01,$03,$02				; $A91C H.......
A924: 15004E4F
A928: FF080003  			defb $15,$00,$4E,$4F,$FF,$08,$00,$03				; $A924 ..NO....
A92C: 48141413
A930: 005051FF  			defb $48,$14,$14,$13,$00,$50,$51,$FF				; $A92C H....PQ.
A934: 08000415
A938: FF040052  			defb $08,$00,$04,$15,$FF,$04,$00,$52				; $A934 .......R
A93C: 53FF0800
A940: 0115FF0E  			defb $53,$FF,$08,$00,$01,$15,$FF,$0E				; $A93C S.......
A944: 00021500
A948: 008DFF05  			defb $00,$02,$15,$00,$00,$8D,$FF,$05				; $A944 ........
A94C: 008DE98D
A950: 00000003  			defb $00,$8D,$E9,$8D,$00,$00,$00,$03				; $A94C ........
A954: 15008D8F
A958: 8D008D00  			defb $15,$00,$8D,$8F,$8D,$00,$8D,$00				; $A954 ........
A95C: 8D8F8D8F
A960: 8D000004  			defb $8D,$8F,$8D,$8F,$8D,$00,$00,$04				; $A95C ........
A964: 4A141449
A968: 8F8D8F8D  			defb $4A,$14,$14,$49,$8F,$8D,$8F,$8D				; $A964 J..I....
A96C: 8F8D8F48
A970: 14141401  			defb $8F,$8D,$8F,$48,$14,$14,$14,$01				; $A96C ...H....
A974: 02030115
A978: 8D8F8D8F  			defb $02,$03,$01,$15,$8D,$8F,$8D,$8F				; $A974 ........
A97C: 8D8F8D15
A980: 01020301  			defb $8D,$8F,$8D,$15,$01,$02,$03,$01				; $A97C ........
A984: 02030405
A988: 02030405  			defb $02,$03,$04,$05,$02,$03,$04,$05				; $A984 ........
A98C: 01020304
A990: 050201FF  			defb $01,$02,$03,$04,$05,$02,$01,$FF				; $A98C ........
A994: 06149A9B
A998: 9CFF0514  			defb $06,$14,$9A,$9B,$9C,$FF,$05,$14				; $A994 ........
A99C: 4901FF07
A9A0: 0047FF06  			defb $49,$01,$FF,$07,$00,$47,$FF,$06				; $A99C I....G..
A9A4: 001502FF
A9A8: 0E001503  			defb $00,$15,$02,$FF,$0E,$00,$15,$03				; $A9A4 ........
A9AC: FF0C000B
A9B0: 001504FF  			defb $FF,$0C,$00,$0B,$00,$15,$04,$FF				; $A9AC ........
A9B4: 0600A0A1
A9B8: FF04000A  			defb $06,$00,$A0,$A1,$FF,$04,$00,$0A				; $A9B4 ........
A9BC: 001505FF
A9C0: 04004646  			defb $00,$15,$05,$FF,$04,$00,$46,$46				; $A9BC ......FF
A9C4: A2A34600
A9C8: 00000900  			defb $A2,$A3,$46,$00,$00,$00,$09,$00				; $A9C4 ..F.....
A9CC: 15020000
A9D0: E9004E4F  			defb $15,$02,$00,$00,$E9,$00,$4E,$4F				; $A9CC ......NO
A9D4: A4A54E4F
A9D8: 00060708  			defb $A4,$A5,$4E,$4F,$00,$06,$07,$08				; $A9D4 ..NO....
A9DC: 15031414
A9E0: 149AFF06  			defb $15,$03,$14,$14,$14,$9A,$FF,$06				; $A9DC ........
A9E4: 9B9C1414
A9E8: 144B0405  			defb $9B,$9C,$14,$14,$14,$4B,$04,$05				; $A9E4 .....K..
A9EC: 02030405
A9F0: 01020301  			defb $02,$03,$04,$05,$01,$02,$03,$01				; $A9EC ........
A9F4: 02020304
A9F8: 05020504  			defb $02,$02,$03,$04,$05,$02,$05,$04				; $A9F4 ........
A9FC: 02030402
AA00: 01030401  			defb $02,$03,$04,$02,$01,$03,$04,$01				; $A9FC ........
AA04: 02050401
AA08: 02030103  			defb $02,$05,$04,$01,$02,$03,$01,$03				; $AA04 ........
AA0C: 0148FF0D
AA10: 14010215  			defb $01,$48,$FF,$0D,$14,$01,$02,$15				; $AA0C .H......
AA14: FF0700FF
AA18: 05F80002  			defb $FF,$07,$00,$FF,$05,$F8,$00,$02				; $AA14 ........
AA1C: 03150000
AA20: 1014142E  			defb $03,$15,$00,$00,$10,$14,$14,$2E				; $AA1C ........
AA24: 2F2EFF05
AA28: 14050115  			defb $2F,$2E,$FF,$05,$14,$05,$01,$15				; $AA24 /.......
AA2C: 000015FE
AA30: FF0500FC  			defb $00,$00,$15,$FE,$FF,$05,$00,$FC				; $AA2C ........
AA34: 191A1B03
AA38: 04150000  			defb $19,$1A,$1B,$03,$04,$15,$00,$00				; $AA34 ........
AA3C: 1214142F
AA40: 2E2F1414  			defb $12,$14,$14,$2F,$2E,$2F,$14,$14				; $AA3C ..././..
AA44: 14490201
AA48: 0215FF0B  			defb $14,$49,$02,$01,$02,$15,$FF,$0B				; $AA44 .I......
AA4C: 00150403
AA50: 04150000  			defb $00,$15,$04,$03,$04,$15,$00,$00				; $AA4C ........
AA54: 00930093
AA58: 00930000  			defb $00,$93,$00,$93,$00,$93,$00,$00				; $AA54 ........
AA5C: 00150301
AA60: 024AFF09  			defb $00,$15,$03,$01,$02,$4A,$FF,$09				; $AA5C .....J..
AA64: 14110015
AA68: 02010203  			defb $14,$11,$00,$15,$02,$01,$02,$03				; $AA64 ........
AA6C: 05010203
AA70: 04010203  			defb $05,$01,$02,$03,$04,$01,$02,$03				; $AA6C ........
AA74: 04150015
AA78: 04011501  			defb $04,$15,$00,$15,$04,$01,$15,$01				; $AA74 ........
AA7C: 02030401
AA80: 02030401  			defb $02,$03,$04,$01,$02,$03,$04,$01				; $AA7C ........
AA84: 03040102
AA88: 03141334  			defb $03,$04,$01,$02,$03,$14,$13,$34				; $AA84 .......4
AA8C: 35363735
AA90: 36373534  			defb $35,$36,$37,$35,$36,$37,$35,$34				; $AA8C 56756754
AA94: 35343635
AA98: 34FF0E00  			defb $35,$34,$36,$35,$34,$FF,$0E,$00				; $AA94 54654...
AA9C: 48141411
AAA0: FF0C0015  			defb $48,$14,$14,$11,$FF,$0C,$00,$15				; $AA9C H.......
AAA4: 010115FF
AAA8: 0C001502  			defb $01,$01,$15,$FF,$0C,$00,$15,$02				; $AAA4 ........
AAAC: 0215FF0C
AAB0: 00150303  			defb $02,$15,$FF,$0C,$00,$15,$03,$03				; $AAAC ........
AAB4: 15FF0C00
AAB8: 15040515  			defb $15,$FF,$0C,$00,$15,$04,$05,$15				; $AAB4 ........
AABC: FF0C0015
AAC0: 050415FF  			defb $FF,$0C,$00,$15,$05,$04,$15,$FF				; $AABC ........
AAC4: 0C001501
AAC8: 0115EDED  			defb $0C,$00,$15,$01,$01,$15,$ED,$ED				; $AAC4 ........
AACC: EDFF0900
AAD0: 15020102  			defb $ED,$FF,$09,$00,$15,$02,$01,$02				; $AACC ........
AAD4: 9D001501
AAD8: 02010204  			defb $9D,$00,$15,$01,$02,$01,$02,$04				; $AAD4 ........
AADC: 01020304
AAE0: 01030304  			defb $01,$02,$03,$04,$01,$03,$03,$04				; $AADC ........
AAE4: 9F001501
AAE8: 02030401  			defb $9F,$00,$15,$01,$02,$03,$04,$01				; $AAE4 ........
AAEC: 02030401
AAF0: 02027878  			defb $02,$03,$04,$01,$02,$02,$78,$78				; $AAEC ......xx
AAF4: 79001214
AAF8: 14149A9B  			defb $79,$00,$12,$14,$14,$14,$9A,$9B				; $AAF4 y.......
AAFC: 9C141414
AB00: 49010179  			defb $9C,$14,$14,$14,$49,$01,$01,$79				; $AAFC ....I..y
AB04: FF0C0015
AB08: 04029DFF  			defb $FF,$0C,$00,$15,$04,$02,$9D,$FF				; $AB04 ........
AB0C: 0C009D03
AB10: 039EFF0C  			defb $0C,$00,$9D,$03,$03,$9E,$FF,$0C				; $AB0C ........
AB14: 009E0104
AB18: 9EFF0C00  			defb $00,$9E,$01,$04,$9E,$FF,$0C,$00				; $AB14 ........
AB1C: 9F01049F
AB20: FF0C0015  			defb $9F,$01,$04,$9F,$FF,$0C,$00,$15				; $AB1C ........
AB24: 04017978
AB28: 79FF0800  			defb $04,$01,$79,$78,$79,$FF,$08,$00				; $AB24 ..yxy...
AB2C: 10144B04
AB30: 0203049D  			defb $10,$14,$4B,$04,$02,$03,$04,$9D				; $AB2C ..K.....
AB34: 0000EDED
AB38: ED000000  			defb $00,$00,$ED,$ED,$ED,$00,$00,$00				; $AB34 ........
AB3C: 15010203
AB40: 04150000  			defb $15,$01,$02,$03,$04,$15,$00,$00				; $AB3C ........
AB44: 00F91501
AB48: 02030401  			defb $00,$F9,$15,$01,$02,$03,$04,$01				; $AB44 ........
AB4C: 02030401
AB50: 019D0000  			defb $02,$03,$04,$01,$01,$9D,$00,$00				; $AB4C ........
AB54: 00F91502
AB58: 03040102  			defb $00,$F9,$15,$02,$03,$04,$01,$02				; $AB54 ........
AB5C: 03040102
AB60: 029E0000  			defb $03,$04,$01,$02,$02,$9E,$00,$00				; $AB5C ........
AB64: 00F91503
AB68: 04010203  			defb $00,$F9,$15,$03,$04,$01,$02,$03				; $AB64 ........
AB6C: 04020203
AB70: 039EFF04  			defb $04,$02,$02,$03,$03,$9E,$FF,$04				; $AB6C ........
AB74: 0012149A
AB78: 9B9B9CFF  			defb $00,$12,$14,$9A,$9B,$9B,$9C,$FF				; $AB74 ........
AB7C: 0414049E
AB80: FF0E0001  			defb $04,$14,$04,$9E,$FF,$0E,$00,$01				; $AB7C ........
AB84: 9EFF0600
AB88: 91009100  			defb $9E,$FF,$06,$00,$91,$00,$91,$00				; $AB84 ........
AB8C: 10141414
AB90: 029E00A0  			defb $10,$14,$14,$14,$02,$9E,$00,$A0				; $AB8C ........
AB94: A1000000
AB98: 92939293  			defb $A1,$00,$00,$00,$92,$93,$92,$93				; $AB94 ........
AB9C: 15040404
ABA0: 039F00A2  			defb $15,$04,$04,$04,$03,$9F,$00,$A2				; $AB9C ........
ABA4: A310FF06
ABA8: 144B0404  			defb $A3,$10,$FF,$06,$14,$4B,$04,$04				; $ABA4 .....K..
ABAC: 040115EB
ABB0: A4A51501  			defb $04,$01,$15,$EB,$A4,$A5,$15,$01				; $ABAC ........
ABB4: 02030401
ABB8: 02030404  			defb $02,$03,$04,$01,$02,$03,$04,$04				; $ABB4 ........
ABBC: 04024A14
ABC0: 14144B01  			defb $04,$02,$4A,$14,$14,$14,$4B,$01				; $ABBC ..J...K.
ABC4: 02030404
ABC8: 04010404  			defb $02,$03,$04,$04,$04,$01,$04,$04				; $ABC4 ........
ABCC: 04010203
ABD0: 0415FF07  			defb $04,$01,$02,$03,$04,$15,$FF,$07				; $ABCC ........
ABD4: 00150102
ABD8: 03014814  			defb $00,$15,$01,$02,$03,$01,$48,$14				; $ABD4 ......H.
ABDC: 1413FF07
ABE0: 00150102  			defb $14,$13,$FF,$07,$00,$15,$01,$02				; $ABDC ........
ABE4: 010215FF
ABE8: 0A001214  			defb $01,$02,$15,$FF,$0A,$00,$12,$14				; $ABE4 ........
ABEC: 49021413
ABF0: FF0C009E  			defb $49,$02,$14,$13,$FF,$0C,$00,$9E				; $ABEC I.......
ABF4: 03EEEEFF
ABF8: 0C009E04  			defb $03,$EE,$EE,$FF,$0C,$00,$9E,$04				; $ABF4 ........
ABFC: 1411FF0C
AC00: 009E0501  			defb $14,$11,$FF,$0C,$00,$9E,$05,$01				; $ABFC ........
AC04: 15FF0A00
AC08: 10144B02  			defb $15,$FF,$0A,$00,$10,$14,$4B,$02				; $AC04 ......K.
AC0C: 021500EA
AC10: FF080015  			defb $02,$15,$00,$EA,$FF,$08,$00,$15				; $AC0C ........
AC14: 02010103
AC18: 4A9A9B9C  			defb $02,$01,$01,$03,$4A,$9A,$9B,$9C				; $AC14 ....J...
AC1C: 110C0D80
AC20: 81820E15  			defb $11,$0C,$0D,$80,$81,$82,$0E,$15				; $AC1C ........
AC24: 02010501
AC28: 02030405  			defb $02,$01,$05,$01,$02,$03,$04,$05				; $AC24 ........
AC2C: 15020304
AC30: 05010215  			defb $15,$02,$03,$04,$05,$01,$02,$15				; $AC2C ........
AC34: 04050103
AC38: 02010403  			defb $04,$05,$01,$03,$02,$01,$04,$03				; $AC34 ........
AC3C: 02010403
AC40: 02010304  			defb $02,$01,$04,$03,$02,$01,$03,$04				; $AC3C ........
AC44: 02010104
AC48: 48149A9B  			defb $02,$01,$01,$04,$48,$14,$9A,$9B				; $AC44 ....H...
AC4C: 9C149A9B
AC50: 9CFF0614  			defb $9C,$14,$9A,$9B,$9C,$FF,$06,$14				; $AC4C ........
AC54: 0115FF09
AC58: 002F2E2F  			defb $01,$15,$FF,$09,$00,$2F,$2E,$2F				; $AC54 ....././
AC5C: 2E000215
AC60: 009798FF  			defb $2E,$00,$02,$15,$00,$97,$98,$FF				; $AC5C ........
AC64: 05002F2E
AC68: 48141414  			defb $05,$00,$2F,$2E,$48,$14,$14,$14				; $AC64 ../.H...
AC6C: 03150000
AC70: 3CFF0400  			defb $03,$15,$00,$00,$3C,$FF,$04,$00				; $AC6C ....<...
AC74: 2F2E2F15
AC78: 03050104  			defb $2F,$2E,$2F,$15,$03,$05,$01,$04				; $AC74 /./.....
AC7C: 1500003B
AC80: 0000002F  			defb $15,$00,$00,$3B,$00,$00,$00,$2F				; $AC7C ...;.../
AC84: 2E2F2E15
AC88: 02010404  			defb $2E,$2F,$2E,$15,$02,$01,$04,$04				; $AC84 ./......
AC8C: 15E9EA3D
AC90: 002E2F2E  			defb $15,$E9,$EA,$3D,$00,$2E,$2F,$2E				; $AC8C ...=../.
AC94: 2F2E2F4A
AC98: 14490201  			defb $2F,$2E,$2F,$4A,$14,$49,$02,$01				; $AC94 /./J.I..
AC9C: 4AFF0414
ACA0: 492E2F2E  			defb $4A,$FF,$04,$14,$49,$2E,$2F,$2E				; $AC9C J...I./.
ACA4: 2F2E2F2E
ACA8: 15030204  			defb $2F,$2E,$2F,$2E,$15,$03,$02,$04				; $ACA4 /./.....
ACAC: 01020304
ACB0: 15002E2F  			defb $01,$02,$03,$04,$15,$00,$2E,$2F				; $ACAC ......./
ACB4: 2E2F2E00
ACB8: 15030301  			defb $2E,$2F,$2E,$00,$15,$03,$03,$01				; $ACB4 ./......
ACBC: 02030405
ACC0: 9DFF0700  			defb $02,$03,$04,$05,$9D,$FF,$07,$00				; $ACBC ........
ACC4: 15040302
ACC8: 04050102  			defb $15,$04,$03,$02,$04,$05,$01,$02				; $ACC4 ........
ACCC: 03040501
ACD0: 02031500  			defb $03,$04,$05,$01,$02,$03,$15,$00				; $ACCC ........
ACD4: 1503FF0C
ACD8: 14130015  			defb $15,$03,$FF,$0C,$14,$13,$00,$15				; $ACD4 ........
ACDC: 03FF0E00
ACE0: 15021414  			defb $03,$FF,$0E,$00,$15,$02,$14,$14				; $ACDC ........
ACE4: 112E10FF
ACE8: 041411FF  			defb $11,$2E,$10,$FF,$04,$14,$11,$FF				; $ACE4 ........
ACEC: 04001501
ACF0: 0203152F  			defb $04,$00,$15,$01,$02,$03,$15,$2F				; $ACEC ......./
ACF4: 15010203
ACF8: 04150048  			defb $15,$01,$02,$03,$04,$15,$00,$48				; $ACF4 .......H
ACFC: 14144B04
AD00: 0501152E  			defb $14,$14,$4B,$04,$05,$01,$15,$2E				; $ACFC ..K.....
AD04: 15040205
AD08: 01150015  			defb $15,$04,$02,$05,$01,$15,$00,$15				; $AD04 ........
AD0C: 01050105
AD10: 4814132F  			defb $01,$05,$01,$05,$48,$14,$13,$2F				; $AD0C ....H../
AD14: 12FF0414
AD18: 13001501  			defb $12,$FF,$04,$14,$13,$00,$15,$01				; $AD14 ........
AD1C: 02020415
AD20: 000000FF  			defb $02,$02,$04,$15,$00,$00,$00,$FF				; $AD1C ........
AD24: 06FA0015
AD28: 03040303  			defb $06,$FA,$00,$15,$03,$04,$03,$03				; $AD24 ........
AD2C: 4AFF0A14
AD30: 4B050104  			defb $4A,$FF,$0A,$14,$4B,$05,$01,$04				; $AD2C J...K...
AD34: 02010203
AD38: 05010203  			defb $02,$01,$02,$03,$05,$01,$02,$03				; $AD34 ........
AD3C: 04050203
AD40: 04020305  			defb $04,$05,$02,$03,$04,$02,$03,$05				; $AD3C ........
AD44: 010215FF
AD48: 0C001503  			defb $01,$02,$15,$FF,$0C,$00,$15,$03				; $AD44 ........
AD4C: 05158D8F
AD50: 8D8F8D8F  			defb $05,$15,$8D,$8F,$8D,$8F,$8D,$8F				; $AD4C ........
AD54: 8D8F8D8F
AD58: 8D8F1504  			defb $8D,$8F,$8D,$8F,$8D,$8F,$15,$04				; $AD54 ........
AD5C: 02158E8D
AD60: 8F8D8F8D  			defb $02,$15,$8E,$8D,$8F,$8D,$8F,$8D				; $AD5C ........
AD64: 8F8D8F8D
AD68: 8E8D1504  			defb $8F,$8D,$8F,$8D,$8E,$8D,$15,$04				; $AD64 ........
AD6C: 03150000
AD70: 8D008D00  			defb $03,$15,$00,$00,$8D,$00,$8D,$00				; $AD6C ........
AD74: 8D008D00
AD78: 00001501  			defb $8D,$00,$8D,$00,$00,$00,$15,$01				; $AD74 ........
AD7C: 0415FF0A
AD80: 00272815  			defb $04,$15,$FF,$0A,$00,$27,$28,$15				; $AD7C .....'(.
AD84: 020515FF
AD88: 0A00292A  			defb $02,$05,$15,$FF,$0A,$00,$29,$2A				; $AD84 ......)*
AD8C: 15030315
AD90: FF0A004E  			defb $15,$03,$03,$15,$FF,$0A,$00,$4E				; $AD8C .......N
AD94: 4F150402
AD98: 15FF0900  			defb $4F,$15,$04,$02,$15,$FF,$09,$00				; $AD94 O.......
AD9C: 1014144B
ADA0: 010415FF  			defb $10,$14,$14,$4B,$01,$04,$15,$FF				; $AD9C ...K....
ADA4: 09001501
ADA8: 02030205  			defb $09,$00,$15,$01,$02,$03,$02,$05				; $ADA4 ........
ADAC: 15EDEDED
ADB0: FF060015  			defb $15,$ED,$ED,$ED,$FF,$06,$00,$15				; $ADAC ........
ADB4: 03040102
ADB8: 01020315  			defb $03,$04,$01,$02,$01,$02,$03,$15				; $ADB4 ........
ADBC: FF080015
ADC0: 01020304  			defb $FF,$08,$00,$15,$01,$02,$03,$04				; $ADBC ........
ADC4: 050115FF
ADC8: 08001504  			defb $05,$01,$15,$FF,$08,$00,$15,$04				; $ADC4 ........
ADCC: 05010248
ADD0: 1413FF08  			defb $05,$01,$02,$48,$14,$13,$FF,$08				; $ADCC ...H....
ADD4: 00121414
ADD8: 140315FF  			defb $00,$12,$14,$14,$14,$03,$15,$FF				; $ADD4 ........
ADDC: 0B003031
ADE0: 000415FF  			defb $0B,$00,$30,$31,$00,$04,$15,$FF				; $ADDC ..01....
ADE4: 0B003233
ADE8: 000515FF  			defb $0B,$00,$32,$33,$00,$05,$15,$FF				; $ADE4 ..23....
ADEC: 0A000B00
ADF0: 00000115  			defb $0A,$00,$0B,$00,$00,$00,$01,$15				; $ADEC ........
ADF4: FF0600A0
ADF8: A100000A  			defb $FF,$06,$00,$A0,$A1,$00,$00,$0A				; $ADF4 ........
ADFC: 00000002
AE00: 4A141100  			defb $00,$00,$00,$02,$4A,$14,$11,$00				; $ADFC ....J...
AE04: 002324A2
AE08: A3000009  			defb $00,$23,$24,$A2,$A3,$00,$00,$09				; $AE04 .#$.....
AE0C: 00000003
AE10: 01021500  			defb $00,$00,$00,$03,$01,$02,$15,$00				; $AE0C ........
AE14: 002526A4
AE18: A5000607  			defb $00,$25,$26,$A4,$A5,$00,$06,$07				; $AE14 .%&.....
AE1C: 08000004
AE20: 03041519  			defb $08,$00,$00,$04,$03,$04,$15,$19				; $AE1C ........
AE24: 1A1B1B1C
AE28: 191AFF05  			defb $1A,$1B,$1B,$1C,$19,$1A,$FF,$05				; $AE24 ........
AE2C: 1B010204
AE30: 03151617  			defb $1B,$01,$02,$04,$03,$15,$16,$17				; $AE2C ........
AE34: 18161718
AE38: 16171501  			defb $18,$16,$17,$18,$16,$17,$15,$01				; $AE34 ........
AE3C: 02010203
AE40: 0415FF08  			defb $02,$01,$02,$03,$04,$15,$FF,$08				; $AE3C ........
AE44: 00150304
AE48: FF041413  			defb $00,$15,$03,$04,$FF,$04,$14,$13				; $AE44 ........
AE4C: FF080012
AE50: 14140000  			defb $FF,$08,$00,$12,$14,$14,$00,$00				; $AE4C ........
AE54: 001DFF0A
AE58: 001FFF1E  			defb $00,$1D,$FF,$0A,$00,$1F,$FF,$1E				; $AE54 ........
AE5C: 00ECECEC
AE60: 00000023  			defb $00,$EC,$EC,$EC,$00,$00,$00,$23				; $AE5C .......#
AE64: 24FF0E00
AE68: 2526FF0E  			defb $24,$FF,$0E,$00,$25,$26,$FF,$0E				; $AE64 $...%&..
AE6C: 004C4D00
AE70: 0000E900  			defb $00,$4C,$4D,$00,$00,$00,$E9,$00				; $AE6C .LM.....
AE74: EAFF0500
AE78: FF051B1C  			defb $EA,$FF,$05,$00,$FF,$05,$1B,$1C				; $AE74 ........
AE7C: 19161718
AE80: 16171816  			defb $19,$16,$17,$18,$16,$17,$18,$16				; $AE7C ........
AE84: 17180102
AE88: 03150102  			defb $17,$18,$01,$02,$03,$15,$01,$02				; $AE84 ........
AE8C: 03040102
AE90: 03040203  			defb $03,$04,$01,$02,$03,$04,$02,$03				; $AE8C ........
AE94: 04050405
AE98: 04153435  			defb $04,$05,$04,$05,$04,$15,$34,$35				; $AE94 ......45
AE9C: 36373534
AEA0: 3536374E  			defb $36,$37,$35,$34,$35,$36,$37,$4E				; $AE9C 6754567N
AEA4: 4F361414
AEA8: 1413FF09  			defb $4F,$36,$14,$14,$14,$13,$FF,$09				; $AEA4 O6......
AEAC: 005051FF
AEB0: 0E005253  			defb $00,$50,$51,$FF,$0E,$00,$52,$53				; $AEAC .PQ...RS
AEB4: FF2F00A0
AEB8: A1FF0800  			defb $FF,$2F,$00,$A0,$A1,$FF,$08,$00				; $AEB4 ./......
AEBC: 27280046
AEC0: 4600A2A3  			defb $27,$28,$00,$46,$46,$00,$A2,$A3				; $AEBC '(.FF...
AEC4: FF080029
AEC8: 2A464C4D  			defb $FF,$08,$00,$29,$2A,$46,$4C,$4D				; $AEC4 ...)*FLM
AECC: 46A4A516
AED0: 17181617  			defb $46,$A4,$A5,$16,$17,$18,$16,$17				; $AECC F.......
AED4: 18191AFF
AED8: 081B0101  			defb $18,$19,$1A,$FF,$08,$1B,$01,$01				; $AED4 ........
AEDC: 15030102
AEE0: 9EFF0700  			defb $15,$03,$01,$02,$9E,$FF,$07,$00				; $AEDC ........
AEE4: 15013400
AEE8: 15030405  			defb $15,$01,$34,$00,$15,$03,$04,$05				; $AEE4 ..4.....
AEEC: 9EFF0700
AEF0: 15020000  			defb $9E,$FF,$07,$00,$15,$02,$00,$00				; $AEEC ........
AEF4: 15010203
AEF8: 9FFF0700  			defb $15,$01,$02,$03,$9F,$FF,$07,$00				; $AEF4 ........
AEFC: 15030000
AF00: 15040501  			defb $15,$03,$00,$00,$15,$04,$05,$01				; $AEFC ........
AF04: 15FF0700
AF08: 15040000  			defb $15,$FF,$07,$00,$15,$04,$00,$00				; $AF04 ........
AF0C: 12141414
AF10: 13FF0700  			defb $12,$14,$14,$14,$13,$FF,$07,$00				; $AF0C ........
AF14: 1501FF0C
AF18: 00949515  			defb $15,$01,$FF,$0C,$00,$94,$95,$15				; $AF14 ........
AF1C: 02000096
AF20: 00910091  			defb $02,$00,$00,$96,$00,$91,$00,$91				; $AF1C ........
AF24: FF05003C
AF28: 00150300  			defb $FF,$05,$00,$3C,$00,$15,$03,$00				; $AF24 ...<....
AF2C: 00159392
AF30: 93920C0D  			defb $00,$15,$93,$92,$93,$92,$0C,$0D				; $AF2C ........
AF34: 0E0D0E3D
AF38: 0C150400  			defb $0E,$0D,$0E,$3D,$0C,$15,$04,$00				; $AF34 ...=....
AF3C: 00150101
AF40: 01020304  			defb $00,$15,$01,$01,$01,$02,$03,$04				; $AF3C ........
AF44: 05010203
AF48: 0415011C  			defb $05,$01,$02,$03,$04,$15,$01,$1C				; $AF44 ........
AF4C: 19150203
AF50: 01020304  			defb $19,$15,$02,$03,$01,$02,$03,$04				; $AF4C ........
AF54: 05010203
AF58: 04150201  			defb $05,$01,$02,$03,$04,$15,$02,$01				; $AF54 ........
AF5C: 15010203
AF60: 043B023B  			defb $15,$01,$02,$03,$04,$3B,$02,$3B				; $AF5C .....;.;
AF64: 043B023B
AF68: 04150102  			defb $04,$3B,$02,$3B,$04,$15,$01,$02				; $AF64 .;.;....
AF6C: 15354E4F
AF70: 353B353B  			defb $15,$35,$4E,$4F,$35,$3B,$35,$3B				; $AF6C .5NO5;5;
AF74: 353B353D
AF78: 34150203  			defb $35,$3B,$35,$3D,$34,$15,$02,$03				; $AF74 5;5=4...
AF7C: 15005051
AF80: 003D003B  			defb $15,$00,$50,$51,$00,$3D,$00,$3B				; $AF7C ..PQ.=.;
AF84: 003D0047
AF88: 00150304  			defb $00,$3D,$00,$47,$00,$15,$03,$04				; $AF84 .=.G....
AF8C: 15005253
AF90: 0047003D  			defb $15,$00,$52,$53,$00,$47,$00,$3D				; $AF8C ..RS.G.=
AF94: 00470000
AF98: 00150401  			defb $00,$47,$00,$00,$00,$15,$04,$01				; $AF94 .G......
AF9C: 15FF0600
AFA0: 47FF0500  			defb $15,$FF,$06,$00,$47,$FF,$05,$00				; $AF9C ....G...
AFA4: 15010215
AFA8: FF0C0015  			defb $15,$01,$02,$15,$FF,$0C,$00,$15				; $AFA4 ........
AFAC: 020315FF
AFB0: 0C001214  			defb $02,$03,$15,$FF,$0C,$00,$12,$14				; $AFAC ........
AFB4: 0415FF09
AFB8: 00E9E900  			defb $04,$15,$FF,$09,$00,$E9,$E9,$00				; $AFB4 ........
AFBC: 00000115
AFC0: FF050046  			defb $00,$00,$01,$15,$FF,$05,$00,$46				; $AFBC .......F
AFC4: 00460016
AFC8: 17181617  			defb $00,$46,$00,$16,$17,$18,$16,$17				; $AFC4 .F......
AFCC: 02150000
AFD0: 00191AFF  			defb $02,$15,$00,$00,$00,$19,$1A,$FF				; $AFCC ........
AFD4: 071B1C19
AFD8: 0115FF09  			defb $07,$1B,$1C,$19,$01,$15,$FF,$09				; $AFD4 ........
AFDC: 00150102
AFE0: 03040215  			defb $00,$15,$01,$02,$03,$04,$02,$15				; $AFDC ........
AFE4: FF090015
AFE8: 04050102  			defb $FF,$09,$00,$15,$04,$05,$01,$02				; $AFE4 ........
AFEC: 0315FF09
AFF0: 00121414  			defb $03,$15,$FF,$09,$00,$12,$14,$14				; $AFEC ........
AFF4: 14490415
AFF8: FF0A0030  			defb $14,$49,$04,$15,$FF,$0A,$00,$30				; $AFF4 .I.....0
AFFC: 31001505
B000: 15000000  			defb $31,$00,$15,$05,$15,$00,$00,$00				; $AFFC 1.......
B004: A0A1FF05
B008: 00323300  			defb $A0,$A1,$FF,$05,$00,$32,$33,$00				; $B004 .....23.
B00C: 15011500
B010: 0000A2A3  			defb $15,$01,$15,$00,$00,$00,$A2,$A3				; $B00C ........
B014: FF080015
B018: 14132324  			defb $FF,$08,$00,$15,$14,$13,$23,$24				; $B014 ......#$
B01C: 00A4A5FF
B020: 08001500  			defb $00,$A4,$A5,$FF,$08,$00,$15,$00				; $B01C ........
B024: 00252600
B028: 4E4FFF08  			defb $00,$25,$26,$00,$4E,$4F,$FF,$08				; $B024 .%&.NO..
B02C: 0015191A
B030: FF051B1C  			defb $00,$15,$19,$1A,$FF,$05,$1B,$1C				; $B02C ........
B034: 19161718
B038: 16171815  			defb $19,$16,$17,$18,$16,$17,$18,$15				; $B034 ........
B03C: 01020304
B040: 01020304  			defb $01,$02,$03,$04,$01,$02,$03,$04				; $B03C ........
B044: 01020304
B048: 01020315  			defb $01,$02,$03,$04,$01,$02,$03,$15				; $B044 ........
B04C: 01150102
B050: 03041501  			defb $01,$15,$01,$02,$03,$04,$15,$01				; $B04C ........
B054: 02031505
B058: 04030201  			defb $02,$03,$15,$05,$04,$03,$02,$01				; $B054 ........
B05C: 02153435
B060: 36371504  			defb $02,$15,$34,$35,$36,$37,$15,$04				; $B05C ..4567..
B064: 01021534
B068: 35363734  			defb $01,$02,$15,$34,$35,$36,$37,$34				; $B064 ...45674
B06C: 0315FF04
B070: 00121414  			defb $03,$15,$FF,$04,$00,$12,$14,$14				; $B06C ........
B074: 1413FF05
B078: 000415FF  			defb $14,$13,$FF,$05,$00,$04,$15,$FF				; $B074 ........
B07C: 05004747
B080: FF070001  			defb $05,$00,$47,$47,$FF,$07,$00,$01				; $B07C ..GG....
B084: 15008583
B088: 8486FF09  			defb $15,$00,$85,$83,$84,$86,$FF,$09				; $B084 ........
B08C: 00021500
B090: 8B000087  			defb $00,$02,$15,$00,$8B,$00,$00,$87				; $B08C ........
B094: FF090003
B098: 15008700  			defb $FF,$09,$00,$03,$15,$00,$87,$00				; $B094 ........
B09C: 008BFF09
B0A0: 00041500  			defb $00,$8B,$FF,$09,$00,$04,$15,$00				; $B09C ........
B0A4: 87000087
B0A8: 004646FF  			defb $87,$00,$00,$87,$00,$46,$46,$FF				; $B0A4 .....FF.
B0AC: 06000115
B0B0: 0088898A  			defb $06,$00,$01,$15,$00,$88,$89,$8A				; $B0AC ........
B0B4: 88004C4D
B0B8: 16171816  			defb $88,$00,$4C,$4D,$16,$17,$18,$16				; $B0B4 ..LM....
B0BC: 1718029A
B0C0: FF0D9B9C  			defb $17,$18,$02,$9A,$FF,$0D,$9B,$9C				; $B0BC ........
B0C4: 01020304
B0C8: 01020304  			defb $01,$02,$03,$04,$01,$02,$03,$04				; $B0C4 ........
B0CC: 01020104
B0D0: 01020304  			defb $01,$02,$01,$04,$01,$02,$03,$04				; $B0CC ........
B0D4: 34353637
B0D8: 34353536  			defb $34,$35,$36,$37,$34,$35,$35,$36				; $B0D4 45674556
B0DC: 343C353C
B0E0: 36343534  			defb $34,$3C,$35,$3C,$36,$34,$35,$34				; $B0DC 4<5<6454
B0E4: FF09003B
B0E8: 003BFF0D  			defb $FF,$09,$00,$3B,$00,$3B,$FF,$0D				; $B0E4 ...;.;..
B0EC: 003BF23D
B0F0: FF0400EE  			defb $00,$3B,$F2,$3D,$FF,$04,$00,$EE				; $B0EC .;.=....
B0F4: FF08003B
B0F8: FF0F003D  			defb $FF,$08,$00,$3B,$FF,$0F,$00,$3D				; $B0F4 ...;...=
B0FC: 003CFF0F
B100: 003BFF08  			defb $00,$3C,$FF,$0F,$00,$3B,$FF,$08				; $B0FC .<...;..
B104: 00EBFF04
B108: 003C003B  			defb $00,$EB,$FF,$04,$00,$3C,$00,$3B				; $B104 .....<.;
B10C: FF040016
B110: 17181617  			defb $FF,$04,$00,$16,$17,$18,$16,$17				; $B10C ........
B114: 18161718
B118: 3D003D16  			defb $18,$16,$17,$18,$3D,$00,$3D,$16				; $B114 ....=.=.
B11C: 171617FF
B120: 10140104  			defb $17,$16,$17,$FF,$10,$14,$01,$04				; $B11C ........
B124: 01020403
B128: 02010403  			defb $01,$02,$04,$03,$02,$01,$04,$03				; $B124 ........
B12C: 02010402
B130: 03013435  			defb $02,$01,$04,$02,$03,$01,$34,$35				; $B12C ......45
B134: 36373435
B138: 35353637  			defb $36,$37,$34,$35,$35,$35,$36,$37				; $B134 67455567
B13C: 34353637
B140: 3434EEEE  			defb $34,$35,$36,$37,$34,$34,$EE,$EE				; $B13C 456744..
B144: EEFF1C00
B148: 96FF0F00  			defb $EE,$FF,$1C,$00,$96,$FF,$0F,$00				; $B144 ........
B14C: 15000000
B150: A0A1FF0A  			defb $15,$00,$00,$00,$A0,$A1,$FF,$0A				; $B14C ........
B154: 00150000
B158: 00A2A300  			defb $00,$15,$00,$00,$00,$A2,$A3,$00				; $B154 ........
B15C: 00464600
B160: 46460000  			defb $00,$46,$46,$00,$46,$46,$00,$00				; $B15C .FF.FF..
B164: 00150000
B168: 00A4A500  			defb $00,$15,$00,$00,$00,$A4,$A5,$00				; $B164 ........
B16C: 004E4F46
B170: 4E4F0000  			defb $00,$4E,$4F,$46,$4E,$4F,$00,$00				; $B16C .NOFNO..
B174: 0015191A
B178: FF0A1B1C  			defb $00,$15,$19,$1A,$FF,$0A,$1B,$1C				; $B174 ........
B17C: 191A4B01
B180: 02030405  			defb $19,$1A,$4B,$01,$02,$03,$04,$05				; $B17C ..K.....
B184: 01020304
B188: 05010203  			defb $01,$02,$03,$04,$05,$01,$02,$03				; $B184 ........
B18C: 04050401
B190: 02030401  			defb $04,$05,$04,$01,$02,$03,$04,$01				; $B18C ........
B194: 02030401
B198: 04010102  			defb $02,$03,$04,$01,$04,$01,$01,$02				; $B194 ........
B19C: 010201FF
B1A0: 07144902  			defb $01,$02,$01,$FF,$07,$14,$49,$02				; $B19C ......I.
B1A4: 03020403
B1A8: 040304FF  			defb $03,$02,$04,$03,$04,$03,$04,$FF				; $B1A4 ........
B1AC: 07001503
B1B0: 02050304  			defb $07,$00,$15,$03,$02,$05,$03,$04				; $B1AC ........
B1B4: 0304037B
B1B8: FF060015  			defb $03,$04,$03,$7B,$FF,$06,$00,$15				; $B1B4 ...{....
B1BC: FF040102
B1C0: 0503057C  			defb $FF,$04,$01,$02,$05,$03,$05,$7C				; $B1BC .......|
B1C4: FF060015
B1C8: 01040202  			defb $FF,$06,$00,$15,$01,$04,$02,$02				; $B1C4 ........
B1CC: 05010201
B1D0: 7DFF0600  			defb $05,$01,$02,$01,$7D,$FF,$06,$00				; $B1CC ....}...
B1D4: 15020202
B1D8: 05020203  			defb $15,$02,$02,$02,$05,$02,$02,$03				; $B1D4 ........
B1DC: 027FFF06
B1E0: 0012FF08  			defb $02,$7F,$FF,$06,$00,$12,$FF,$08				; $B1DC ........
B1E4: 1498FF0F
B1E8: 0096FF06  			defb $14,$98,$FF,$0F,$00,$96,$FF,$06				; $B1E4 ........
B1EC: 0091E991
B1F0: E991E991  			defb $00,$91,$E9,$91,$E9,$91,$E9,$91				; $B1EC ........
B1F4: E9101519
B1F8: 1A1B1B1C  			defb $E9,$10,$15,$19,$1A,$1B,$1B,$1C				; $B1F4 ........
B1FC: 19929392
B200: 93929392  			defb $19,$92,$93,$92,$93,$92,$93,$92				; $B1FC ........
B204: 93150115
B208: 0000007B  			defb $93,$15,$01,$15,$00,$00,$00,$7B				; $B204 .......{
B20C: 01030201
B210: 02030401  			defb $01,$03,$02,$01,$02,$03,$04,$01				; $B20C ........
B214: 01030215
B218: 0000007C  			defb $01,$03,$02,$15,$00,$00,$00,$7C				; $B214 .......|
B21C: 010248FF
B220: 05144904  			defb $01,$02,$48,$FF,$05,$14,$49,$04				; $B21C ..H...I.
B224: 03150000
B228: 007D0304  			defb $03,$15,$00,$00,$00,$7D,$03,$04				; $B224 .....}..
B22C: 152E002E
B230: 002E1501  			defb $15,$2E,$00,$2E,$00,$2E,$15,$01				; $B22C ........
B234: 01150000
B238: 007D0202  			defb $01,$15,$00,$00,$00,$7D,$02,$02				; $B234 .....}..
B23C: 152FE92F
B240: E92F1502  			defb $15,$2F,$E9,$2F,$E9,$2F,$15,$02				; $B23C ./././..
B244: 05150000
B248: 00121414  			defb $05,$15,$00,$00,$00,$12,$14,$14				; $B244 ........
B24C: 4B2E2F2E
B250: 2F2E1503  			defb $4B,$2E,$2F,$2E,$2F,$2E,$15,$03				; $B24C K././...
B254: 0515A0A1
B258: 00002E2F  			defb $05,$15,$A0,$A1,$00,$00,$2E,$2F				; $B254 ......./
B25C: 2E2F2E00
B260: 2E001504  			defb $2E,$2F,$2E,$00,$2E,$00,$15,$04				; $B25C ./......
B264: 1413A2A3
B268: 00002F2E  			defb $14,$13,$A2,$A3,$00,$00,$2F,$2E				; $B264 ....../.
B26C: 2F2E2FEA
B270: 2FEB1505  			defb $2F,$2E,$2F,$EA,$2F,$EB,$15,$05				; $B26C /././...
B274: 0000A4A5
B278: 00002E2F  			defb $00,$00,$A4,$A5,$00,$00,$2E,$2F				; $B274 ......./
B27C: 2E2F2E2F
B280: 2E2F1501  			defb $2E,$2F,$2E,$2F,$2E,$2F,$15,$01				; $B27C ./././..
B284: FF0E144B
B288: 02010203  			defb $FF,$0E,$14,$4B,$02,$01,$02,$03				; $B284 ...K....
B28C: 04050102
B290: 03040501  			defb $04,$05,$01,$02,$03,$04,$05,$01				; $B28C ........
B294: 02030403
B298: 04FFA000  			defb $02,$03,$04,$03,$04,$FF,$A0,$00				; $B294 ........
B29C: 0102033B
B2A0: 053B0203  			defb $01,$02,$03,$3B,$05,$3B,$02,$03				; $B29C ...;.;..
B2A4: 040501A9
B2A8: 03040501  			defb $04,$05,$01,$A9,$03,$04,$05,$01				; $B2A4 ........
B2AC: 0148A83B
B2B0: A83BFF05  			defb $01,$48,$A8,$3B,$A8,$3B,$FF,$05				; $B2AC .H.;.;..
B2B4: A8133435
B2B8: 363702A9  			defb $A8,$13,$34,$35,$36,$37,$02,$A9				; $B2B4 ..4567..
B2BC: 473D003B
B2C0: 00004E4F  			defb $47,$3D,$00,$3B,$00,$00,$4E,$4F				; $B2BC G=.;..NO
B2C4: FF060003
B2C8: A9004700  			defb $FF,$06,$00,$03,$A9,$00,$47,$00				; $B2C4 ......G.
B2CC: 3D000050
B2D0: 51FF0600  			defb $3D,$00,$00,$50,$51,$FF,$06,$00				; $B2CC =..PQ...
B2D4: 04A90000
B2D8: 00470000  			defb $04,$A9,$00,$00,$00,$47,$00,$00				; $B2D4 .....G..
B2DC: 5253FF06
B2E0: 0005A9FF  			defb $52,$53,$FF,$06,$00,$05,$A9,$FF				; $B2DC RS......
B2E4: 0E0001A9
B2E8: FF060027  			defb $0E,$00,$01,$A9,$FF,$06,$00,$27				; $B2E4 .......'
B2EC: 28FF0600
B2F0: 02A9FF06  			defb $28,$FF,$06,$00,$02,$A9,$FF,$06				; $B2EC (.......
B2F4: 00292AFF
B2F8: 060003A9  			defb $00,$29,$2A,$FF,$06,$00,$03,$A9				; $B2F4 .)*.....
B2FC: FF050010
B300: 14141411  			defb $FF,$05,$00,$10,$14,$14,$14,$11				; $B2FC ........
B304: 0C0D0E0F
B308: 04A9FF05  			defb $0C,$0D,$0E,$0F,$04,$A9,$FF,$05				; $B304 ........
B30C: 00150102
B310: 03150501  			defb $00,$15,$01,$02,$03,$15,$05,$01				; $B30C ........
B314: 02030102
B318: 03040501  			defb $02,$03,$01,$02,$03,$04,$05,$01				; $B314 ........
B31C: 02030405
B320: 01020304  			defb $02,$03,$04,$05,$01,$02,$03,$04				; $B31C ........
B324: 15013435
B328: A6A734A6  			defb $15,$01,$34,$35,$A6,$A7,$34,$A6				; $B324 ..45..4.
B32C: A7343536
B330: 34353734  			defb $A7,$34,$35,$36,$34,$35,$37,$34				; $B32C .4564574
B334: 15010000
B338: 47470047  			defb $15,$01,$00,$00,$47,$47,$00,$47				; $B334 ....GG.G
B33C: 47FF0700
B340: 1502FF0E  			defb $47,$FF,$07,$00,$15,$02,$FF,$0E				; $B33C G.......
B344: 001503FF
B348: 0E001504  			defb $00,$15,$03,$FF,$0E,$00,$15,$04				; $B344 ........
B34C: FF0B0010
B350: 14144B01  			defb $FF,$0B,$00,$10,$14,$14,$4B,$01				; $B34C ......K.
B354: FF0B0015
B358: 01020301  			defb $FF,$0B,$00,$15,$01,$02,$03,$01				; $B354 ........
B35C: 00004646
B360: EB4646FF  			defb $00,$00,$46,$46,$EB,$46,$46,$FF				; $B35C ..FF.FF.
B364: 04001504
B368: 0501020C  			defb $04,$00,$15,$04,$05,$01,$02,$0C				; $B364 ........
B36C: 0D4E4F0D
B370: 4E4F0E0C  			defb $0D,$4E,$4F,$0D,$4E,$4F,$0E,$0C				; $B36C .NO.NO..
B374: 0D0E1502
B378: 03040301  			defb $0D,$0E,$15,$02,$03,$04,$03,$01				; $B374 ........
B37C: 02030401
B380: 02030405  			defb $02,$03,$04,$01,$02,$03,$04,$05				; $B37C ........
B384: 01021504
B388: 05020401  			defb $01,$02,$15,$04,$05,$02,$04,$01				; $B384 ........
B38C: 02030401
B390: 02030405  			defb $02,$03,$04,$01,$02,$03,$04,$05				; $B38C ........
B394: 01020504
B398: 01020304  			defb $01,$02,$05,$04,$01,$02,$03,$04				; $B394 ........
B39C: 48FF0EA8
B3A0: 03A9001D  			defb $48,$FF,$0E,$A8,$03,$A9,$00,$1D				; $B39C H.......
B3A4: 1F000030
B3A8: 31FF0700  			defb $1F,$00,$00,$30,$31,$FF,$07,$00				; $B3A4 ...01...
B3AC: 02A9FF05
B3B0: 00323300  			defb $02,$A9,$FF,$05,$00,$32,$33,$00				; $B3AC .....23.
B3B4: 0000FF04
B3B8: EC01A9FF  			defb $00,$00,$FF,$04,$EC,$01,$A9,$FF				; $B3B4 ........
B3BC: 0E0005A9
B3C0: FF0E0004  			defb $0E,$00,$05,$A9,$FF,$0E,$00,$04				; $B3BC ........
B3C4: A9FF0E00
B3C8: 03A9FF0D  			defb $A9,$FF,$0E,$00,$03,$A9,$FF,$0D				; $B3C4 ........
B3CC: 007B02A9
B3D0: FF0D007C  			defb $00,$7B,$02,$A9,$FF,$0D,$00,$7C				; $B3CC .{.....|
B3D4: 01A9FF0D
B3D8: 007D0102  			defb $01,$A9,$FF,$0D,$00,$7D,$01,$02				; $B3D4 .....}..
B3DC: A9191AFF
B3E0: 0B1BA8A8  			defb $A9,$19,$1A,$FF,$0B,$1B,$A8,$A8				; $B3DC ........
B3E4: 13FF2900
B3E8: FF04ECFF  			defb $13,$FF,$29,$00,$FF,$04,$EC,$FF				; $B3E4 ..).....
B3EC: 2100EAFF
B3F0: 0E001414  			defb $21,$00,$EA,$FF,$0E,$00,$14,$14				; $B3EC !.......
B3F4: 11FF0D00
B3F8: 02031500  			defb $11,$FF,$0D,$00,$02,$03,$15,$00				; $B3F4 ........
B3FC: 00EBFF0A
B400: 00010215  			defb $00,$EB,$FF,$0A,$00,$01,$02,$15				; $B3FC ........
B404: 191A1B1C
B408: 19181617  			defb $19,$1A,$1B,$1C,$19,$18,$16,$17				; $B404 ........
B40C: 18161718
B410: 16FF051B  			defb $18,$16,$17,$18,$16,$FF,$05,$1B				; $B40C ........
B414: 1C191AFF
B418: 081B0000  			defb $1C,$19,$1A,$FF,$08,$1B,$00,$00				; $B414 ........
B41C: 00303100
B420: 0000A6A7  			defb $00,$30,$31,$00,$00,$00,$A6,$A7				; $B41C .01.....
B424: FF090032
B428: 33000000  			defb $FF,$09,$00,$32,$33,$00,$00,$00				; $B424 ...23...
B42C: 4747FF22
B430: 00FF04EC  			defb $47,$47,$FF,$22,$00,$FF,$04,$EC				; $B42C GG."....
B434: FF38000C
B438: 0D0C0D0E  			defb $FF,$38,$00,$0C,$0D,$0C,$0D,$0E				; $B434 .8......
B43C: 0C0E0E17
B440: 18161718  			defb $0C,$0E,$0E,$17,$18,$16,$17,$18				; $B43C ........
B444: 16170C02
B448: 03040502  			defb $16,$17,$0C,$02,$03,$04,$05,$02				; $B444 ........
B44C: 030101FF
B450: 051B1C19  			defb $03,$01,$01,$FF,$05,$1B,$1C,$19				; $B44C ........
B454: 15010203
B458: 04050102  			defb $15,$01,$02,$03,$04,$05,$01,$02				; $B454 ........
B45C: 03FF0700
B460: 12FF0614  			defb $03,$FF,$07,$00,$12,$FF,$06,$14				; $B45C ........
B464: 4904FF0C
B468: 00F82F15  			defb $49,$04,$FF,$0C,$00,$F8,$2F,$15				; $B464 I...../.
B46C: 05FF0C00
B470: 2F2E1501  			defb $05,$FF,$0C,$00,$2F,$2E,$15,$01				; $B46C ..../...
B474: FF0A00F8
B478: 2F2E2F15  			defb $FF,$0A,$00,$F8,$2F,$2E,$2F,$15				; $B474 ...././.
B47C: 02FF0A00
B480: 2F2E2F2E  			defb $02,$FF,$0A,$00,$2F,$2E,$2F,$2E				; $B47C ...././.
B484: 15040000
B488: 00464600  			defb $15,$04,$00,$00,$00,$46,$46,$00				; $B484 .....FF.
B48C: 0000F82F
B490: 2E2F2E2F  			defb $00,$00,$F8,$2F,$2E,$2F,$2E,$2F				; $B48C .../././
B494: 15030000
B498: 004C4D00  			defb $15,$03,$00,$00,$00,$4C,$4D,$00				; $B494 .....LM.
B49C: F8002F2E
B4A0: 2F2E2F2E  			defb $F8,$00,$2F,$2E,$2F,$2E,$2F,$2E				; $B49C ../././.
B4A4: 15010E0C
B4A8: 10FF09A8  			defb $15,$01,$0E,$0C,$10,$FF,$09,$A8				; $B4A4 ........
B4AC: 492F1502
B4B0: 0102A904  			defb $49,$2F,$15,$02,$01,$02,$A9,$04				; $B4AC I/......
B4B4: 05020304
B4B8: 05020405  			defb $05,$02,$03,$04,$05,$02,$04,$05				; $B4B4 ........
B4BC: A92E1502
B4C0: 05010203  			defb $A9,$2E,$15,$02,$05,$01,$02,$03				; $B4BC ........
B4C4: 04050102
B4C8: 03040501  			defb $04,$05,$01,$02,$03,$04,$05,$01				; $B4C4 ........
B4CC: 02030201
B4D0: 0448FF0E  			defb $02,$03,$02,$01,$04,$48,$FF,$0E				; $B4CC .....H..
B4D4: A8031500
B4D8: A6A700A6  			defb $A8,$03,$15,$00,$A6,$A7,$00,$A6				; $B4D4 ........
B4DC: A700A6A7
B4E0: 00A6A700  			defb $A7,$00,$A6,$A7,$00,$A6,$A7,$00				; $B4DC ........
B4E4: 00021500
B4E8: 47470047  			defb $00,$02,$15,$00,$47,$47,$00,$47				; $B4E4 ....GG.G
B4EC: 47004747
B4F0: 00474700  			defb $47,$00,$47,$47,$00,$47,$47,$00				; $B4EC G.GG.GG.
B4F4: 7B0115FF
B4F8: 0D007D05  			defb $7B,$01,$15,$FF,$0D,$00,$7D,$05				; $B4F4 {.....}.
B4FC: 15E9EAEB
B500: FF0A007E  			defb $15,$E9,$EA,$EB,$FF,$0A,$00,$7E				; $B4FC .......~
B504: 044A1414
B508: 1411FF09  			defb $04,$4A,$14,$14,$14,$11,$FF,$09				; $B504 .J......
B50C: 007E0301
B510: 02030415  			defb $00,$7E,$03,$01,$02,$03,$04,$15				; $B50C .~......
B514: FF09007D
B518: 02481414  			defb $FF,$09,$00,$7D,$02,$48,$14,$14				; $B514 ...}.H..
B51C: 1413FF09
B520: 007C0115  			defb $14,$13,$FF,$09,$00,$7C,$01,$15				; $B51C .....|..
B524: FF0D007D
B528: 01020304  			defb $FF,$0D,$00,$7D,$01,$02,$03,$04				; $B524 ...}....
B52C: 05010203
B530: 04010303  			defb $05,$01,$02,$03,$04,$01,$03,$03				; $B52C ........
B534: 04057C01
B538: 191A1B1B  			defb $04,$05,$7C,$01,$19,$1A,$1B,$1B				; $B534 ..|.....
B53C: 1B1C191A
B540: FF041B1C  			defb $1B,$1C,$19,$1A,$FF,$04,$1B,$1C				; $B53C ........
B544: 197C01FF
B548: 08004700  			defb $19,$7C,$01,$FF,$08,$00,$47,$00				; $B544 .|....G.
B54C: 30310000
B550: 7D021414  			defb $30,$31,$00,$00,$7D,$02,$14,$14				; $B54C 01..}...
B554: 11FF0700
B558: 32330000  			defb $11,$FF,$07,$00,$32,$33,$00,$00				; $B554 ....23..
B55C: 7E030102
B560: 15FF0B00  			defb $7E,$03,$01,$02,$15,$FF,$0B,$00				; $B55C ~.......
B564: 7C040305
B568: 15FF0B00  			defb $7C,$04,$03,$05,$15,$FF,$0B,$00				; $B564 |.......
B56C: 7D050104
B570: 15FF0B00  			defb $7D,$05,$01,$04,$15,$FF,$0B,$00				; $B56C }.......
B574: 7E010203
B578: 15FF0B00  			defb $7E,$01,$02,$03,$15,$FF,$0B,$00				; $B574 ~.......
B57C: 7C020405
B580: 15FF0B00  			defb $7C,$02,$04,$05,$15,$FF,$0B,$00				; $B57C |.......
B584: 7D030102
B588: 15FF04ED  			defb $7D,$03,$01,$02,$15,$FF,$04,$ED				; $B584 }.......
B58C: FF07007E
B590: 0401A9EF  			defb $FF,$07,$00,$7E,$04,$01,$A9,$EF				; $B58C ...~....
B594: EFEF0000
B598: 15020304  			defb $EF,$EF,$00,$00,$15,$02,$03,$04				; $B594 ........
B59C: 15010203
B5A0: 0401A9FF  			defb $15,$01,$02,$03,$04,$01,$A9,$FF				; $B59C ........
B5A4: 05001501
B5A8: 02031534  			defb $05,$00,$15,$01,$02,$03,$15,$34				; $B5A4 .......4
B5AC: 35363402
B5B0: A9FF0500  			defb $35,$36,$34,$02,$A9,$FF,$05,$00				; $B5AC 564.....
B5B4: 12141414
B5B8: 13FF0400  			defb $12,$14,$14,$14,$13,$FF,$04,$00				; $B5B4 ........
B5BC: 03A9FF06
B5C0: 003031FF  			defb $03,$A9,$FF,$06,$00,$30,$31,$FF				; $B5BC .....01.
B5C4: 060004A9
B5C8: FF060032  			defb $06,$00,$04,$A9,$FF,$06,$00,$32				; $B5C4 .......2
B5CC: 33FF0600
B5D0: 05A9FF0E  			defb $33,$FF,$06,$00,$05,$A9,$FF,$0E				; $B5CC 3.......
B5D4: 0001A900
B5D8: 2324FF0B  			defb $00,$01,$A9,$00,$23,$24,$FF,$0B				; $B5D4 ....#$..
B5DC: 0002A922
B5E0: 252620FF  			defb $00,$02,$A9,$22,$25,$26,$20,$FF				; $B5DC ..."%& .
B5E4: 0A00034A
B5E8: FF04A811  			defb $0A,$00,$03,$4A,$FF,$04,$A8,$11				; $B5E4 ...J....
B5EC: FF090004
B5F0: 01020304  			defb $FF,$09,$00,$04,$01,$02,$03,$04				; $B5EC ........
B5F4: 01A91617
B5F8: 18161718  			defb $01,$A9,$16,$17,$18,$16,$17,$18				; $B5F4 ........
B5FC: 16171801
B600: 0102033B  			defb $16,$17,$18,$01,$01,$02,$03,$3B				; $B5FC .......;
B604: 053B033B
B608: 05011503  			defb $05,$3B,$03,$3B,$05,$01,$15,$03				; $B604 .;.;....
B60C: 04050134
B610: 3634353D  			defb $04,$05,$01,$34,$36,$34,$35,$3D				; $B60C ...4645=
B614: 373B353B
B618: 37341501  			defb $37,$3B,$35,$3B,$37,$34,$15,$01				; $B614 7;5;74..
B61C: 020304FF
B620: 040047E9  			defb $02,$03,$04,$FF,$04,$00,$47,$E9				; $B61C ......G.
B624: 3DEA3BEB
B628: 0012A8A8  			defb $3D,$EA,$3B,$EB,$00,$12,$A8,$A8				; $B624 =.;.....
B62C: 4901FF06
B630: 0047003D  			defb $49,$01,$FF,$06,$00,$47,$00,$3D				; $B62C I....G.=
B634: FF0500A9
B638: 02FF0800  			defb $FF,$05,$00,$A9,$02,$FF,$08,$00				; $B634 ........
B63C: 47FF0500
B640: A903FF0E  			defb $47,$FF,$05,$00,$A9,$03,$FF,$0E				; $B63C G.......
B644: 00A904FF
B648: 0E00A905  			defb $00,$A9,$04,$FF,$0E,$00,$A9,$05				; $B644 ........
B64C: FF0E00A9
B650: 01FF0E00  			defb $FF,$0E,$00,$A9,$01,$FF,$0E,$00				; $B64C ........
B654: A9021617
B658: 1819FF04  			defb $A9,$02,$16,$17,$18,$19,$FF,$04				; $B654 ........
B65C: EDFF0600
B660: A90201A9  			defb $ED,$FF,$06,$00,$A9,$02,$01,$A9				; $B65C ........
B664: EFEFEFFF
B668: 0A009D02  			defb $EF,$EF,$EF,$FF,$0A,$00,$9D,$02				; $B664 ........
B66C: A9FF0D00
B670: 9E03A9FF  			defb $A9,$FF,$0D,$00,$9E,$03,$A9,$FF				; $B66C ........
B674: 0D009E04
B678: A9FF0D00  			defb $0D,$00,$9E,$04,$A9,$FF,$0D,$00				; $B674 ........
B67C: 9E05A9FF
B680: 05002728  			defb $9E,$05,$A9,$FF,$05,$00,$27,$28				; $B67C ......'(
B684: FF06009E
B688: 01A9FF05  			defb $FF,$06,$00,$9E,$01,$A9,$FF,$05				; $B684 ........
B68C: 00292AFF
B690: 06009E02  			defb $00,$29,$2A,$FF,$06,$00,$9E,$02				; $B68C .)*.....
B694: 4AA8A89A
B698: 9B9CA8A8  			defb $4A,$A8,$A8,$9A,$9B,$9C,$A8,$A8				; $B694 J.......
B69C: 11FF0500
B6A0: 9F030102  			defb $11,$FF,$05,$00,$9F,$03,$01,$02				; $B69C ........
B6A4: 03040501
B6A8: 0203A900  			defb $03,$04,$05,$01,$02,$03,$A9,$00				; $B6A4 ........
B6AC: 00001014
B6B0: 140448A8  			defb $00,$00,$10,$14,$14,$04,$48,$A8				; $B6AC ......H.
B6B4: A89A9B9C
B6B8: A8A81300  			defb $A8,$9A,$9B,$9C,$A8,$A8,$13,$00				; $B6B4 ........
B6BC: 00001501
B6C0: 0205A9FF  			defb $00,$00,$15,$01,$02,$05,$A9,$FF				; $B6BC ........
B6C4: 0B001503
B6C8: 04019D16  			defb $0B,$00,$15,$03,$04,$01,$9D,$16				; $B6C4 ........
B6CC: 17181617
B6D0: 18161718  			defb $17,$18,$16,$17,$18,$16,$17,$18				; $B6CC ........
B6D4: 15040302
B6D8: 01029EFF  			defb $15,$04,$03,$02,$01,$02,$9E,$FF				; $B6D4 ........
B6DC: 090012FF
B6E0: 0414039E  			defb $09,$00,$12,$FF,$04,$14,$03,$9E				; $B6DC ........
B6E4: FF0E0004
B6E8: 9EFF0C00  			defb $FF,$0E,$00,$04,$9E,$FF,$0C,$00				; $B6E4 ........
B6EC: 3C00059E
B6F0: FF0C003B  			defb $3C,$00,$05,$9E,$FF,$0C,$00,$3B				; $B6EC <......;
B6F4: 00019EFF
B6F8: 0C003B00  			defb $00,$01,$9E,$FF,$0C,$00,$3B,$00				; $B6F4 ......;.
B6FC: 029EFF0C
B700: 003B0003  			defb $02,$9E,$FF,$0C,$00,$3B,$00,$03				; $B6FC .....;..
B704: 9EFF0C00
B708: 3D00049E  			defb $9E,$FF,$0C,$00,$3D,$00,$04,$9E				; $B704 ....=...
B70C: FF0B0010
B710: 1414059E  			defb $FF,$0B,$00,$10,$14,$14,$05,$9E				; $B70C ........
B714: EDEDEDFF
B718: 08001501  			defb $ED,$ED,$ED,$FF,$08,$00,$15,$01				; $B714 ........
B71C: 02010203
B720: 04050102  			defb $02,$01,$02,$03,$04,$05,$01,$02				; $B71C ........
B724: 03040501
B728: 02030201  			defb $03,$04,$05,$01,$02,$03,$02,$01				; $B724 ........
B72C: 01FF0514
B730: 9A9B9B9C  			defb $01,$FF,$05,$14,$9A,$9B,$9B,$9C				; $B72C ........
B734: 14141449
B738: 01020300  			defb $14,$14,$14,$49,$01,$02,$03,$00				; $B734 ...I....
B73C: 0000FF06
B740: FE000000  			defb $00,$00,$FF,$06,$FE,$00,$00,$00				; $B73C ........
B744: 15010403
B748: FF0C0015  			defb $15,$01,$04,$03,$FF,$0C,$00,$15				; $B744 ........
B74C: 020104FF
B750: 0C001214  			defb $02,$01,$04,$FF,$0C,$00,$12,$14				; $B74C ........
B754: 14149798
B758: FF0F003C  			defb $14,$14,$97,$98,$FF,$0F,$00,$3C				; $B754 .......<
B75C: FF0A0091
B760: 00910000  			defb $FF,$0A,$00,$91,$00,$91,$00,$00				; $B75C ........
B764: 3DFF0A00
B768: 92939293  			defb $3D,$FF,$0A,$00,$92,$93,$92,$93				; $B764 =.......
B76C: FF05149A
B770: 9B9B9CFF  			defb $FF,$05,$14,$9A,$9B,$9B,$9C,$FF				; $B76C ........
B774: 07140103
B778: 02040102  			defb $07,$14,$01,$03,$02,$04,$01,$02				; $B774 ........
B77C: 03040501
B780: 02030401  			defb $03,$04,$05,$01,$02,$03,$04,$01				; $B77C ........
B784: 02030102
B788: A9010203  			defb $02,$03,$01,$02,$A9,$01,$02,$03				; $B784 ........
B78C: 3B34A901
B790: 0203A900  			defb $3B,$34,$A9,$01,$02,$03,$A9,$00				; $B78C ;4......
B794: 15010304
B798: A9343536  			defb $15,$01,$03,$04,$A9,$34,$35,$36				; $B794 .....456
B79C: 3B00A904
B7A0: 0501A900  			defb $3B,$00,$A9,$04,$05,$01,$A9,$00				; $B79C ;.......
B7A4: 15020501
B7A8: A9000000  			defb $15,$02,$05,$01,$A9,$00,$00,$00				; $B7A4 ........
B7AC: 3BF312A8
B7B0: A8A81300  			defb $3B,$F3,$12,$A8,$A8,$A8,$13,$00				; $B7AC ;.......
B7B4: 15030402
B7B8: A9000000  			defb $15,$03,$04,$02,$A9,$00,$00,$00				; $B7B4 ........
B7BC: 3BFF0700
B7C0: 15041414  			defb $3B,$FF,$07,$00,$15,$04,$14,$14				; $B7BC ;.......
B7C4: 13000000
B7C8: 3D003CFF  			defb $13,$00,$00,$00,$3D,$00,$3C,$FF				; $B7C4 ....=.<.
B7CC: 05001505
B7D0: FF0400A0  			defb $05,$00,$15,$05,$FF,$04,$00,$A0				; $B7CC ........
B7D4: A100003B
B7D8: FF050015  			defb $A1,$00,$00,$3B,$FF,$05,$00,$15				; $B7D4 ...;....
B7DC: 01910000
B7E0: 00A2A33C  			defb $01,$91,$00,$00,$00,$A2,$A3,$3C				; $B7DC .......<
B7E4: 003BFF05
B7E8: 00150292  			defb $00,$3B,$FF,$05,$00,$15,$02,$92				; $B7E4 .;......
B7EC: 930000A4
B7F0: A53D003B  			defb $93,$00,$00,$A4,$A5,$3D,$00,$3B				; $B7EC .....=.;
B7F4: FF050015
B7F8: 03FF0414  			defb $FF,$05,$00,$15,$03,$FF,$04,$14				; $B7F4 ........
B7FC: 9A9B9C11
B800: 3D808182  			defb $9A,$9B,$9C,$11,$3D,$80,$81,$82				; $B7FC ....=...
B804: 10144B01
B808: 01020304  			defb $10,$14,$4B,$01,$01,$02,$03,$04				; $B804 ..K.....
B80C: 05010215
B810: 04050102  			defb $05,$01,$02,$15,$04,$05,$01,$02				; $B80C ........
B814: 15040501
B818: 05A9EFEF  			defb $15,$04,$05,$01,$05,$A9,$EF,$EF				; $B814 ........
B81C: EFFF0A00
B820: 7E04A9FF  			defb $EF,$FF,$0A,$00,$7E,$04,$A9,$FF				; $B81C ....~...
B824: 0D007C03
B828: A9FF0D00  			defb $0D,$00,$7C,$03,$A9,$FF,$0D,$00				; $B824 ..|.....
B82C: 7D02A9FF
B830: 0D007E01  			defb $7D,$02,$A9,$FF,$0D,$00,$7E,$01				; $B82C }.....~.
B834: A9FF0D00
B838: 7C04A9FF  			defb $A9,$FF,$0D,$00,$7C,$04,$A9,$FF				; $B834 ....|...
B83C: 0D007D03
B840: A9004646  			defb $0D,$00,$7D,$03,$A9,$00,$46,$46				; $B83C ..}...FF
B844: 00000046
B848: 46FF0500  			defb $00,$00,$00,$46,$46,$FF,$05,$00				; $B844 ...FF...
B84C: 7E02A946
B850: 4C4D0046  			defb $7E,$02,$A9,$46,$4C,$4D,$00,$46				; $B84C ~..FLM.F
B854: 004C4D46
B858: FF04007C  			defb $00,$4C,$4D,$46,$FF,$04,$00,$7C				; $B854 .LMF...|
B85C: 014AFF09
B860: A8110000  			defb $01,$4A,$FF,$09,$A8,$11,$00,$00				; $B85C .J......
B864: 007E0102
B868: 03040501  			defb $00,$7E,$01,$02,$03,$04,$05,$01				; $B864 .~......
B86C: 02030405
B870: 01A90000  			defb $02,$03,$04,$05,$01,$A9,$00,$00				; $B86C ........
B874: 007F0102
B878: 15FF0B00  			defb $00,$7F,$01,$02,$15,$FF,$0B,$00				; $B874 ........
B87C: 7B010304
B880: 15008DFF  			defb $7B,$01,$03,$04,$15,$00,$8D,$FF				; $B87C {.......
B884: 07008D00
B888: 7C020501  			defb $07,$00,$8D,$00,$7C,$02,$05,$01				; $B884 ....|...
B88C: 9D8D8F8D
B890: FF05008D  			defb $9D,$8D,$8F,$8D,$FF,$05,$00,$8D				; $B88C ........
B894: 8F8D7D03
B898: 02039E00  			defb $8F,$8D,$7D,$03,$02,$03,$9E,$00				; $B894 ..}.....
B89C: 8DFF0700
B8A0: 8D007E04  			defb $8D,$FF,$07,$00,$8D,$00,$7E,$04				; $B89C ......~.
B8A4: 04059EFF
B8A8: 0B007C05  			defb $04,$05,$9E,$FF,$0B,$00,$7C,$05				; $B8A4 ......|.
B8AC: 01039EFF
B8B0: 0B007D01  			defb $01,$03,$9E,$FF,$0B,$00,$7D,$01				; $B8AC ......}.
B8B4: 04029EFF
B8B8: 0B007E02  			defb $04,$02,$9E,$FF,$0B,$00,$7E,$02				; $B8B4 ......~.
B8BC: 01029FFF
B8C0: 0B007E03  			defb $01,$02,$9F,$FF,$0B,$00,$7E,$03				; $B8BC ......~.
B8C4: 030415FF
B8C8: 0B007C04  			defb $03,$04,$15,$FF,$0B,$00,$7C,$04				; $B8C4 ......|.
B8CC: 050115FF
B8D0: 04EDFF07  			defb $05,$01,$15,$FF,$04,$ED,$FF,$07				; $B8CC ........
B8D4: 007D0501
B8D8: 01010203  			defb $00,$7D,$05,$01,$01,$01,$02,$03				; $B8D4 .}......
B8DC: 04050102
B8E0: 03150102  			defb $04,$05,$01,$02,$03,$15,$01,$02				; $B8DC ........
B8E4: A9010102
B8E8: 0248FF07  			defb $A9,$01,$01,$02,$02,$48,$FF,$07				; $B8E4 .....H..
B8EC: 14133436
B8F0: A9020203  			defb $14,$13,$34,$36,$A9,$02,$02,$03				; $B8EC ..46....
B8F4: 0315FF09
B8F8: 00FDA903  			defb $03,$15,$FF,$09,$00,$FD,$A9,$03				; $B8F4 ........
B8FC: 03040415
B900: FF0900FD  			defb $03,$04,$04,$15,$FF,$09,$00,$FD				; $B8FC ........
B904: A9040405
B908: 0115FF0A  			defb $A9,$04,$04,$05,$01,$15,$FF,$0A				; $B904 ........
B90C: 0012A8A8
B910: 010215FF  			defb $00,$12,$A8,$A8,$01,$02,$15,$FF				; $B90C ........
B914: 0D000203
B918: 15FF0D00  			defb $0D,$00,$02,$03,$15,$FF,$0D,$00				; $B914 ........
B91C: 030415FF
B920: 08004646  			defb $03,$04,$15,$FF,$08,$00,$46,$46				; $B91C ......FF
B924: 00000004
B928: 0515FF07  			defb $00,$00,$00,$04,$05,$15,$FF,$07				; $B924 ........
B92C: 0010FF05
B930: A8010115  			defb $00,$10,$FF,$05,$A8,$01,$01,$15				; $B92C ........
B934: FF0700A9
B938: 01040302  			defb $FF,$07,$00,$A9,$01,$04,$03,$02				; $B934 ........
B93C: 01010201
B940: A9FF0A00  			defb $01,$01,$02,$01,$A9,$FF,$0A,$00				; $B93C ........
B944: A9010102
B948: 03A98DE9  			defb $A9,$01,$01,$02,$03,$A9,$8D,$E9				; $B944 ........
B94C: 8DE98DE9
B950: 8DE98D00  			defb $8D,$E9,$8D,$E9,$8D,$E9,$8D,$00				; $B94C ........
B954: A9010204
B958: 03A98F8D  			defb $A9,$01,$02,$04,$03,$A9,$8F,$8D				; $B954 ........
B95C: 8F8D8F8D
B960: 8F8D8F8D  			defb $8F,$8D,$8F,$8D,$8F,$8D,$8F,$8D				; $B95C ........
B964: 9D020302
B968: 04A98D00  			defb $9D,$02,$03,$02,$04,$A9,$8D,$00				; $B964 ........
B96C: 8D008D00
B970: 8D008D00  			defb $8D,$00,$8D,$00,$8D,$00,$8D,$00				; $B96C ........
B974: 9E03A8A8
B978: A813FF0A  			defb $9E,$03,$A8,$A8,$A8,$13,$FF,$0A				; $B974 ........
B97C: 009E042E
B980: EA2EEB2E  			defb $00,$9E,$04,$2E,$EA,$2E,$EB,$2E				; $B97C ........
B984: 2FFF0400
B988: 94950000  			defb $2F,$FF,$04,$00,$94,$95,$00,$00				; $B984 /.......
B98C: 9F05918D
B990: 918D912E  			defb $9F,$05,$91,$8D,$91,$8D,$91,$2E				; $B98C ........
B994: FF040096
B998: 000000A9  			defb $FF,$04,$00,$96,$00,$00,$00,$A9				; $B994 ........
B99C: 01929392
B9A0: 93922FFF  			defb $01,$92,$93,$92,$93,$92,$2F,$FF				; $B99C ....../.
B9A4: 04009900
B9A8: 0000A902  			defb $04,$00,$99,$00,$00,$00,$A9,$02				; $B9A4 ........
B9AC: FF04A89A
B9B0: FF049B9C  			defb $FF,$04,$A8,$9A,$FF,$04,$9B,$9C				; $B9AC ........
B9B4: FF04A84B
B9B8: 03010203  			defb $FF,$04,$A8,$4B,$03,$01,$02,$03				; $B9B4 ...K....
B9BC: 04050102
B9C0: 03040501  			defb $04,$05,$01,$02,$03,$04,$05,$01				; $B9BC ........
B9C4: 02030405
B9C8: 0101A9EF  			defb $02,$03,$04,$05,$01,$01,$A9,$EF				; $B9C4 ........
B9CC: EFEFFF08
B9D0: 00150101  			defb $EF,$EF,$FF,$08,$00,$15,$01,$01				; $B9CC ........
B9D4: 02A9FF0B
B9D8: 00150102  			defb $02,$A9,$FF,$0B,$00,$15,$01,$02				; $B9D4 ........
B9DC: 03A9FF0B
B9E0: 00150304  			defb $03,$A9,$FF,$0B,$00,$15,$03,$04				; $B9DC ........
B9E4: 04A9FF0B
B9E8: 009D0501  			defb $04,$A9,$FF,$0B,$00,$9D,$05,$01				; $B9E4 ........
B9EC: 05A9FF0B
B9F0: 009E0203  			defb $05,$A9,$FF,$0B,$00,$9E,$02,$03				; $B9EC ........
B9F4: 01A9A0A1
B9F8: FF09009E  			defb $01,$A9,$A0,$A1,$FF,$09,$00,$9E				; $B9F4 ........
B9FC: 040502A9
BA00: A2A30023  			defb $04,$05,$02,$A9,$A2,$A3,$00,$23				; $B9FC .......#
BA04: 24FF0600
BA08: 9F010203  			defb $24,$FF,$06,$00,$9F,$01,$02,$03				; $BA04 $.......
BA0C: A9A4A500
BA10: 2526FF06  			defb $A9,$A4,$A5,$00,$25,$26,$FF,$06				; $BA0C ....%&..
BA14: 00150304
BA18: 044AFF08  			defb $00,$15,$03,$04,$04,$4A,$FF,$08				; $BA14 .....J..
BA1C: A8110000
BA20: 15050105  			defb $A8,$11,$00,$00,$15,$05,$01,$05				; $BA1C ........
BA24: 05010203
BA28: 04010203  			defb $05,$01,$02,$03,$04,$01,$02,$03				; $BA24 ........
BA2C: 04A90000
BA30: 15020301  			defb $04,$A9,$00,$00,$15,$02,$03,$01				; $BA2C ........
BA34: A9FF0B00
BA38: 15010202  			defb $A9,$FF,$0B,$00,$15,$01,$02,$02				; $BA34 ........
BA3C: A92E2F2E
BA40: 2F2E2F2E  			defb $A9,$2E,$2F,$2E,$2F,$2E,$2F,$2E				; $BA3C ../././.
BA44: 2F2E2F2E
BA48: 15030503  			defb $2F,$2E,$2F,$2E,$15,$03,$05,$03				; $BA44 /./.....
BA4C: A98D8F8D
BA50: 8F8D8F8D  			defb $A9,$8D,$8F,$8D,$8F,$8D,$8F,$8D				; $BA4C ........
BA54: 8F8D8F8D
BA58: 12141404  			defb $8F,$8D,$8F,$8D,$12,$14,$14,$04				; $BA54 ........
BA5C: A9008D00
BA60: 8D008D00  			defb $A9,$00,$8D,$00,$8D,$00,$8D,$00				; $BA5C ........
BA64: 8D008D00
BA68: 00303105  			defb $8D,$00,$8D,$00,$00,$30,$31,$05				; $BA64 .....01.
BA6C: A9FF0C00
BA70: 323301A9  			defb $A9,$FF,$0C,$00,$32,$33,$01,$A9				; $BA6C ....23..
BA74: FF060046
BA78: 46FF0600  			defb $FF,$06,$00,$46,$46,$FF,$06,$00				; $BA74 ...FF...
BA7C: 03A9FF05
BA80: 00464C4D  			defb $03,$A9,$FF,$05,$00,$46,$4C,$4D				; $BA7C .....FLM
BA84: 46FF0500
BA88: 03A90000  			defb $46,$FF,$05,$00,$03,$A9,$00,$00				; $BA84 F.......
BA8C: 00469AFF
BA90: 049B9C46  			defb $00,$46,$9A,$FF,$04,$9B,$9C,$46				; $BA8C .F.....F
BA94: 00000001
BA98: 4AA8A8A8  			defb $00,$00,$00,$01,$4A,$A8,$A8,$A8				; $BA94 ....J...
BA9C: 9AFF069B
BAA0: 9CA8A8A8  			defb $9A,$FF,$06,$9B,$9C,$A8,$A8,$A8				; $BA9C ........
BAA4: 01020304
BAA8: 05010203  			defb $01,$02,$03,$04,$05,$01,$02,$03				; $BAA4 ........
BAAC: 04050103
BAB0: 04050102  			defb $04,$05,$01,$03,$04,$05,$01,$02				; $BAAC ........
BAB4: 01020304
BAB8: 15010203  			defb $01,$02,$03,$04,$15,$01,$02,$03				; $BAB4 ........
BABC: 04050102
BAC0: 03040304  			defb $04,$05,$01,$02,$03,$04,$03,$04				; $BABC ........
BAC4: 05010302
BAC8: 15343536  			defb $05,$01,$03,$02,$15,$34,$35,$36				; $BAC4 .....456
BACC: 37343634
BAD0: 35373634  			defb $37,$34,$36,$34,$35,$37,$36,$34				; $BACC 74645764
BAD4: FF041413
BAD8: FF1800EC  			defb $FF,$04,$14,$13,$FF,$18,$00,$EC				; $BAD4 ........
BADC: ECECFF12
BAE0: 00A0A1FF  			defb $EC,$EC,$FF,$12,$00,$A0,$A1,$FF				; $BADC ........
BAE4: 0E00A2A3
BAE8: 00464600  			defb $0E,$00,$A2,$A3,$00,$46,$46,$00				; $BAE4 .....FF.
BAEC: 46460000
BAF0: 2728FF04  			defb $46,$46,$00,$00,$27,$28,$FF,$04				; $BAEC FF..'(..
BAF4: 00A4A546
BAF8: 4C4D464C  			defb $00,$A4,$A5,$46,$4C,$4D,$46,$4C				; $BAF4 ...FLMFL
BAFC: 4D460029
BB00: 2A0000FF  			defb $4D,$46,$00,$29,$2A,$00,$00,$FF				; $BAFC MF.)*...
BB04: 10A80102
BB08: 03040501  			defb $10,$A8,$01,$02,$03,$04,$05,$01				; $BB04 ........
BB0C: 01020304
BB10: 05010203  			defb $01,$02,$03,$04,$05,$01,$02,$03				; $BB0C ........
BB14: 04010102
BB18: 03040102  			defb $04,$01,$01,$02,$03,$04,$01,$02				; $BB14 ........
BB1C: 02010234
BB20: 15010203  			defb $02,$01,$02,$34,$15,$01,$02,$03				; $BB1C ...4....
BB24: 04013435
BB28: 36373534  			defb $04,$01,$34,$35,$36,$37,$35,$34				; $BB24 ..456754
BB2C: 35363500
BB30: 12149A9B  			defb $35,$36,$35,$00,$12,$14,$9A,$9B				; $BB2C 565.....
BB34: 9C14FF1C
BB38: 00FF04EC  			defb $9C,$14,$FF,$1C,$00,$FF,$04,$EC				; $BB34 ........
BB3C: FF4000FF
BB40: 04A8110D  			defb $FF,$40,$00,$FF,$04,$A8,$11,$0D				; $BB3C .@......
BB44: 0E0C0D0C
BB48: 10149A9B  			defb $0E,$0C,$0D,$0C,$10,$14,$9A,$9B				; $BB44 ........
BB4C: 9C140102
BB50: 0304A901  			defb $9C,$14,$01,$02,$03,$04,$A9,$01				; $BB4C ........
BB54: 02030405
BB58: 15020304  			defb $02,$03,$04,$05,$15,$02,$03,$04				; $BB54 ........
BB5C: 05020101
BB60: 02030404  			defb $05,$02,$01,$01,$02,$03,$04,$04				; $BB5C ........
BB64: 04010203
BB68: 04150000  			defb $04,$01,$02,$03,$04,$15,$00,$00				; $BB64 ........
BB6C: 007C149A
BB70: FF079B9C  			defb $00,$7C,$14,$9A,$FF,$07,$9B,$9C				; $BB6C .|......
BB74: 14130000
BB78: 007DFF06  			defb $14,$13,$00,$00,$00,$7D,$FF,$06				; $BB74 .....}..
BB7C: 00303100
BB80: 3031FF04  			defb $00,$30,$31,$00,$30,$31,$FF,$04				; $BB7C .01.01..
BB84: 007EFF06
BB88: 00323300  			defb $00,$7E,$FF,$06,$00,$32,$33,$00				; $BB84 .~...23.
BB8C: 3233FF04
BB90: 007EFF0F  			defb $32,$33,$FF,$04,$00,$7E,$FF,$0F				; $BB8C 23...~..
BB94: 007DFF0F
BB98: 007C0000  			defb $00,$7D,$FF,$0F,$00,$7C,$00,$00				; $BB94 .}...|..
BB9C: 002728FF
BBA0: 0A007E00  			defb $00,$27,$28,$FF,$0A,$00,$7E,$00				; $BB9C .'(...~.
BBA4: 0000292A
BBA8: FF0A007D  			defb $00,$00,$29,$2A,$FF,$0A,$00,$7D				; $BBA4 ..)*...}
BBAC: 149A9B9C
BBB0: 14110C0D  			defb $14,$9A,$9B,$9C,$14,$11,$0C,$0D				; $BBAC ........
BBB4: 0E0F0C0E
BBB8: 0F0C0E7C  			defb $0E,$0F,$0C,$0E,$0F,$0C,$0E,$7C				; $BBB4 .......|
BBBC: 02010203
BBC0: 04150102  			defb $02,$01,$02,$03,$04,$15,$01,$02				; $BBBC ........
BBC4: 03040501
BBC8: 0203047F  			defb $03,$04,$05,$01,$02,$03,$04,$7F				; $BBC4 ........
BBCC: 040515FF
BBD0: 0B009D01  			defb $04,$05,$15,$FF,$0B,$00,$9D,$01				; $BBCC ........
BBD4: 01021500
BBD8: 00A0A1FF  			defb $01,$02,$15,$00,$00,$A0,$A1,$FF				; $BBD4 ........
BBDC: 07009E02
BBE0: 03041523  			defb $07,$00,$9E,$02,$03,$04,$15,$23				; $BBDC .......#
BBE4: 24A2A3FF
BBE8: 07009E03  			defb $24,$A2,$A3,$FF,$07,$00,$9E,$03				; $BBE4 $.......
BBEC: 01021525
BBF0: 26A4A5FF  			defb $01,$02,$15,$25,$26,$A4,$A5,$FF				; $BBEC ...%&...
BBF4: 07009E04
BBF8: 03044AFF  			defb $07,$00,$9E,$04,$03,$04,$4A,$FF				; $BBF4 ......J.
BBFC: 041411FF
BC00: 06009E01  			defb $04,$14,$11,$FF,$06,$00,$9E,$01				; $BBFC ........
BC04: 01020102
BC08: 03040515  			defb $01,$02,$01,$02,$03,$04,$05,$15				; $BC04 ........
BC0C: FF06009E
BC10: 02050448  			defb $FF,$06,$00,$9E,$02,$05,$04,$48				; $BC0C .......H
BC14: FF041413
BC18: FF06009E  			defb $FF,$04,$14,$13,$FF,$06,$00,$9E				; $BC14 ........
BC1C: 03030215
BC20: 1D00001F  			defb $03,$03,$02,$15,$1D,$00,$00,$1F				; $BC1C ........
BC24: FF07009E
BC28: 04010415  			defb $FF,$07,$00,$9E,$04,$01,$04,$15				; $BC24 ........
BC2C: FF0B009E
BC30: 01030415  			defb $FF,$0B,$00,$9E,$01,$03,$04,$15				; $BC2C ........
BC34: FF0800ED
BC38: EDED9F02  			defb $FF,$08,$00,$ED,$ED,$ED,$9F,$02				; $BC34 ........
BC3C: 010215FF
BC40: 0700A901  			defb $01,$02,$15,$FF,$07,$00,$A9,$01				; $BC3C ........
BC44: 02030405
BC48: 030415FF  			defb $02,$03,$04,$05,$03,$04,$15,$FF				; $BC44 ........
BC4C: 070012FF
BC50: 05A80504  			defb $07,$00,$12,$FF,$05,$A8,$05,$04				; $BC4C ........
BC54: 15FF0800
BC58: 30310000  			defb $15,$FF,$08,$00,$30,$31,$00,$00				; $BC54 ....01..
BC5C: 00141413
BC60: FF080032  			defb $00,$14,$14,$13,$FF,$08,$00,$32				; $BC5C .......2
BC64: 33000000
BC68: 7B1DFF0B  			defb $33,$00,$00,$00,$7B,$1D,$FF,$0B				; $BC64 3...{...
BC6C: 00ECECEC
BC70: 7C000000  			defb $00,$EC,$EC,$EC,$7C,$00,$00,$00				; $BC6C ....|...
BC74: A0A1FF0A
BC78: 007D0000  			defb $A0,$A1,$FF,$0A,$00,$7D,$00,$00				; $BC74 .....}..
BC7C: 00A2A3FF
BC80: 0A007D00  			defb $00,$A2,$A3,$FF,$0A,$00,$7D,$00				; $BC7C ......}.
BC84: 0000A4A5
BC88: FF0A009A  			defb $00,$00,$A4,$A5,$FF,$0A,$00,$9A				; $BC84 ........
BC8C: 9B9C1414
BC90: 149A9B9C  			defb $9B,$9C,$14,$14,$14,$9A,$9B,$9C				; $BC8C ........
BC94: 1414149A
BC98: 9B9C1401  			defb $14,$14,$14,$9A,$9B,$9C,$14,$01				; $BC94 ........
BC9C: 02030405
BCA0: 01020304  			defb $02,$03,$04,$05,$01,$02,$03,$04				; $BC9C ........
BCA4: 05010203
BCA8: 04050101  			defb $05,$01,$02,$03,$04,$05,$01,$01				; $BCA4 ........
BCAC: 02030401
BCB0: 02030401  			defb $02,$03,$04,$01,$02,$03,$04,$01				; $BCAC ........
BCB4: 02030401
BCB8: 020304FF  			defb $02,$03,$04,$01,$02,$03,$04,$FF				; $BCB4 ........
BCBC: 06A89A9B
BCC0: 9B9B9CFF  			defb $06,$A8,$9A,$9B,$9B,$9B,$9C,$FF				; $BCBC ........
BCC4: 05A8FF06
BCC8: 002B2C00  			defb $05,$A8,$FF,$06,$00,$2B,$2C,$00				; $BCC4 .....+,.
BCCC: 2B2CFF0C
BCD0: 002D0000  			defb $2B,$2C,$FF,$0C,$00,$2D,$00,$00				; $BCCC +,...-..
BCD4: 2DFF1100
BCD8: FF04ECFF  			defb $2D,$FF,$11,$00,$FF,$04,$EC,$FF				; $BCD4 -.......
BCDC: 16004646
BCE0: FF0D0046  			defb $16,$00,$46,$46,$FF,$0D,$00,$46				; $BCDC ..FF...F
BCE4: 4C4D46FF
BCE8: 0700FF04  			defb $4C,$4D,$46,$FF,$07,$00,$FF,$04				; $BCE4 LMF.....
BCEC: 149AFF04
BCF0: 9B9CFF06  			defb $14,$9A,$FF,$04,$9B,$9C,$FF,$06				; $BCEC ........
BCF4: 14010203
BCF8: 04050102  			defb $14,$01,$02,$03,$04,$05,$01,$02				; $BCF4 ........
BCFC: 03040501
BD00: 02030405  			defb $03,$04,$05,$01,$02,$03,$04,$05				; $BCFC ........
BD04: 01013B03
BD08: 3B053B02  			defb $01,$01,$3B,$03,$3B,$05,$3B,$02				; $BD04 ..;.;.;.
BD0C: 3B043BA9
BD10: 00001501  			defb $3B,$04,$3B,$A9,$00,$00,$15,$01				; $BD0C ;.;.....
BD14: 01A83BA8
BD18: 3BA83BA8  			defb $01,$A8,$3B,$A8,$3B,$A8,$3B,$A8				; $BD14 ..;.;.;.
BD1C: 3BA83B13
BD20: 00001501  			defb $3B,$A8,$3B,$13,$00,$00,$15,$01				; $BD1C ;.;.....
BD24: 01003B00
BD28: 3B003B00  			defb $01,$00,$3B,$00,$3B,$00,$3B,$00				; $BD24 ..;.;.;.
BD2C: 3B003B00
BD30: 00001502  			defb $3B,$00,$3B,$00,$00,$00,$15,$02				; $BD2C ;.;.....
BD34: 01003D00
BD38: 3BF13D00  			defb $01,$00,$3D,$00,$3B,$F1,$3D,$00				; $BD34 ..=.;.=.
BD3C: 3BF63D00
BD40: 00001503  			defb $3B,$F6,$3D,$00,$00,$00,$15,$03				; $BD3C ;.=.....
BD44: 0200EAF1
BD48: 3B008DF2  			defb $02,$00,$EA,$F1,$3B,$00,$8D,$F2				; $BD44 ....;...
BD4C: 3B00EB00
BD50: 00001504  			defb $3B,$00,$EB,$00,$00,$00,$15,$04				; $BD4C ;.......
BD54: 01003C00
BD58: 3D003C00  			defb $01,$00,$3C,$00,$3D,$00,$3C,$00				; $BD54 ..<.=.<.
BD5C: 3D003C00
BD60: 00001505  			defb $3D,$00,$3C,$00,$00,$00,$15,$05				; $BD5C =.<.....
BD64: 03003B00
BD68: 8D003B00  			defb $03,$00,$3B,$00,$8D,$00,$3B,$00				; $BD64 ..;...;.
BD6C: 8D003B00
BD70: 00001501  			defb $8D,$00,$3B,$00,$00,$00,$15,$01				; $BD6C ..;.....
BD74: 04003B00
BD78: 3C003B00  			defb $04,$00,$3B,$00,$3C,$00,$3B,$00				; $BD74 ..;.<.;.
BD7C: 3C003B00
BD80: 00001502  			defb $3C,$00,$3B,$00,$00,$00,$15,$02				; $BD7C <.;.....
BD84: 01144900
BD88: 3B003B00  			defb $01,$14,$49,$00,$3B,$00,$3B,$00				; $BD84 ..I.;.;.
BD8C: 3B003B00
BD90: 00001503  			defb $3B,$00,$3B,$00,$00,$00,$15,$03				; $BD8C ;.;.....
BD94: 0501150D
BD98: 3B0D3B0F  			defb $05,$01,$15,$0D,$3B,$0D,$3B,$0F				; $BD94 ....;.;.
BD9C: 3B0C3B0E
BDA0: 0C0E1504  			defb $3B,$0C,$3B,$0E,$0C,$0E,$15,$04				; $BD9C ;.;.....
BDA4: 017B0203
BDA8: 043B343B  			defb $01,$7B,$02,$03,$04,$3B,$34,$3B				; $BDA4 .{...;4;
BDAC: 363B343B
BDB0: 363B0405  			defb $36,$3B,$34,$3B,$36,$3B,$04,$05				; $BDAC 6;4;6;..
BDB4: 017C3435
BDB8: 363B003B  			defb $01,$7C,$34,$35,$36,$3B,$00,$3B				; $BDB4 .|456;.;
BDBC: 003B003B
BDC0: 003B191A  			defb $00,$3B,$00,$3B,$00,$3B,$19,$1A				; $BDBC .;.;.;..
BDC4: 1B7D0000
BDC8: 003D003B  			defb $1B,$7D,$00,$00,$00,$3D,$00,$3B				; $BDC4 .}...=.;
BDCC: 003D003B
BDD0: 003D0000  			defb $00,$3D,$00,$3B,$00,$3D,$00,$00				; $BDCC .=.;.=..
BDD4: 007E0000
BDD8: 008DF53B  			defb $00,$7E,$00,$00,$00,$8D,$F5,$3B				; $BDD4 .~.....;
BDDC: F28DF53B
BDE0: F28D0000  			defb $F2,$8D,$F5,$3B,$F2,$8D,$00,$00				; $BDDC ...;....
BDE4: 007C8583
BDE8: 8486003D  			defb $00,$7C,$85,$83,$84,$86,$00,$3D				; $BDE4 .|.....=
BDEC: 003C003D
BDF0: 003C0000  			defb $00,$3C,$00,$3D,$00,$3C,$00,$00				; $BDEC .<.=.<..
BDF4: 007D8700
BDF8: 0087008D  			defb $00,$7D,$87,$00,$00,$87,$00,$8D				; $BDF4 .}......
BDFC: 003B008D
BE00: 003B0046  			defb $00,$3B,$00,$8D,$00,$3B,$00,$46				; $BDFC .;...;.F
BE04: 007E8B00
BE08: 008B003C  			defb $00,$7E,$8B,$00,$00,$8B,$00,$3C				; $BE04 .~.....<
BE0C: 003B003C
BE10: 003B1014  			defb $00,$3B,$00,$3C,$00,$3B,$10,$14				; $BE0C .;.<.;..
BE14: 147C8700
BE18: 0087003B  			defb $14,$7C,$87,$00,$00,$87,$00,$3B				; $BE14 .|.....;
BE1C: 003B003B
BE20: 003B1501  			defb $00,$3B,$00,$3B,$00,$3B,$15,$01				; $BE1C .;.;.;..
BE24: 017D8889
BE28: 8A880C3B  			defb $01,$7D,$88,$89,$8A,$88,$0C,$3B				; $BE24 .}.....;
BE2C: 0F3B0E3B
BE30: 0C3B1505  			defb $0F,$3B,$0E,$3B,$0C,$3B,$15,$05				; $BE2C .;.;.;..
BE34: 027D0203
BE38: 0405013B  			defb $02,$7D,$02,$03,$04,$05,$01,$3B				; $BE34 .}.....;
BE3C: 033B053B
BE40: 023B1504  			defb $03,$3B,$05,$3B,$02,$3B,$15,$04				; $BE3C .;.;.;..
BE44: 03010203
BE48: 04040501  			defb $03,$01,$02,$03,$04,$04,$05,$01				; $BE44 ........
BE4C: 02030404
BE50: 05010205  			defb $02,$03,$04,$04,$05,$01,$02,$05				; $BE4C ........
BE54: 04FF061B
BE58: 1C191AFF  			defb $04,$FF,$06,$1B,$1C,$19,$1A,$FF				; $BE54 ........
BE5C: 051B1C19
BE60: FF04EE47  			defb $05,$1B,$1C,$19,$FF,$04,$EE,$47				; $BE5C .......G
BE64: 47000000
BE68: 4747FF2B  			defb $47,$00,$00,$00,$47,$47,$FF,$2B				; $BE64 G...GG.+
BE6C: 00A0A1FF
BE70: 08001414  			defb $00,$A0,$A1,$FF,$08,$00,$14,$14				; $BE6C ........
BE74: 14112324
BE78: A2A3FF08  			defb $14,$11,$23,$24,$A2,$A3,$FF,$08				; $BE74 ..#$....
BE7C: 00010203
BE80: 152526A4  			defb $00,$01,$02,$03,$15,$25,$26,$A4				; $BE7C .....%&.
BE84: A50046EA
BE88: 46EB0000  			defb $A5,$00,$46,$EA,$46,$EB,$00,$00				; $BE84 ..F.F...
BE8C: 00040501
BE90: 4A141414  			defb $00,$04,$05,$01,$4A,$14,$14,$14				; $BE8C ....J...
BE94: 9AFF049B
BE98: 9C141414  			defb $9A,$FF,$04,$9B,$9C,$14,$14,$14				; $BE94 ........
BE9C: 01020304
BEA0: 05010203  			defb $01,$02,$03,$04,$05,$01,$02,$03				; $BE9C ........
BEA4: 04050105
BEA8: 02010501  			defb $04,$05,$01,$05,$02,$01,$05,$01				; $BEA4 ........
BEAC: 01020304
BEB0: 04010304  			defb $01,$02,$03,$04,$04,$01,$03,$04				; $BEAC ........
BEB4: 0501A905
BEB8: 04030201  			defb $05,$01,$A9,$05,$04,$03,$02,$01				; $BEB4 ........
BEBC: FF0AA813
BEC0: 34353637  			defb $FF,$0A,$A8,$13,$34,$35,$36,$37				; $BEBC ....4567
BEC4: 34FF04EE
BEC8: FF040030  			defb $34,$FF,$04,$EE,$FF,$04,$00,$30				; $BEC4 4......0
BECC: 31FF0E00
BED0: 3233FF2E  			defb $31,$FF,$0E,$00,$32,$33,$FF,$2E				; $BECC 1...23..
BED4: 002728FF
BED8: 09002000  			defb $00,$27,$28,$FF,$09,$00,$20,$00				; $BED4 .'(... .
BEDC: 22000029
BEE0: 2AFF0600  			defb $22,$00,$00,$29,$2A,$FF,$06,$00				; $BEDC "..)*...
BEE4: FF0A1411
BEE8: 0C0D0E0F  			defb $FF,$0A,$14,$11,$0C,$0D,$0E,$0F				; $BEE4 ........
BEEC: 0C010203
BEF0: 04050102  			defb $0C,$01,$02,$03,$04,$05,$01,$02				; $BEEC ........
BEF4: 04030115
BEF8: 02010302  			defb $04,$03,$01,$15,$02,$01,$03,$02				; $BEF4 ........
BEFC: 01010203
BF00: 04050102  			defb $01,$01,$02,$03,$04,$05,$01,$02				; $BEFC ........
BF04: 03040515
BF08: 01010203  			defb $03,$04,$05,$15,$01,$01,$02,$03				; $BF04 ........
BF0C: 04343634
BF10: 35363735  			defb $04,$34,$36,$34,$35,$36,$37,$35				; $BF0C .4645675
BF14: 36373715
BF18: 03040302  			defb $36,$37,$37,$15,$03,$04,$03,$02				; $BF14 677.....
BF1C: 01FF0A00
BF20: 15030102  			defb $01,$FF,$0A,$00,$15,$03,$01,$02				; $BF1C ........
BF24: 0304FF0A
BF28: 00150404  			defb $03,$04,$FF,$0A,$00,$15,$04,$04				; $BF24 ........
BF2C: 030201FF
BF30: 0A0012FF  			defb $03,$02,$01,$FF,$0A,$00,$12,$FF				; $BF2C ........
BF34: 05149798
BF38: FF0F0091  			defb $05,$14,$97,$98,$FF,$0F,$00,$91				; $BF34 ........
BF3C: FF080091
BF40: 00910091  			defb $FF,$08,$00,$91,$00,$91,$00,$91				; $BF3C ........
BF44: 000C920E
BF48: 0E808182  			defb $00,$0C,$92,$0E,$0E,$80,$81,$82				; $BF44 ........
BF4C: 0E0D0C92
BF50: 93929392  			defb $0E,$0D,$0C,$92,$93,$92,$93,$92				; $BF4C ........
BF54: 93010203
BF58: 04020203  			defb $93,$01,$02,$03,$04,$02,$02,$03				; $BF54 ........
BF5C: 04050102
BF60: 01040302  			defb $04,$05,$01,$02,$01,$04,$03,$02				; $BF5C ........
BF64: 01010203
BF68: 04040102  			defb $01,$01,$02,$03,$04,$04,$01,$02				; $BF64 ........
BF6C: 03040501
BF70: 03040302  			defb $03,$04,$05,$01,$03,$04,$03,$02				; $BF6C ........
BF74: 03010215
BF78: FF0B0015  			defb $03,$01,$02,$15,$FF,$0B,$00,$15				; $BF74 ........
BF7C: 01030415
BF80: FF07008D  			defb $01,$03,$04,$15,$FF,$07,$00,$8D				; $BF7C ........
BF84: 8F8D0015
BF88: 0201024A  			defb $8F,$8D,$00,$15,$02,$01,$02,$4A				; $BF84 .......J
BF8C: FF051411
BF90: FF058D9D  			defb $FF,$05,$14,$11,$FF,$05,$8D,$9D				; $BF8C ........
BF94: 03030401
BF98: 02030405  			defb $03,$03,$04,$01,$02,$03,$04,$05				; $BF94 ........
BF9C: 01158D8F
BFA0: 8D8F8D9E  			defb $01,$15,$8D,$8F,$8D,$8F,$8D,$9E				; $BF9C ........
BFA4: 0414149A
BFA8: 9B9B9C14  			defb $04,$14,$14,$9A,$9B,$9B,$9C,$14				; $BFA4 ........
BFAC: 1413008D
BFB0: 008D009E  			defb $14,$13,$00,$8D,$00,$8D,$00,$9E				; $BFAC ........
BFB4: 05FF0C00
BFB8: 94959F01  			defb $05,$FF,$0C,$00,$94,$95,$9F,$01				; $BFB4 ........
BFBC: 91009100
BFC0: 91FF0700  			defb $91,$00,$91,$00,$91,$FF,$07,$00				; $BFBC ........
BFC4: 93001502
BFC8: 92939293  			defb $93,$00,$15,$02,$92,$93,$92,$93				; $BFC4 ........
BFCC: 92FF0700
BFD0: 93001503  			defb $92,$FF,$07,$00,$93,$00,$15,$03				; $BFCC ........
BFD4: FF05A89A
BFD8: 9B9B9B9C  			defb $FF,$05,$A8,$9A,$9B,$9B,$9B,$9C				; $BFD4 ........
BFDC: FF04A84B
BFE0: 04010203  			defb $FF,$04,$A8,$4B,$04,$01,$02,$03				; $BFDC ...K....
BFE4: 04050102
BFE8: 03040501  			defb $04,$05,$01,$02,$03,$04,$05,$01				; $BFE4 ........
BFEC: 02030405
BFF0: 03000000  			defb $02,$03,$04,$05,$03,$00,$00,$00				; $BFEC ........
BFF4: 00000000
BFF8: 00001010  			defb $00,$00,$00,$00,$00,$00,$10,$10				; $BFF4 ........
BFFC: 10100010
C000: 00002424  			defb $10,$10,$00,$10,$00,$00,$24,$24				; $BFFC ......$$
C004: 00000000
C008: 00001000  			defb $00,$00,$00,$00,$00,$00,$10,$00				; $C004 ........
C00C: 00000000
C010: 00001000  			defb $00,$00,$00,$00,$00,$00,$10,$00				; $C00C ........
C014: 00000000
C018: 00001000  			defb $00,$00,$00,$00,$00,$00,$10,$00				; $C014 ........
C01C: 00000000
C020: 00001000  			defb $00,$00,$00,$00,$00,$00,$10,$00				; $C01C ........
C024: 00000000
C028: 00080810  			defb $00,$00,$00,$00,$00,$08,$08,$10				; $C024 ........
C02C: 00000000
C030: 00001C10  			defb $00,$00,$00,$00,$00,$00,$1C,$10				; $C02C ........
C034: 1010101C
C038: 00003808  			defb $10,$10,$10,$1C,$00,$00,$38,$08				; $C034 ......8.
C03C: 08080838
C040: 00FF81BD  			defb $08,$08,$08,$38,$00,$FF,$81,$BD				; $C03C ...8....
C044: A1A1BD81
C048: FF000008  			defb $A1,$A1,$BD,$81,$FF,$00,$00,$08				; $C044 ........
C04C: 083E0808
C050: 00000000  			defb $08,$3E,$08,$08,$00,$00,$00,$00				; $C04C .>......
C054: 00000808
C058: 10000000  			defb $00,$00,$08,$08,$10,$00,$00,$00				; $C054 ........
C05C: 7E000000
C060: 00000000  			defb $7E,$00,$00,$00,$00,$00,$00,$00				; $C05C ~.......
C064: 00000018
C068: 00000204  			defb $00,$00,$00,$18,$00,$00,$02,$04				; $C064 ........
C06C: 08102040
C070: 00007E46  			defb $08,$10,$20,$40,$00,$00,$7E,$46				; $C06C .. @..~F
C074: 4A52627E
C078: 00001030  			defb $4A,$52,$62,$7E,$00,$00,$10,$30				; $C074 JRb~...0
C07C: 1010107C
C080: 00007E02  			defb $10,$10,$10,$7C,$00,$00,$7E,$02				; $C07C ...|..~.
C084: 7E40407E
C088: 00007E02  			defb $7E,$40,$40,$7E,$00,$00,$7E,$02				; $C084 ~@@~..~.
C08C: 3C02027E
C090: 00004242  			defb $3C,$02,$02,$7E,$00,$00,$42,$42				; $C08C <..~..BB
C094: 7E020202
C098: 00007E40  			defb $7E,$02,$02,$02,$00,$00,$7E,$40				; $C094 ~.....~@
C09C: 7E02027E
C0A0: 00007E40  			defb $7E,$02,$02,$7E,$00,$00,$7E,$40				; $C09C ~..~..~@
C0A4: 7E42427E
C0A8: 00007E02  			defb $7E,$42,$42,$7E,$00,$00,$7E,$02				; $C0A4 ~BB~..~.
C0AC: 02020202
C0B0: 00007E42  			defb $02,$02,$02,$02,$00,$00,$7E,$42				; $C0AC ......~B
C0B4: 7E42427E
C0B8: 00007E42  			defb $7E,$42,$42,$7E,$00,$00,$7E,$42				; $C0B4 ~BB~..~B
C0BC: 427E0202
C0C0: 00000000  			defb $42,$7E,$02,$02,$00,$00,$00,$00				; $C0BC B~......
C0C4: 38380038
C0C8: 38000038  			defb $38,$38,$00,$38,$38,$00,$00,$38				; $C0C4 88.88..8
C0CC: 38003838
C0D0: 70001C38  			defb $38,$00,$38,$38,$70,$00,$1C,$38				; $C0CC 8.88p..8
C0D4: 70E07038
C0D8: 1C0000FE  			defb $70,$E0,$70,$38,$1C,$00,$00,$FE				; $C0D4 p.p8....
C0DC: 0000FE00
C0E0: 00007038  			defb $00,$00,$FE,$00,$00,$00,$70,$38				; $C0DC ......p8
C0E4: 1C0E1C38
C0E8: 70007CE6  			defb $1C,$0E,$1C,$38,$70,$00,$7C,$E6				; $C0E4 ...8p.|.
C0EC: 0C383800
C0F0: 38007CE6  			defb $0C,$38,$38,$00,$38,$00,$7C,$E6				; $C0EC .88.8.|.
C0F4: EEEAEEE0
C0F8: 7C007E42  			defb $EE,$EA,$EE,$E0,$7C,$00,$7E,$42				; $C0F4 ....|.~B
C0FC: 7E424242
C100: 00007E42  			defb $7E,$42,$42,$42,$00,$00,$7E,$42				; $C0FC ~BBB..~B
C104: 7C42427E
C108: 00007E40  			defb $7C,$42,$42,$7E,$00,$00,$7E,$40				; $C104 |BB~..~@
C10C: 4040407E
C110: 00007C42  			defb $40,$40,$40,$7E,$00,$00,$7C,$42				; $C10C @@@~..|B
C114: 4242427E
C118: 00007E40  			defb $42,$42,$42,$7E,$00,$00,$7E,$40				; $C114 BBB~..~@
C11C: 7E40407E
C120: 00007E40  			defb $7E,$40,$40,$7E,$00,$00,$7E,$40				; $C11C ~@@~..~@
C124: 7E404040
C128: 00007E42  			defb $7E,$40,$40,$40,$00,$00,$7E,$42				; $C124 ~@@@..~B
C12C: 4046427E
C130: 00004242  			defb $40,$46,$42,$7E,$00,$00,$42,$42				; $C12C @FB~..BB
C134: 7E424242
C138: 00007C10  			defb $7E,$42,$42,$42,$00,$00,$7C,$10				; $C134 ~BBB..|.
C13C: 1010107C
C140: 00007C10  			defb $10,$10,$10,$7C,$00,$00,$7C,$10				; $C13C ...|..|.
C144: 10101070
C148: 00004448  			defb $10,$10,$10,$70,$00,$00,$44,$48				; $C144 ...p..DH
C14C: 70484444
C150: 00004040  			defb $70,$48,$44,$44,$00,$00,$40,$40				; $C14C pHDD..@@
C154: 4040407C
C158: 00004266  			defb $40,$40,$40,$7C,$00,$00,$42,$66				; $C154 @@@|..Bf
C15C: 5A424242
C160: 00004262  			defb $5A,$42,$42,$42,$00,$00,$42,$62				; $C15C ZBBB..Bb
C164: 524A4642
C168: 00007E42  			defb $52,$4A,$46,$42,$00,$00,$7E,$42				; $C164 RJFB..~B
C16C: 4242427E
C170: 00007E42  			defb $42,$42,$42,$7E,$00,$00,$7E,$42				; $C16C BBB~..~B
C174: 427E4040
C178: 00007E42  			defb $42,$7E,$40,$40,$00,$00,$7E,$42				; $C174 B~@@..~B
C17C: 4242447A
C180: 00007E42  			defb $42,$42,$44,$7A,$00,$00,$7E,$42				; $C17C BBDz..~B
C184: 7E484442
C188: 00007E40  			defb $7E,$48,$44,$42,$00,$00,$7E,$40				; $C184 ~HDB..~@
C18C: 7E02027E
C190: 00007C10  			defb $7E,$02,$02,$7E,$00,$00,$7C,$10				; $C18C ~..~..|.
C194: 10101010
C198: 00004242  			defb $10,$10,$10,$10,$00,$00,$42,$42				; $C194 ......BB
C19C: 4242427E
C1A0: 00004242  			defb $42,$42,$42,$7E,$00,$00,$42,$42				; $C19C BBB~..BB
C1A4: 42422418
C1A8: 00004242  			defb $42,$42,$24,$18,$00,$00,$42,$42				; $C1A4 BB$...BB
C1AC: 425A6642
C1B0: 00004224  			defb $42,$5A,$66,$42,$00,$00,$42,$24				; $C1AC BZfB..B$
C1B4: 18182442
C1B8: 00004428  			defb $18,$18,$24,$42,$00,$00,$44,$28				; $C1B4 ..$B..D(
C1BC: 10101010
C1C0: 00007E04  			defb $10,$10,$10,$10,$00,$00,$7E,$04				; $C1BC ......~.
C1C4: 0810207E
C1C8: 00636363  			defb $08,$10,$20,$7E,$00,$63,$63,$63				; $C1C4 .. ~.ccc
C1CC: 63636363
C1D0: 630E3E7E  			defb $63,$63,$63,$63,$63,$0E,$3E,$7E				; $C1CC ccccc.>~
C1D4: FE00FF7F
C1D8: 0FC050AC  			defb $FE,$00,$FF,$7F,$0F,$C0,$50,$AC				; $C1D4 ......P.
C1DC: 5500FFFC
C1E0: E00077EF  			defb $55,$00,$FF,$FC,$E0,$00,$77,$EF				; $C1DC U.....w.
C1E4: 5F007BFB
C1E8: 7B00C0BA  			defb $5F,$00,$7B,$FB,$7B,$00,$C0,$BA				; $C1E4 _.{.{...
C1EC: 0000006A
C1F0: 00004020  			defb $00,$00,$00,$6A,$00,$00,$40,$20				; $C1EC ...j..@ 
C1F4: 10080402
C1F8: 01000204  			defb $10,$08,$04,$02,$01,$00,$02,$04				; $C1F4 ........
C1FC: 08102040
C200: 0000023C  			defb $08,$10,$20,$40,$00,$00,$02,$3C				; $C1FC .. @...<
C204: 1C0C2440
C208: 0080403C  			defb $1C,$0C,$24,$40,$00,$80,$40,$3C				; $C204 ..$@..@<
C20C: 38302402
C210: 00000000  			defb $38,$30,$24,$02,$00,$00,$00,$00				; $C20C 80$.....
C214: 007F0000
C218: 00000060  			defb $00,$7F,$00,$00,$00,$00,$00,$60				; $C214 .......`
C21C: 787E7860
C220: 0000070F  			defb $78,$7E,$78,$60,$00,$00,$07,$0F				; $C21C x~x`....
C224: 18323636
C228: 3400C0E0  			defb $18,$32,$36,$36,$34,$00,$C0,$E0				; $C224 .2664...
C22C: 30181818
C230: 18343030  			defb $30,$18,$18,$18,$18,$34,$30,$30				; $C22C 0....400
C234: 30180F07
C238: 00185858  			defb $30,$18,$0F,$07,$00,$18,$58,$58				; $C234 0.....XX
C23C: 9830E0C0
C240: 001F0505  			defb $98,$30,$E0,$C0,$00,$1F,$05,$05				; $C23C .0......
C244: 05020201
C248: 00FF8484  			defb $05,$02,$02,$01,$00,$FF,$84,$84				; $C244 ........
C24C: 84C8C810
C250: E0010202  			defb $84,$C8,$C8,$10,$E0,$01,$02,$02				; $C24C ........
C254: 0404051F
C258: 00100808  			defb $04,$04,$05,$1F,$00,$10,$08,$08				; $C254 ........
C25C: 44E4F4FF
C260: 00000000  			defb $44,$E4,$F4,$FF,$00,$00,$00,$00				; $C25C D.......
C264: 000C3CFC
C268: FC0C3CFC  			defb $00,$0C,$3C,$FC,$FC,$0C,$3C,$FC				; $C264 ..<...<.
C26C: FCFCFCFC
C270: FC000000  			defb $FC,$FC,$FC,$FC,$FC,$00,$00,$00				; $C26C ........
C274: 000C3CFC
C278: 000C3CFC  			defb $00,$0C,$3C,$FC,$00,$0C,$3C,$FC				; $C274 ..<...<.
C27C: FCFCFCFC
C280: 00FCFCFC  			defb $FC,$FC,$FC,$FC,$00,$FC,$FC,$FC				; $C27C ........
C284: FCFCFCFC
C288: 00FCFCFC  			defb $FC,$FC,$FC,$FC,$00,$FC,$FC,$FC				; $C284 ........
C28C: FCFCFCFC
C290: 000E3E5E  			defb $FC,$FC,$FC,$FC,$00,$0E,$3E,$5E				; $C28C ......>^
C294: 6EF6FAFC
C298: 0000FF00  			defb $6E,$F6,$FA,$FC,$00,$00,$FF,$00				; $C294 n.......
C29C: FFAA5500
C2A0: 00707C7A  			defb $FF,$AA,$55,$00,$00,$70,$7C,$7A				; $C29C ..U..p|z
C2A4: 766F5F3F
C2A8: 0000FCFA  			defb $76,$6F,$5F,$3F,$00,$00,$FC,$FA				; $C2A4 vo_?....
C2AC: F66E5E3E
C2B0: 0E0000FF  			defb $F6,$6E,$5E,$3E,$0E,$00,$00,$FF				; $C2AC .n^>....
C2B4: 00FF55AA
C2B8: 00003F5F  			defb $00,$FF,$55,$AA,$00,$00,$3F,$5F				; $C2B4 ..U...?_
C2BC: 6F767A7C
C2C0: 705A5C5A  			defb $6F,$76,$7A,$7C,$70,$5A,$5C,$5A				; $C2BC ovz|pZ\Z
C2C4: 5C5A5C5A
C2C8: 5C7E404A  			defb $5C,$5A,$5C,$5A,$5C,$7E,$40,$4A				; $C2C4 \Z\Z\~@J
C2CC: 544A544A
C2D0: 54003438  			defb $54,$4A,$54,$4A,$54,$00,$34,$38				; $C2CC TJTJT.48
C2D4: 34383438
C2D8: 34383438  			defb $34,$38,$34,$38,$34,$38,$34,$38				; $C2D4 48484848
C2DC: 34281428
C2E0: 007E404A  			defb $34,$28,$14,$28,$00,$7E,$40,$4A				; $C2DC 4(.(.~@J
C2E4: 544A544A
C2E8: 5400BF00  			defb $54,$4A,$54,$4A,$54,$00,$BF,$00				; $C2E4 TJTJT...
C2EC: 5FAA5500
C2F0: 000000BF  			defb $5F,$AA,$55,$00,$00,$00,$00,$BF				; $C2EC _.U.....
C2F4: 00AF55AA
C2F8: 00000000  			defb $00,$AF,$55,$AA,$00,$00,$00,$00				; $C2F4 ..U.....
C2FC: 00000000
C300: 00000000  			defb $00,$00,$00,$00,$00,$00,$00,$00				; $C2FC ........
C304: 00000000
C308: 00000000  			defb $00,$00,$00,$00,$00,$00,$00,$00				; $C304 ........
C30C: 00000000
C310: 00000000  			defb $00,$00,$00,$00,$00,$00,$00,$00				; $C30C ........
C314: 00000000
C318: 00000000  			defb $00,$00,$00,$00,$00,$00,$00,$00				; $C314 ........
C31C: 00000000
C320: 00000000  			defb $00,$00,$00,$00,$00,$00,$00,$00				; $C31C ........
C324: 00000000
C328: 00000000  			defb $00,$00,$00,$00,$00,$00,$00,$00				; $C324 ........
C32C: 00000000
C330: 00000000  			defb $00,$00,$00,$00,$00,$00,$00,$00				; $C32C ........
C334: 00000000
C338: 00000000  			defb $00,$00,$00,$00,$00,$00,$00,$00				; $C334 ........
C33C: 00000000
C340: 00000000  			defb $00,$00,$00,$00,$00,$00,$00,$00				; $C33C ........
C344: 00000000
C348: 00000000  			defb $00,$00,$00,$00,$00,$00,$00,$00				; $C344 ........
C34C: 00000000
C350: 00000000  			defb $00,$00,$00,$00,$00,$00,$00,$00				; $C34C ........
C354: 00000000
C358: 00000000  			defb $00,$00,$00,$00,$00,$00,$00,$00				; $C354 ........
C35C: 00000000
C360: 00000000  			defb $00,$00,$00,$00,$00,$00,$00,$00				; $C35C ........
C364: 00000000
C368: 00000000  			defb $00,$00,$00,$00,$00,$00,$00,$00				; $C364 ........
C36C: 00000000
C370: 00000000  			defb $00,$00,$00,$00,$00,$00,$00,$00				; $C36C ........
C374: 00000000
C378: 00000000  			defb $00,$00,$00,$00,$00,$00,$00,$00				; $C374 ........
C37C: 00000000
C380: 00000000  			defb $00,$00,$00,$00,$00,$00,$00,$00				; $C37C ........
C384: 00000000
C388: 00000000  			defb $00,$00,$00,$00,$00,$00,$00,$00				; $C384 ........
C38C: 00000000
C390: 00000000  			defb $00,$00,$00,$00,$00,$00,$00,$00				; $C38C ........
C394: 00000000
C398: 00000000  			defb $00,$00,$00,$00,$00,$00,$00,$00				; $C394 ........
C39C: 00000000
C3A0: 00000000  			defb $00,$00,$00,$00,$00,$00,$00,$00				; $C39C ........
C3A4: 00000000
C3A8: 00000000  			defb $00,$00,$00,$00,$00,$00,$00,$00				; $C3A4 ........
C3AC: 00000000
C3B0: 00000000  			defb $00,$00,$00,$00,$00,$00,$00,$00				; $C3AC ........
C3B4: 00000000
C3B8: 000EC000  			defb $00,$00,$00,$00,$00,$0E,$C0,$00				; $C3B4 ........
C3BC: 3E50007E
C3C0: AC00FE55  			defb $3E,$50,$00,$7E,$AC,$00,$FE,$55				; $C3BC >P.~...U
C3C4: 00000000
C3C8: FFFF007F  			defb $00,$00,$00,$00,$FF,$FF,$00,$7F				; $C3C4 ........
C3CC: FC000FE0
C3D0: 00000000  			defb $FC,$00,$0F,$E0,$00,$00,$00,$00				; $C3CC ........
C3D4: 77C000EF
C3D8: BA005F00  			defb $77,$C0,$00,$EF,$BA,$00,$5F,$00				; $C3D4 w....._.
C3DC: 00000000
C3E0: 7B0000FB  			defb $00,$00,$00,$00,$7B,$00,$00,$FB				; $C3DC ....{...
C3E4: 6A007B00
C3E8: 0003B000  			defb $6A,$00,$7B,$00,$00,$03,$B0,$00				; $C3E4 j.{.....
C3EC: 0F94001F
C3F0: AB003F95  			defb $0F,$94,$00,$1F,$AB,$00,$3F,$95				; $C3EC ......?.
C3F4: 40000000
C3F8: 3FFFC01F  			defb $40,$00,$00,$00,$3F,$FF,$C0,$1F				; $C3F4 @...?...
C3FC: FF0003F8
C400: 00000000  			defb $FF,$00,$03,$F8,$00,$00,$00,$00				; $C3FC ........
C404: 1DF0003B
C408: EE8017C0  			defb $1D,$F0,$00,$3B,$EE,$80,$17,$C0				; $C404 ...;....
C40C: 00000000
C410: 1EC0003E  			defb $00,$00,$00,$00,$1E,$C0,$00,$3E				; $C40C .......>
C414: DA801EC0
C418: 0000EC00  			defb $DA,$80,$1E,$C0,$00,$00,$EC,$00				; $C414 ........
C41C: 03E50007
C420: EAC00FE5  			defb $03,$E5,$00,$07,$EA,$C0,$0F,$E5				; $C41C ........
C424: 50000000
C428: 0FFFF007  			defb $50,$00,$00,$00,$0F,$FF,$F0,$07				; $C424 P.......
C42C: FFC000FE
C430: 00000000  			defb $FF,$C0,$00,$FE,$00,$00,$00,$00				; $C42C ........
C434: 077C000E
C438: FBA005F0  			defb $07,$7C,$00,$0E,$FB,$A0,$05,$F0				; $C434 .|......
C43C: 00000000
C440: 07B0000F  			defb $00,$00,$00,$00,$07,$B0,$00,$0F				; $C43C ........
C444: B6A007B0
C448: 00003B00  			defb $B6,$A0,$07,$B0,$00,$00,$3B,$00				; $C444 ......;.
C44C: 00F94001
C450: FAB003F9  			defb $00,$F9,$40,$01,$FA,$B0,$03,$F9				; $C44C ..@.....
C454: 54000000
C458: 03FFFC01  			defb $54,$00,$00,$00,$03,$FF,$FC,$01				; $C454 T.......
C45C: FFF0003F
C460: 80000000  			defb $FF,$F0,$00,$3F,$80,$00,$00,$00				; $C45C ...?....
C464: 01DF0003
C468: BEE8017C  			defb $01,$DF,$00,$03,$BE,$E8,$01,$7C				; $C464 .......|
C46C: 00000000
C470: 01EC0003  			defb $00,$00,$00,$00,$01,$EC,$00,$03				; $C46C ........
C474: EDA801EC
C478: 00037000  			defb $ED,$A8,$01,$EC,$00,$03,$70,$00				; $C474 ......p.
C47C: 0A7C0035
C480: 7E00AA7F  			defb $0A,$7C,$00,$35,$7E,$00,$AA,$7F				; $C47C .|.5~...
C484: 00000000
C488: FFFF003F  			defb $00,$00,$00,$00,$FF,$FF,$00,$3F				; $C484 .......?
C48C: FE0007F0
C490: 00000000  			defb $FE,$00,$07,$F0,$00,$00,$00,$00				; $C48C ........
C494: 03EE005D
C498: F70000FA  			defb $03,$EE,$00,$5D,$F7,$00,$00,$FA				; $C494 ...]....
C49C: 00000000
C4A0: 00DE0056  			defb $00,$00,$00,$00,$00,$DE,$00,$56				; $C49C .......V
C4A4: DF0000DE
C4A8: 0000DC00  			defb $DF,$00,$00,$DE,$00,$00,$DC,$00				; $C4A4 ........
C4AC: 029F000D
C4B0: 5F802A9F  			defb $02,$9F,$00,$0D,$5F,$80,$2A,$9F				; $C4AC ...._.*.
C4B4: C0000000
C4B8: 3FFFC00F  			defb $C0,$00,$00,$00,$3F,$FF,$C0,$0F				; $C4B4 ....?...
C4BC: FF8001FC
C4C0: 00000000  			defb $FF,$80,$01,$FC,$00,$00,$00,$00				; $C4BC ........
C4C4: 00FB8017
C4C8: 7DC0003E  			defb $00,$FB,$80,$17,$7D,$C0,$00,$3E				; $C4C4 ....}..>
C4CC: 80000000
C4D0: 00378015  			defb $80,$00,$00,$00,$00,$37,$80,$15				; $C4CC .....7..
C4D4: B7C00037
C4D8: 80003700  			defb $B7,$C0,$00,$37,$80,$00,$37,$00				; $C4D4 ...7..7.
C4DC: 00A7C003
C4E0: 57E00AA7  			defb $00,$A7,$C0,$03,$57,$E0,$0A,$A7				; $C4DC ....W...
C4E4: F0000000
C4E8: 0FFFF003  			defb $F0,$00,$00,$00,$0F,$FF,$F0,$03				; $C4E4 ........
C4EC: FFE0007F
C4F0: 00000000  			defb $FF,$E0,$00,$7F,$00,$00,$00,$00				; $C4EC ........
C4F4: 003EE005
C4F8: DF70000F  			defb $00,$3E,$E0,$05,$DF,$70,$00,$0F				; $C4F4 .>...p..
C4FC: A0000000
C500: 000DE005  			defb $A0,$00,$00,$00,$00,$0D,$E0,$05				; $C4FC ........
C504: 6DF0000D
C508: E0000DC0  			defb $6D,$F0,$00,$0D,$E0,$00,$0D,$C0				; $C504 m.......
C50C: 0029F000
C510: D5F802A9  			defb $00,$29,$F0,$00,$D5,$F8,$02,$A9				; $C50C .)......
C514: FC000000
C518: 03FFFC00  			defb $FC,$00,$00,$00,$03,$FF,$FC,$00				; $C514 ........
C51C: FFF8001F
C520: C0000000  			defb $FF,$F8,$00,$1F,$C0,$00,$00,$00				; $C51C ........
C524: 000FB801
C528: 77DC0003  			defb $00,$0F,$B8,$01,$77,$DC,$00,$03				; $C524 ....w...
C52C: E8000000
C530: 00037801  			defb $E8,$00,$00,$00,$00,$03,$78,$01				; $C52C ......x.
C534: 5B7C0003
C538: 7807E000  			defb $5B,$7C,$00,$03,$78,$07,$E0,$00				; $C534 [|..x...
C53C: 1FE8003F
C540: F4007FEA  			defb $1F,$E8,$00,$3F,$F4,$00,$7F,$EA				; $C53C ...?....
C544: 007FD600
C548: 9FE900E7  			defb $00,$7F,$D6,$00,$9F,$E9,$00,$E7				; $C544 ........
C54C: A700F81F
C550: 00FFFF00  			defb $A7,$00,$F8,$1F,$00,$FF,$FF,$00				; $C54C ........
C554: 3C3C00DB
C558: DB00DBDB  			defb $3C,$3C,$00,$DB,$DB,$00,$DB,$DB				; $C554 <<......
C55C: 00000000
C560: 00000000  			defb $00,$00,$00,$00,$00,$00,$00,$00				; $C55C ........
C564: 00000000
C568: 0001F800  			defb $00,$00,$00,$00,$00,$01,$F8,$00				; $C564 ........
C56C: 07FA000F
C570: FD001FFA  			defb $07,$FA,$00,$0F,$FD,$00,$1F,$FA				; $C56C ........
C574: 801FF580
C578: 27FA4039  			defb $80,$1F,$F5,$80,$27,$FA,$40,$39				; $C574 ....'.@9
C57C: E9C03E07
C580: C00FFFC0  			defb $E9,$C0,$3E,$07,$C0,$0F,$FF,$C0				; $C57C ..>.....
C584: 370F0036
C588: F6C006F6  			defb $37,$0F,$00,$36,$F6,$C0,$06,$F6				; $C584 7..6....
C58C: C0000000
C590: 00000000  			defb $C0,$00,$00,$00,$00,$00,$00,$00				; $C58C ........
C594: 00000000
C598: 00007E00  			defb $00,$00,$00,$00,$00,$00,$7E,$00				; $C594 ......~.
C59C: 01FE8003
C5A0: FF4007FE  			defb $01,$FE,$80,$03,$FF,$40,$07,$FE				; $C59C .....@..
C5A4: A007FD60
C5A8: 09FE900E  			defb $A0,$07,$FD,$60,$09,$FE,$90,$0E				; $C5A4 ...`....
C5AC: 7A700F81
C5B0: F00FC3F0  			defb $7A,$70,$0F,$81,$F0,$0F,$C3,$F0				; $C5AC zp......
C5B4: 03BDC00D
C5B8: BDB00D81  			defb $03,$BD,$C0,$0D,$BD,$B0,$0D,$81				; $C5B4 ........
C5BC: B0000000
C5C0: 00000000  			defb $B0,$00,$00,$00,$00,$00,$00,$00				; $C5BC ........
C5C4: 00000000
C5C8: 00001F80  			defb $00,$00,$00,$00,$00,$00,$1F,$80				; $C5C4 ........
C5CC: 007FA000
C5D0: FFD001FF  			defb $00,$7F,$A0,$00,$FF,$D0,$01,$FF				; $C5CC ........
C5D4: A801FF58
C5D8: 027FA403  			defb $A8,$01,$FF,$58,$02,$7F,$A4,$03				; $C5D4 ...X....
C5DC: 9E9C03E0
C5E0: 7C03FFF0  			defb $9E,$9C,$03,$E0,$7C,$03,$FF,$F0				; $C5DC ....|...
C5E4: 00F0EC03
C5E8: 6F6C036F  			defb $00,$F0,$EC,$03,$6F,$6C,$03,$6F				; $C5E4 ....ol.o
C5EC: 60000000
C5F0: 00000000  			defb $60,$00,$00,$00,$00,$00,$00,$00				; $C5EC `.......
C5F4: 00000000
C5F8: 0007B000  			defb $00,$00,$00,$00,$00,$07,$B0,$00				; $C5F4 ........
C5FC: 1BB0003B
C600: C0007DF0  			defb $1B,$B0,$00,$3B,$C0,$00,$7D,$F0				; $C5FC ...;..}.
C604: 007DF000
C608: FEC000FE  			defb $00,$7D,$F0,$00,$FE,$C0,$00,$FE				; $C604 .}......
C60C: B000FEB0
C610: 00FEB000  			defb $B0,$00,$FE,$B0,$00,$FE,$B0,$00				; $C60C ........
C614: FCB000F6
C618: C00029F0  			defb $FC,$B0,$00,$F6,$C0,$00,$29,$F0				; $C614 ......).
C61C: 0055F000
C620: 2BC0001B  			defb $00,$55,$F0,$00,$2B,$C0,$00,$1B				; $C61C .U..+...
C624: B00007B0
C628: 0001EC00  			defb $B0,$00,$07,$B0,$00,$01,$EC,$00				; $C624 ........
C62C: 06EC000E
C630: F0001F7C  			defb $06,$EC,$00,$0E,$F0,$00,$1F,$7C				; $C62C .......|
C634: 001F7C00
C638: 3FB0003F  			defb $00,$1F,$7C,$00,$3F,$B0,$00,$3F				; $C634 ..|.?..?
C63C: AC003FAC
C640: 003FAC00  			defb $AC,$00,$3F,$AC,$00,$3F,$AC,$00				; $C63C ..?..?..
C644: 3F2C003D
C648: B0000A7C  			defb $3F,$2C,$00,$3D,$B0,$00,$0A,$7C				; $C644 ?,.=...|
C64C: 00157C00
C650: 0AF00006  			defb $00,$15,$7C,$00,$0A,$F0,$00,$06				; $C64C ..|.....
C654: EC0001EC
C658: 00007B00  			defb $EC,$00,$01,$EC,$00,$00,$7B,$00				; $C654 ......{.
C65C: 01BB0003
C660: BC0007DF  			defb $01,$BB,$00,$03,$BC,$00,$07,$DF				; $C65C ........
C664: 0007DF00
C668: 0FEC000F  			defb $00,$07,$DF,$00,$0F,$EC,$00,$0F				; $C664 ........
C66C: EB000FEB
C670: 000FEB00  			defb $EB,$00,$0F,$EB,$00,$0F,$EB,$00				; $C66C ........
C674: 0FCB000F
C678: 6C00029F  			defb $0F,$CB,$00,$0F,$6C,$00,$02,$9F				; $C674 ....l...
C67C: 00055F00
C680: 02BC0001  			defb $00,$05,$5F,$00,$02,$BC,$00,$01				; $C67C .._.....
C684: BB00007B
C688: 00001EC0  			defb $BB,$00,$00,$7B,$00,$00,$1E,$C0				; $C684 ...{....
C68C: 006EC000
C690: EF0001F7  			defb $00,$6E,$C0,$00,$EF,$00,$01,$F7				; $C68C .n......
C694: C001F7C0
C698: 03FB0003  			defb $C0,$01,$F7,$C0,$03,$FB,$00,$03				; $C694 ........
C69C: FAC003FA
C6A0: C003FAC0  			defb $FA,$C0,$03,$FA,$C0,$03,$FA,$C0				; $C69C ........
C6A4: 03F2C003
C6A8: DB0000A7  			defb $03,$F2,$C0,$03,$DB,$00,$00,$A7				; $C6A4 ........
C6AC: C00157C0
C6B0: 00AF0000  			defb $C0,$01,$57,$C0,$00,$AF,$00,$00				; $C6AC ..W.....
C6B4: 6EC0001E
C6B8: C0000000  			defb $6E,$C0,$00,$1E,$C0,$00,$00,$00				; $C6B4 n.......
C6BC: 00000000
C6C0: 00000000  			defb $00,$00,$00,$00,$00,$00,$00,$00				; $C6BC ........
C6C4: 00DBDB00
C6C8: DBDB003C  			defb $00,$DB,$DB,$00,$DB,$DB,$00,$3C				; $C6C4 .......<
C6CC: 3C00FFFF
C6D0: 00F81F00  			defb $3C,$00,$FF,$FF,$00,$F8,$1F,$00				; $C6CC <.......
C6D4: E7A7009F
C6D8: E9007FD6  			defb $E7,$A7,$00,$9F,$E9,$00,$7F,$D6				; $C6D4 ........
C6DC: 007FEA00
C6E0: 3FF4001F  			defb $00,$7F,$EA,$00,$3F,$F4,$00,$1F				; $C6DC ....?...
C6E4: E80007E0
C6E8: 00000000  			defb $E8,$00,$07,$E0,$00,$00,$00,$00				; $C6E4 ........
C6EC: 00000000
C6F0: 00000000  			defb $00,$00,$00,$00,$00,$00,$00,$00				; $C6EC ........
C6F4: 0006F6C0
C6F8: 36F6C037  			defb $00,$06,$F6,$C0,$36,$F6,$C0,$37				; $C6F4 ....6..7
C6FC: 0F000FFF
C700: C03E07C0  			defb $0F,$00,$0F,$FF,$C0,$3E,$07,$C0				; $C6FC .....>..
C704: 39E9C027
C708: FA401FF5  			defb $39,$E9,$C0,$27,$FA,$40,$1F,$F5				; $C704 9..'.@..
C70C: 801FFA80
C710: 0FFD0007  			defb $80,$1F,$FA,$80,$0F,$FD,$00,$07				; $C70C ........
C714: FA0001F8
C718: 00000000  			defb $FA,$00,$01,$F8,$00,$00,$00,$00				; $C714 ........
C71C: 00000000
C720: 00000000  			defb $00,$00,$00,$00,$00,$00,$00,$00				; $C71C ........
C724: 000D81B0
C728: 0DBDB003  			defb $00,$0D,$81,$B0,$0D,$BD,$B0,$03				; $C724 ........
C72C: BDC00FC3
C730: F00F81F0  			defb $BD,$C0,$0F,$C3,$F0,$0F,$81,$F0				; $C72C ........
C734: 0E7A7009
C738: FE9007FD  			defb $0E,$7A,$70,$09,$FE,$90,$07,$FD				; $C734 .zp.....
C73C: 6007FEA0
C740: 03FF4001  			defb $60,$07,$FE,$A0,$03,$FF,$40,$01				; $C73C `.....@.
C744: FE80007E
C748: 00000000  			defb $FE,$80,$00,$7E,$00,$00,$00,$00				; $C744 ...~....
C74C: 00000000
C750: 00000000  			defb $00,$00,$00,$00,$00,$00,$00,$00				; $C74C ........
C754: 00036F60
C758: 036F6C00  			defb $00,$03,$6F,$60,$03,$6F,$6C,$00				; $C754 ..o`.ol.
C75C: F0EC03FF
C760: F003E07C  			defb $F0,$EC,$03,$FF,$F0,$03,$E0,$7C				; $C75C .......|
C764: 039E9C02
C768: 7FA401FF  			defb $03,$9E,$9C,$02,$7F,$A4,$01,$FF				; $C764 ........
C76C: 5801FFA8
C770: 00FFD000  			defb $58,$01,$FF,$A8,$00,$FF,$D0,$00				; $C76C X.......
C774: 7FA0001F
C778: 800DE000  			defb $7F,$A0,$00,$1F,$80,$0D,$E0,$00				; $C774 ........
C77C: 0DD80003
C780: DC000FBE  			defb $0D,$D8,$00,$03,$DC,$00,$0F,$BE				; $C77C ........
C784: 000FBE00
C788: 037F000D  			defb $00,$0F,$BE,$00,$03,$7F,$00,$0D				; $C784 ........
C78C: 7F000D7F
C790: 000D7F00  			defb $7F,$00,$0D,$7F,$00,$0D,$7F,$00				; $C78C ........
C794: 0D3F0003
C798: 6F000F94  			defb $0D,$3F,$00,$03,$6F,$00,$0F,$94				; $C794 .?..o...
C79C: 000FAA00
C7A0: 03D4000D  			defb $00,$0F,$AA,$00,$03,$D4,$00,$0D				; $C79C ........
C7A4: D8000DE0
C7A8: 00037800  			defb $D8,$00,$0D,$E0,$00,$03,$78,$00				; $C7A4 ......x.
C7AC: 03760000
C7B0: F70003EF  			defb $03,$76,$00,$00,$F7,$00,$03,$EF				; $C7AC .v......
C7B4: 8003EF80
C7B8: 00DFC003  			defb $80,$03,$EF,$80,$00,$DF,$C0,$03				; $C7B4 ........
C7BC: 5FC0035F
C7C0: C0035FC0  			defb $5F,$C0,$03,$5F,$C0,$03,$5F,$C0				; $C7BC _.._.._.
C7C4: 034FC000
C7C8: DBC003E5  			defb $03,$4F,$C0,$00,$DB,$C0,$03,$E5				; $C7C4 .O......
C7CC: 0003EA80
C7D0: 00F50003  			defb $00,$03,$EA,$80,$00,$F5,$00,$03				; $C7CC ........
C7D4: 76000378
C7D8: 0000DE00  			defb $76,$00,$03,$78,$00,$00,$DE,$00				; $C7D4 v..x....
C7DC: 00DD8000
C7E0: 3DC000FB  			defb $00,$DD,$80,$00,$3D,$C0,$00,$FB				; $C7DC ....=...
C7E4: E000FBE0
C7E8: 0037F000  			defb $E0,$00,$FB,$E0,$00,$37,$F0,$00				; $C7E4 .....7..
C7EC: D7F000D7
C7F0: F000D7F0  			defb $D7,$F0,$00,$D7,$F0,$00,$D7,$F0				; $C7EC ........
C7F4: 00D3F000
C7F8: 36F000F9  			defb $00,$D3,$F0,$00,$36,$F0,$00,$F9				; $C7F4 ....6...
C7FC: 4000FAA0
C800: 003D4000  			defb $40,$00,$FA,$A0,$00,$3D,$40,$00				; $C7FC @....=@.
C804: DD8000DE
C808: 00003780  			defb $DD,$80,$00,$DE,$00,$00,$37,$80				; $C804 ......7.
C80C: 00376000
C810: 0F70003E  			defb $00,$37,$60,$00,$0F,$70,$00,$3E				; $C80C .7`..p.>
C814: F8003EF8
C818: 000DFC00  			defb $F8,$00,$3E,$F8,$00,$0D,$FC,$00				; $C814 ..>.....
C81C: 35FC0035
C820: FC0035FC  			defb $35,$FC,$00,$35,$FC,$00,$35,$FC				; $C81C 5..5..5.
C824: 0034FC00
C828: 0DBC003E  			defb $00,$34,$FC,$00,$0D,$BC,$00,$3E				; $C824 .4.....>
C82C: 50003EA8
C830: 000F5000  			defb $50,$00,$3E,$A8,$00,$0F,$50,$00				; $C82C P.>...P.
C834: 37600037
C838: 80005000  			defb $37,$60,$00,$37,$80,$00,$50,$00				; $C834 7`.7..P.
C83C: 00220003
C840: 05000756  			defb $00,$22,$00,$03,$05,$00,$07,$56				; $C83C .".....V
C844: 00BB7600
C848: 07560003  			defb $00,$BB,$76,$00,$07,$56,$00,$03				; $C844 ..v..V..
C84C: 05000022
C850: 00005000  			defb $05,$00,$00,$22,$00,$00,$50,$00				; $C84C ..."..P.
C854: 00000000
C858: 00000000  			defb $00,$00,$00,$00,$00,$00,$00,$00				; $C854 ........
C85C: 00000000
C860: 00000000  			defb $00,$00,$00,$00,$00,$00,$00,$00				; $C85C ........
C864: 00000000
C868: 00001400  			defb $00,$00,$00,$00,$00,$00,$14,$00				; $C864 ........
C86C: 001C8000
C870: C94001C1  			defb $00,$1C,$80,$00,$C9,$40,$01,$C1				; $C86C .....@..
C874: 802ED580
C878: 01DD8000  			defb $80,$2E,$D5,$80,$01,$DD,$80,$00				; $C874 ........
C87C: D5400000
C880: 80001C00  			defb $D5,$40,$00,$00,$80,$00,$1C,$00				; $C87C .@......
C884: 00000000
C888: 00000000  			defb $00,$00,$00,$00,$00,$00,$00,$00				; $C884 ........
C88C: 00000000
C890: 00000000  			defb $00,$00,$00,$00,$00,$00,$00,$00				; $C88C ........
C894: 00000000
C898: 00000000  			defb $00,$00,$00,$00,$00,$00,$00,$00				; $C894 ........
C89C: 00052000
C8A0: 37500075  			defb $00,$05,$20,$00,$37,$50,$00,$75				; $C89C .. .7P.u
C8A4: 600BB060
C8A8: 00756000  			defb $60,$0B,$B0,$60,$00,$75,$60,$00				; $C8A4 `..`.u`.
C8AC: 37500005
C8B0: 20000000  			defb $37,$50,$00,$05,$20,$00,$00,$00				; $C8AC 7P.. ...
C8B4: 00000000
C8B8: 00000000  			defb $00,$00,$00,$00,$00,$00,$00,$00				; $C8B4 ........
C8BC: 00000000
C8C0: 00000000  			defb $00,$00,$00,$00,$00,$00,$00,$00				; $C8BC ........
C8C4: 00000000
C8C8: 000001C0  			defb $00,$00,$00,$00,$00,$00,$01,$C0				; $C8C4 ........
C8CC: 00000800
C8D0: 0D54001D  			defb $00,$00,$08,$00,$0D,$54,$00,$1D				; $C8CC .....T..
C8D4: D802ED58
C8D8: 001C1800  			defb $D8,$02,$ED,$58,$00,$1C,$18,$00				; $C8D4 ...X....
C8DC: 0C940001
C8E0: C8000140  			defb $0C,$94,$00,$01,$C8,$00,$01,$40				; $C8DC .......@
C8E4: 00000000
C8E8: 00000000  			defb $00,$00,$00,$00,$00,$00,$00,$00				; $C8E4 ........
C8EC: 00000000
C8F0: 00000000  			defb $00,$00,$00,$00,$00,$00,$00,$00				; $C8EC ........
C8F4: 00000000
C8F8: 000E0000  			defb $00,$00,$00,$00,$00,$0E,$00,$00				; $C8F4 ........
C8FC: 400000AA
C900: C0006EE0  			defb $40,$00,$00,$AA,$C0,$00,$6E,$E0				; $C8FC @.....n.
C904: 006ADD00
C908: 60E000A4  			defb $00,$6A,$DD,$00,$60,$E0,$00,$A4				; $C904 .j..`...
C90C: C0004E00
C910: 000A0000  			defb $C0,$00,$4E,$00,$00,$0A,$00,$00				; $C90C ..N.....
C914: 00000000
C918: 00000000  			defb $00,$00,$00,$00,$00,$00,$00,$00				; $C914 ........
C91C: 00000000
C920: 00000000  			defb $00,$00,$00,$00,$00,$00,$00,$00				; $C91C ........
C924: 00000000
C928: 00000000  			defb $00,$00,$00,$00,$00,$00,$00,$00				; $C924 ........
C92C: 1280002B
C930: B0001AB8  			defb $12,$80,$00,$2B,$B0,$00,$1A,$B8				; $C92C ...+....
C934: 00183740
C938: 1AB8002B  			defb $00,$18,$37,$40,$1A,$B8,$00,$2B				; $C934 ..7@...+
C93C: B0001280
C940: 00000000  			defb $B0,$00,$12,$80,$00,$00,$00,$00				; $C93C ........
C944: 00000000
C948: 00000000  			defb $00,$00,$00,$00,$00,$00,$00,$00				; $C944 ........
C94C: 00000000
C950: 00000000  			defb $00,$00,$00,$00,$00,$00,$00,$00				; $C94C ........
C954: 00000000
C958: 0000A000  			defb $00,$00,$00,$00,$00,$00,$A0,$00				; $C954 ........
C95C: 04E0000A
C960: 4C00060E  			defb $04,$E0,$00,$0A,$4C,$00,$06,$0E				; $C95C ....L...
C964: 0006ADD0
C968: 06EE000A  			defb $00,$06,$AD,$D0,$06,$EE,$00,$0A				; $C964 ........
C96C: AC000400
C970: 0000E000  			defb $AC,$00,$04,$00,$00,$00,$E0,$00				; $C96C ........
C974: 00000000
C978: 00000000  			defb $00,$00,$00,$00,$00,$00,$00,$00				; $C974 ........
C97C: 00000000
C980: 00000000  			defb $00,$00,$00,$00,$00,$00,$00,$00				; $C97C ........
C984: 00000000
C988: 00002800  			defb $00,$00,$00,$00,$00,$00,$28,$00				; $C984 ......(.
C98C: 01100002
C990: 830001AB  			defb $01,$10,$00,$02,$83,$00,$01,$AB				; $C98C ........
C994: 8001BB74
C998: 01AB8002  			defb $80,$01,$BB,$74,$01,$AB,$80,$02				; $C994 ...t....
C99C: 83000110
C9A0: 00002800  			defb $83,$00,$01,$10,$00,$00,$28,$00				; $C99C ......(.
C9A4: 00000000
C9A8: 00000000  			defb $00,$00,$00,$00,$00,$00,$00,$00				; $C9A4 ........
C9AC: 00000000
C9B0: 00000000  			defb $00,$00,$00,$00,$00,$00,$00,$00				; $C9AC ........
C9B4: 00000000
C9B8: 00070000  			defb $00,$00,$00,$00,$00,$07,$00,$00				; $C9B4 ........
C9BC: 1EC0001F
C9C0: CA002FDD  			defb $1E,$C0,$00,$1F,$CA,$00,$2F,$DD				; $C9BC ....../.
C9C4: 00FE3A00
C9C8: FEFD0078  			defb $00,$FE,$3A,$00,$FE,$FD,$00,$78				; $C9C4 ..:....x
C9CC: FA0002FA
C9D0: 00F67800  			defb $FA,$00,$02,$FA,$00,$F6,$78,$00				; $C9CC ......x.
C9D4: FF6300FF
C9D8: 6E00BC0B  			defb $FF,$63,$00,$FF,$6E,$00,$BC,$0B				; $C9D4 .c..n...
C9DC: 0073BD00
C9E0: 0FBA003D  			defb $00,$73,$BD,$00,$0F,$BA,$00,$3D				; $C9DC .s.....=
C9E4: B4003A1C
C9E8: 0001C000  			defb $B4,$00,$3A,$1C,$00,$01,$C0,$00				; $C9E4 ..:.....
C9EC: 07B00007
C9F0: F2800BF7  			defb $07,$B0,$00,$07,$F2,$80,$0B,$F7				; $C9EC ........
C9F4: 403F8E80
C9F8: 3FBF401E  			defb $40,$3F,$8E,$80,$3F,$BF,$40,$1E				; $C9F4 @?..?.@.
C9FC: 3E8000BE
CA00: 803D9E00  			defb $3E,$80,$00,$BE,$80,$3D,$9E,$00				; $C9FC >....=..
CA04: 3FD8C03F
CA08: DB802F02  			defb $3F,$D8,$C0,$3F,$DB,$80,$2F,$02				; $CA04 ?..?../.
CA0C: C01CEF40
CA10: 03EE800F  			defb $C0,$1C,$EF,$40,$03,$EE,$80,$0F				; $CA0C ...@....
CA14: 6D000E87
CA18: 00007000  			defb $6D,$00,$0E,$87,$00,$00,$70,$00				; $CA14 m.....p.
CA1C: 01EC0001
CA20: FCA002FD  			defb $01,$EC,$00,$01,$FC,$A0,$02,$FD				; $CA1C ........
CA24: D00FE3A0
CA28: 0FEFD007  			defb $D0,$0F,$E3,$A0,$0F,$EF,$D0,$07				; $CA24 ........
CA2C: 8FA0002F
CA30: A00F6780  			defb $8F,$A0,$00,$2F,$A0,$0F,$67,$80				; $CA2C .../..g.
CA34: 0FF6300F
CA38: F6E00BC0  			defb $0F,$F6,$30,$0F,$F6,$E0,$0B,$C0				; $CA34 ..0.....
CA3C: B0073BD0
CA40: 00FBA003  			defb $B0,$07,$3B,$D0,$00,$FB,$A0,$03				; $CA3C ..;.....
CA44: DB4003A1
CA48: C0001C00  			defb $DB,$40,$03,$A1,$C0,$00,$1C,$00				; $CA44 .@......
CA4C: 007B0000
CA50: 7F2800BF  			defb $00,$7B,$00,$00,$7F,$28,$00,$BF				; $CA4C .{...(..
CA54: 7403F8E8
CA58: 03FBF401  			defb $74,$03,$F8,$E8,$03,$FB,$F4,$01				; $CA54 t.......
CA5C: E3E8000B
CA60: E803D9E0  			defb $E3,$E8,$00,$0B,$E8,$03,$D9,$E0				; $CA5C ........
CA64: 03FD8C03
CA68: FDB802F0  			defb $03,$FD,$8C,$03,$FD,$B8,$02,$F0				; $CA64 ........
CA6C: 2C01CEF4
CA70: 003EE800  			defb $2C,$01,$CE,$F4,$00,$3E,$E8,$00				; $CA6C ,....>..
CA74: F6D000E8
CA78: 70050000  			defb $F6,$D0,$00,$E8,$70,$05,$00,$00				; $CA74 ....p...
CA7C: 1EC0001B
CA80: CA002D4D  			defb $1E,$C0,$00,$1B,$CA,$00,$2D,$4D				; $CA7C ......-M
CA84: 00B02A00
CA88: 942D0078  			defb $00,$B0,$2A,$00,$94,$2D,$00,$78				; $CA84 ..*..-.x
CA8C: 1A00000A
CA90: 00F01000  			defb $1A,$00,$00,$0A,$00,$F0,$10,$00				; $CA8C ........
CA94: A80300D4
CA98: 2A00AC0B  			defb $A8,$03,$00,$D4,$2A,$00,$AC,$0B				; $CA94 ....*...
CA9C: 0072B500
CAA0: 0B8A0035  			defb $00,$72,$B5,$00,$0B,$8A,$00,$35				; $CA9C .r.....5
CAA4: B4002A1C
CAA8: 00014000  			defb $B4,$00,$2A,$1C,$00,$01,$40,$00				; $CAA4 ..*...@.
CAAC: 07B00006
CAB0: F2800B53  			defb $07,$B0,$00,$06,$F2,$80,$0B,$53				; $CAAC .......S
CAB4: 402C0A80
CAB8: 250B401E  			defb $40,$2C,$0A,$80,$25,$0B,$40,$1E				; $CAB4 @,..%.@.
CABC: 06800002
CAC0: 803C0400  			defb $06,$80,$00,$02,$80,$3C,$04,$00				; $CABC .....<..
CAC4: 2A00C035
CAC8: 0A802B02  			defb $2A,$00,$C0,$35,$0A,$80,$2B,$02				; $CAC4 *..5..+.
CACC: C01CAD40
CAD0: 02E2800D  			defb $C0,$1C,$AD,$40,$02,$E2,$80,$0D				; $CACC ...@....
CAD4: 6D000A87
CAD8: 00005000  			defb $6D,$00,$0A,$87,$00,$00,$50,$00				; $CAD4 m.....P.
CADC: 01EC0001
CAE0: BCA002D4  			defb $01,$EC,$00,$01,$BC,$A0,$02,$D4				; $CADC ........
CAE4: D00B02A0
CAE8: 0942D007  			defb $D0,$0B,$02,$A0,$09,$42,$D0,$07				; $CAE4 .....B..
CAEC: 81A00000
CAF0: A00F0100  			defb $81,$A0,$00,$00,$A0,$0F,$01,$00				; $CAEC ........
CAF4: 0A80300D
CAF8: 42A00AC0  			defb $0A,$80,$30,$0D,$42,$A0,$0A,$C0				; $CAF4 ..0.B...
CAFC: B0072B50
CB00: 00B8A003  			defb $B0,$07,$2B,$50,$00,$B8,$A0,$03				; $CAFC ..+P....
CB04: 5B4002A1
CB08: C0001400  			defb $5B,$40,$02,$A1,$C0,$00,$14,$00				; $CB04 [@......
CB0C: 007B0000
CB10: 6F2800B5  			defb $00,$7B,$00,$00,$6F,$28,$00,$B5				; $CB0C .{..o(..
CB14: 3402C0A8
CB18: 0250B401  			defb $34,$02,$C0,$A8,$02,$50,$B4,$01				; $CB14 4....P..
CB1C: E0680000
CB20: 2803C040  			defb $E0,$68,$00,$00,$28,$03,$C0,$40				; $CB1C .h..(..@
CB24: 02A00C03
CB28: 50A802B0  			defb $02,$A0,$0C,$03,$50,$A8,$02,$B0				; $CB24 ....P...
CB2C: 2C01CAD4
CB30: 002E2800  			defb $2C,$01,$CA,$D4,$00,$2E,$28,$00				; $CB2C ,.....(.
CB34: D6D000A8
CB38: 70070000  			defb $D6,$D0,$00,$A8,$70,$07,$00,$00				; $CB34 ....p...
CB3C: 16C00010
CB40: 0A00211D  			defb $16,$C0,$00,$10,$0A,$00,$21,$1D				; $CB3C ......!.
CB44: 00E80A00
CB48: E0110020  			defb $00,$E8,$0A,$00,$E0,$11,$00,$20				; $CB44 ....... 
CB4C: 0200000A
CB50: 00C00000  			defb $02,$00,$00,$0A,$00,$C0,$00,$00				; $CB4C ........
CB54: D00100C0
CB58: 2400A403  			defb $D0,$01,$00,$C0,$24,$00,$A4,$03				; $CB54 ....$...
CB5C: 00700500
CB60: 082A0039  			defb $00,$70,$05,$00,$08,$2A,$00,$39				; $CB5C .p...*.9
CB64: B4003A1C
CB68: 0001C000  			defb $B4,$00,$3A,$1C,$00,$01,$C0,$00				; $CB64 ..:.....
CB6C: 05B00004
CB70: 02800847  			defb $05,$B0,$00,$04,$02,$80,$08,$47				; $CB6C .......G
CB74: 403A0280
CB78: 38044008  			defb $40,$3A,$02,$80,$38,$04,$40,$08				; $CB74 @:..8.@.
CB7C: 00800002
CB80: 80300000  			defb $00,$80,$00,$02,$80,$30,$00,$00				; $CB7C .....0..
CB84: 34004030
CB88: 09002900  			defb $34,$00,$40,$30,$09,$00,$29,$00				; $CB84 4.@0..).
CB8C: C01C0140
CB90: 020A800E  			defb $C0,$1C,$01,$40,$02,$0A,$80,$0E				; $CB8C ...@....
CB94: 6D000E87
CB98: 00007000  			defb $6D,$00,$0E,$87,$00,$00,$70,$00				; $CB94 m.....p.
CB9C: 016C0001
CBA0: 00A00211  			defb $01,$6C,$00,$01,$00,$A0,$02,$11				; $CB9C .l......
CBA4: D00E80A0
CBA8: 0E011002  			defb $D0,$0E,$80,$A0,$0E,$01,$10,$02				; $CBA4 ........
CBAC: 00200000
CBB0: A00C0000  			defb $00,$20,$00,$00,$A0,$0C,$00,$00				; $CBAC . ......
CBB4: 0D00100C
CBB8: 02400A40  			defb $0D,$00,$10,$0C,$02,$40,$0A,$40				; $CBB4 .....@.@
CBBC: 30070050
CBC0: 0082A003  			defb $30,$07,$00,$50,$00,$82,$A0,$03				; $CBBC 0..P....
CBC4: 9B4003A1
CBC8: C0001C00  			defb $9B,$40,$03,$A1,$C0,$00,$1C,$00				; $CBC4 .@......
CBCC: 005B0000
CBD0: 40280084  			defb $00,$5B,$00,$00,$40,$28,$00,$84				; $CBCC .[..@(..
CBD4: 7403A028
CBD8: 03804400  			defb $74,$03,$A0,$28,$03,$80,$44,$00				; $CBD4 t..(..D.
CBDC: 80080000
CBE0: 28030000  			defb $80,$08,$00,$00,$28,$03,$00,$00				; $CBDC ....(...
CBE4: 03400403
CBE8: 00900290  			defb $03,$40,$04,$03,$00,$90,$02,$90				; $CBE4 .@......
CBEC: 0C01C014
CBF0: 0020A800  			defb $0C,$01,$C0,$14,$00,$20,$A8,$00				; $CBEC ..... ..
CBF4: E6D000E8
CBF8: 70020000  			defb $E6,$D0,$00,$E8,$70,$02,$00,$00				; $CBF4 ....p...
CBFC: 04400020
CC00: 08000102  			defb $04,$40,$00,$20,$08,$00,$01,$02				; $CBFC .@. ....
CC04: 00080800
CC08: A0000000  			defb $00,$08,$08,$00,$A0,$00,$00,$00				; $CC04 ........
CC0C: 02000000
CC10: 00800100  			defb $02,$00,$00,$00,$00,$80,$01,$00				; $CC0C ........
CC14: 00040080
CC18: 01000000  			defb $00,$04,$00,$80,$01,$00,$00,$00				; $CC14 ........
CC1C: 00500200
CC20: 08200020  			defb $00,$50,$02,$00,$08,$20,$00,$20				; $CC1C .P... . 
CC24: 84000A10
CC28: 00008000  			defb $84,$00,$0A,$10,$00,$00,$80,$00				; $CC24 ........
CC2C: 01100008
CC30: 02000040  			defb $01,$10,$00,$08,$02,$00,$00,$40				; $CC2C .......@
CC34: 80020200
CC38: 28000000  			defb $80,$02,$02,$00,$28,$00,$00,$00				; $CC34 ....(...
CC3C: 00800000
CC40: 00200040  			defb $00,$80,$00,$00,$00,$20,$00,$40				; $CC3C ..... .@
CC44: 00010020
CC48: 00400000  			defb $00,$01,$00,$20,$00,$40,$00,$00				; $CC44 ... .@..
CC4C: 00140080
CC50: 02080008  			defb $00,$14,$00,$80,$02,$08,$00,$08				; $CC4C ........
CC54: 21000284
CC58: 00002000  			defb $21,$00,$02,$84,$00,$00,$20,$00				; $CC54 !..... .
CC5C: 00440002
CC60: 00800010  			defb $00,$44,$00,$02,$00,$80,$00,$10				; $CC5C .D......
CC64: 20008080
CC68: 0A000000  			defb $20,$00,$80,$80,$0A,$00,$00,$00				; $CC64  .......
CC6C: 00200000
CC70: 00080010  			defb $00,$20,$00,$00,$00,$08,$00,$10				; $CC6C . ......
CC74: 00004008
CC78: 00100000  			defb $00,$00,$40,$08,$00,$10,$00,$00				; $CC74 ..@.....
CC7C: 00050020
CC80: 00820002  			defb $00,$05,$00,$20,$00,$82,$00,$02				; $CC7C ... ....
CC84: 084000A1
CC88: 00000800  			defb $08,$40,$00,$A1,$00,$00,$08,$00				; $CC84 .@......
CC8C: 00110000
CC90: 80200004  			defb $00,$11,$00,$00,$80,$20,$00,$04				; $CC8C ..... ..
CC94: 08002020
CC98: 02800000  			defb $08,$00,$20,$20,$02,$80,$00,$00				; $CC94 ..  ....
CC9C: 00080000
CCA0: 00020004  			defb $00,$08,$00,$00,$00,$02,$00,$04				; $CC9C ........
CCA4: 00001002
CCA8: 00040000  			defb $00,$00,$10,$02,$00,$04,$00,$00				; $CCA4 ........
CCAC: 00014008
CCB0: 00208000  			defb $00,$01,$40,$08,$00,$20,$80,$00				; $CCAC ..@.. ..
CCB4: 82100028
CCB8: 4003C000  			defb $82,$10,$00,$28,$40,$03,$C0,$00				; $CCB4 ...(@...
CCBC: 0FD0001F
CCC0: E8003FD4  			defb $0F,$D0,$00,$1F,$E8,$00,$3F,$D4				; $CCBC ......?.
CCC4: 007FAA00
CCC8: 000000DC  			defb $00,$7F,$AA,$00,$00,$00,$00,$DC				; $CCC4 ........
CCCC: E700DCE7
CCD0: 00DCE700  			defb $E7,$00,$DC,$E7,$00,$DC,$E7,$00				; $CCCC ........
CCD4: 0000007F
CCD8: EA00FF55  			defb $00,$00,$00,$7F,$EA,$00,$FF,$55				; $CCD4 .......U
CCDC: 00000000
CCE0: 7BDA0000  			defb $00,$00,$00,$00,$7B,$DA,$00,$00				; $CCDC ....{...
CCE4: 00001998
CCE8: 0000F000  			defb $00,$00,$19,$98,$00,$00,$F0,$00				; $CCE4 ........
CCEC: 03F40007
CCF0: FA000FF5  			defb $03,$F4,$00,$07,$FA,$00,$0F,$F5				; $CCEC ........
CCF4: 001FEA80
CCF8: 0000002E  			defb $00,$1F,$EA,$80,$00,$00,$00,$2E				; $CCF4 ........
CCFC: 73802E73
CD00: 802E7380  			defb $73,$80,$2E,$73,$80,$2E,$73,$80				; $CCFC s..s..s.
CD04: 0000001F
CD08: FA803FD5  			defb $00,$00,$00,$1F,$FA,$80,$3F,$D5				; $CD04 ......?.
CD0C: 40000000
CD10: 1EF68000  			defb $40,$00,$00,$00,$1E,$F6,$80,$00				; $CD0C @.......
CD14: 00000C63
CD18: 00003C00  			defb $00,$00,$0C,$63,$00,$00,$3C,$00				; $CD14 ...c..<.
CD1C: 00FD0001
CD20: FE8003FD  			defb $00,$FD,$00,$01,$FE,$80,$03,$FD				; $CD1C ........
CD24: 4007FAA0
CD28: 00000007  			defb $40,$07,$FA,$A0,$00,$00,$00,$07				; $CD24 @.......
CD2C: 39D00739
CD30: D00739D0  			defb $39,$D0,$07,$39,$D0,$07,$39,$D0				; $CD2C 9..9..9.
CD34: 00000007
CD38: FEA00FF5  			defb $00,$00,$00,$07,$FE,$A0,$0F,$F5				; $CD34 ........
CD3C: 50000000
CD40: 0F3CD000  			defb $50,$00,$00,$00,$0F,$3C,$D0,$00				; $CD3C P....<..
CD44: 00000618
CD48: 60000F00  			defb $00,$00,$06,$18,$60,$00,$0F,$00				; $CD44 ....`...
CD4C: 003F4000
CD50: 7FA000FF  			defb $00,$3F,$40,$00,$7F,$A0,$00,$FF				; $CD4C .?@.....
CD54: 5001FEA8
CD58: 00000003  			defb $50,$01,$FE,$A8,$00,$00,$00,$03				; $CD54 P.......
CD5C: 9CEC039C
CD60: EC039CEC  			defb $9C,$EC,$03,$9C,$EC,$03,$9C,$EC				; $CD5C ........
CD64: 00000001
CD68: FFA803FD  			defb $00,$00,$00,$01,$FF,$A8,$03,$FD				; $CD64 ........
CD6C: 54000000
CD70: 01EF6800  			defb $54,$00,$00,$00,$01,$EF,$68,$00				; $CD6C T.....h.
CD74: 000000C6
CD78: 3005A000  			defb $00,$00,$00,$C6,$30,$05,$A0,$00				; $CD74 ....0...
CD7C: 1DB8003D
CD80: B4007DBA  			defb $1D,$B8,$00,$3D,$B4,$00,$7D,$BA				; $CD7C ...=..}.
CD84: 007DBA00
CD88: FDB500FD  			defb $00,$7D,$BA,$00,$FD,$B5,$00,$FD				; $CD84 .}......
CD8C: BB0003C0
CD90: 007FEA00  			defb $BB,$00,$03,$C0,$00,$7F,$EA,$00				; $CD8C ........
CD94: 0000007F
CD98: EA00FFF5  			defb $00,$00,$00,$7F,$EA,$00,$FF,$F5				; $CD94 ........
CD9C: 00000000
CDA0: 3FD4000F  			defb $00,$00,$00,$00,$3F,$D4,$00,$0F				; $CD9C ....?...
CDA4: D0000340
CDA8: 00016800  			defb $D0,$00,$03,$40,$00,$01,$68,$00				; $CDA4 ...@..h.
CDAC: 076E000F
CDB0: 6D001F6E  			defb $07,$6E,$00,$0F,$6D,$00,$1F,$6E				; $CDAC .n..m..n
CDB4: 801F6E80
CDB8: 3F6D403F  			defb $80,$1F,$6E,$80,$3F,$6D,$40,$3F				; $CDB4 ..n.?m@?
CDBC: 6EC000F0
CDC0: 001FFA80  			defb $6E,$C0,$00,$F0,$00,$1F,$FA,$80				; $CDBC n.......
CDC4: 0000001F
CDC8: FA803FFD  			defb $00,$00,$00,$1F,$FA,$80,$3F,$FD				; $CDC4 ......?.
CDCC: 40000000
CDD0: 0FF50003  			defb $40,$00,$00,$00,$0F,$F5,$00,$03				; $CDCC @.......
CDD4: F40000D0
CDD8: 00005A00  			defb $F4,$00,$00,$D0,$00,$00,$5A,$00				; $CDD4 ......Z.
CDDC: 01DB8003
CDE0: DB4007DB  			defb $01,$DB,$80,$03,$DB,$40,$07,$DB				; $CDDC .....@..
CDE4: A007DBA0
CDE8: 0FDB500F  			defb $A0,$07,$DB,$A0,$0F,$DB,$50,$0F				; $CDE4 ......P.
CDEC: DBB0003C
CDF0: 0007FEA0  			defb $DB,$B0,$00,$3C,$00,$07,$FE,$A0				; $CDEC ...<....
CDF4: 00000007
CDF8: FEA00FFF  			defb $00,$00,$00,$07,$FE,$A0,$0F,$FF				; $CDF4 ........
CDFC: 50000000
CE00: 03FD4000  			defb $50,$00,$00,$00,$03,$FD,$40,$00				; $CDFC P.....@.
CE04: FD000034
CE08: 00001680  			defb $FD,$00,$00,$34,$00,$00,$16,$80				; $CE04 ...4....
CE0C: 0076E000
CE10: F6D001F6  			defb $00,$76,$E0,$00,$F6,$D0,$01,$F6				; $CE0C .v......
CE14: E801F6E8
CE18: 03F6D403  			defb $E8,$01,$F6,$E8,$03,$F6,$D4,$03				; $CE14 ........
CE1C: F6EC000F
CE20: 0001FFA8  			defb $F6,$EC,$00,$0F,$00,$01,$FF,$A8				; $CE1C ........
CE24: 00000001
CE28: FFA803FF  			defb $00,$00,$00,$01,$FF,$A8,$03,$FF				; $CE24 ........
CE2C: D4000000
CE30: 00FF5000  			defb $D4,$00,$00,$00,$00,$FF,$50,$00				; $CE2C ......P.
CE34: 3F40000D
CE38: 0007A000  			defb $3F,$40,$00,$0D,$00,$07,$A0,$00				; $CE34 ?@......
CE3C: 1FE8003F
CE40: D4007FEA  			defb $1F,$E8,$00,$3F,$D4,$00,$7F,$EA				; $CE3C ...?....
CE44: 007FD600
CE48: FFE900FF  			defb $00,$7F,$D6,$00,$FF,$E9,$00,$FF				; $CE44 ........
CE4C: D5000000
CE50: 002FD400  			defb $D5,$00,$00,$00,$00,$2F,$D4,$00				; $CE4C ...../..
CE54: 4FD20080
CE58: 010087A1  			defb $4F,$D2,$00,$80,$01,$00,$87,$A1				; $CE54 O.......
CE5C: 00800100
CE60: 91890063  			defb $00,$80,$01,$00,$91,$89,$00,$63				; $CE5C .......c
CE64: C60033CC
CE68: 0001E800  			defb $C6,$00,$33,$CC,$00,$01,$E8,$00				; $CE64 ..3.....
CE6C: 07FA000F
CE70: F5001FFA  			defb $07,$FA,$00,$0F,$F5,$00,$1F,$FA				; $CE6C ........
CE74: 801FF580
CE78: 3FFA403F  			defb $80,$1F,$F5,$80,$3F,$FA,$40,$3F				; $CE74 ....?.@?
CE7C: F5400000
CE80: 000BF500  			defb $F5,$40,$00,$00,$00,$0B,$F5,$00				; $CE7C .@......
CE84: 13F48020
CE88: 004021E8  			defb $13,$F4,$80,$20,$00,$40,$21,$E8				; $CE84 ... .@!.
CE8C: 40200040
CE90: 1264800C  			defb $40,$20,$00,$40,$12,$64,$80,$0C				; $CE8C @ .@.d..
CE94: F30006F6
CE98: 00007A00  			defb $F3,$00,$06,$F6,$00,$00,$7A,$00				; $CE94 ......z.
CE9C: 01FE8003
CEA0: FD4007FE  			defb $01,$FE,$80,$03,$FD,$40,$07,$FE				; $CE9C .....@..
CEA4: A007FD60
CEA8: 0FFE900F  			defb $A0,$07,$FD,$60,$0F,$FE,$90,$0F				; $CEA4 ...`....
CEAC: FD500000
CEB0: 0002FD40  			defb $FD,$50,$00,$00,$00,$02,$FD,$40				; $CEAC .P.....@
CEB4: 04FD2008
CEB8: 0010087A  			defb $04,$FD,$20,$08,$00,$10,$08,$7A				; $CEB4 .. ....z
CEBC: 10040020
CEC0: 025A4001  			defb $10,$04,$00,$20,$02,$5A,$40,$01				; $CEBC ... .Z@.
CEC4: BD8000FF
CEC8: 00001E80  			defb $BD,$80,$00,$FF,$00,$00,$1E,$80				; $CEC4 ........
CECC: 007FA000
CED0: FF5001FF  			defb $00,$7F,$A0,$00,$FF,$50,$01,$FF				; $CECC .....P..
CED4: A801FF58
CED8: 03FFA403  			defb $A8,$01,$FF,$58,$03,$FF,$A4,$03				; $CED4 ...X....
CEDC: FF540000
CEE0: 0000BF50  			defb $FF,$54,$00,$00,$00,$00,$BF,$50				; $CEDC .T.....P
CEE4: 013F4802
CEE8: 0004021E  			defb $01,$3F,$48,$02,$00,$04,$02,$1E				; $CEE4 .?H.....
CEEC: 84020004
CEF0: 01264800  			defb $84,$02,$00,$04,$01,$26,$48,$00				; $CEEC .....&H.
CEF4: CF30006F
CEF8: 6005A000  			defb $CF,$30,$00,$6F,$60,$05,$A0,$00				; $CEF4 .0.o`...
CEFC: 1DB8003D
CF00: B4007DBA  			defb $1D,$B8,$00,$3D,$B4,$00,$7D,$BA				; $CEFC ...=..}.
CF04: 007DBA00
CF08: FDB500FD  			defb $00,$7D,$BA,$00,$FD,$B5,$00,$FD				; $CF04 .}......
CF0C: BB0003C0
CF10: 003FFC00  			defb $BB,$00,$03,$C0,$00,$3F,$FC,$00				; $CF0C .....?..
CF14: 3FFC000E
CF18: 700055AA  			defb $3F,$FC,$00,$0E,$70,$00,$55,$AA				; $CF14 ?...p.U.
CF1C: 00BBDD00
CF20: BBDA00BB  			defb $00,$BB,$DD,$00,$BB,$DA,$00,$BB				; $CF1C ........
CF24: DD00518A
CF28: 00016800  			defb $DD,$00,$51,$8A,$00,$01,$68,$00				; $CF24 ..Q...h.
CF2C: 076E000F
CF30: 6D001F6E  			defb $07,$6E,$00,$0F,$6D,$00,$1F,$6E				; $CF2C .n..m..n
CF34: 801F6E80
CF38: 3F6D403F  			defb $80,$1F,$6E,$80,$3F,$6D,$40,$3F				; $CF34 ..n.?m@?
CF3C: 6EC000F0
CF40: 000FFF00  			defb $6E,$C0,$00,$F0,$00,$0F,$FF,$00				; $CF3C n.......
CF44: 0FFF0003
CF48: 9C00156A  			defb $0F,$FF,$00,$03,$9C,$00,$15,$6A				; $CF44 .......j
CF4C: 802EF740
CF50: 2EF6802E  			defb $80,$2E,$F7,$40,$2E,$F6,$80,$2E				; $CF4C ...@....
CF54: F7401462
CF58: 80005A00  			defb $F7,$40,$14,$62,$80,$00,$5A,$00				; $CF54 .@.b..Z.
CF5C: 01DB8003
CF60: DB4007DB  			defb $01,$DB,$80,$03,$DB,$40,$07,$DB				; $CF5C .....@..
CF64: A007DBA0
CF68: 0FDB500F  			defb $A0,$07,$DB,$A0,$0F,$DB,$50,$0F				; $CF64 ......P.
CF6C: DBB0003C
CF70: 0003FFC0  			defb $DB,$B0,$00,$3C,$00,$03,$FF,$C0				; $CF6C ...<....
CF74: 03FFC000
CF78: E700055A  			defb $03,$FF,$C0,$00,$E7,$00,$05,$5A				; $CF74 .......Z
CF7C: A00BBDD0
CF80: 0BBDA00B  			defb $A0,$0B,$BD,$D0,$0B,$BD,$A0,$0B				; $CF7C ........
CF84: BDD00518
CF88: A0001680  			defb $BD,$D0,$05,$18,$A0,$00,$16,$80				; $CF84 ........
CF8C: 0076E000
CF90: F6D001F6  			defb $00,$76,$E0,$00,$F6,$D0,$01,$F6				; $CF8C .v......
CF94: E801F6E8
CF98: 03F6D403  			defb $E8,$01,$F6,$E8,$03,$F6,$D4,$03				; $CF94 ........
CF9C: F6EC000F
CFA0: 0000FFF0  			defb $F6,$EC,$00,$0F,$00,$00,$FF,$F0				; $CF9C ........
CFA4: 00FFF000
CFA8: 39C00156  			defb $00,$FF,$F0,$00,$39,$C0,$01,$56				; $CFA4 ....9..V
CFAC: A802EF74
CFB0: 02EF6802  			defb $A8,$02,$EF,$74,$02,$EF,$68,$02				; $CFAC ...t..h.
CFB4: EF740146
CFB8: 28810200  			defb $EF,$74,$01,$46,$28,$81,$02,$00				; $CFB4 .t.F(...
CFBC: 6D6C004B
CFC0: A4001C70  			defb $6D,$6C,$00,$4B,$A4,$00,$1C,$70				; $CFBC ml.K...p
CFC4: 007FFC00
CFC8: 5EF4002D  			defb $00,$7F,$FC,$00,$5E,$F4,$00,$2D				; $CFC4 ....^..-
CFCC: 6800ED6E
CFD0: 002D6800  			defb $68,$00,$ED,$6E,$00,$2D,$68,$00				; $CFCC h..n.-h.
CFD4: 5EF4007F
CFD8: FC001C70  			defb $5E,$F4,$00,$7F,$FC,$00,$1C,$70				; $CFD4 ^......p
CFDC: 004BA400
CFE0: 6D6C0081  			defb $00,$4B,$A4,$00,$6D,$6C,$00,$81				; $CFDC .K..ml..
CFE4: 02000000
CFE8: 00204080  			defb $02,$00,$00,$00,$00,$20,$40,$80				; $CFE4 ..... @.
CFEC: 1B5B0012
CFF0: E900071C  			defb $1B,$5B,$00,$12,$E9,$00,$07,$1C				; $CFEC .[......
CFF4: 001FFF00
CFF8: 17BD000B  			defb $00,$1F,$FF,$00,$17,$BD,$00,$0B				; $CFF4 ........
CFFC: 5A003B5B
D000: 800B5A00  			defb $5A,$00,$3B,$5B,$80,$0B,$5A,$00				; $CFFC Z.;[..Z.
D004: 17BD001F
D008: FF00071C  			defb $17,$BD,$00,$1F,$FF,$00,$07,$1C				; $D004 ........
D00C: 0012E900
D010: 1B5B0020  			defb $00,$12,$E9,$00,$1B,$5B,$00,$20				; $D00C .....[. 
D014: 40800000
D018: 00081020  			defb $40,$80,$00,$00,$00,$08,$10,$20				; $D014 @...... 
D01C: 06D6C004
D020: BA4001C7  			defb $06,$D6,$C0,$04,$BA,$40,$01,$C7				; $D01C .....@..
D024: 0007FFC0
D028: 05EF4002  			defb $00,$07,$FF,$C0,$05,$EF,$40,$02				; $D024 ......@.
D02C: D6800ED6
D030: E002D680  			defb $D6,$80,$0E,$D6,$E0,$02,$D6,$80				; $D02C ........
D034: 05EF4007
D038: FFC001C7  			defb $05,$EF,$40,$07,$FF,$C0,$01,$C7				; $D034 ..@.....
D03C: 0004BA40
D040: 06D6C008  			defb $00,$04,$BA,$40,$06,$D6,$C0,$08				; $D03C ...@....
D044: 10200000
D048: 00020408  			defb $10,$20,$00,$00,$00,$02,$04,$08				; $D044 . ......
D04C: 01B5B001
D050: 2E900071  			defb $01,$B5,$B0,$01,$2E,$90,$00,$71				; $D04C .......q
D054: C001FFF0
D058: 017BD000  			defb $C0,$01,$FF,$F0,$01,$7B,$D0,$00				; $D054 .....{..
D05C: B5A003B5
D060: B800B5A0  			defb $B5,$A0,$03,$B5,$B8,$00,$B5,$A0				; $D05C ........
D064: 017BD001
D068: FFF00071  			defb $01,$7B,$D0,$01,$FF,$F0,$00,$71				; $D064 .{.....q
D06C: C0012E90
D070: 01B5B002  			defb $C0,$01,$2E,$90,$01,$B5,$B0,$02				; $D06C ........
D074: 04080000
D078: 00000000  			defb $04,$08,$00,$00,$00,$00,$00,$00				; $D074 ........
D07C: 00000000
D080: 00000000  			defb $00,$00,$00,$00,$00,$00,$00,$00				; $D07C ........
D084: 00000000
D088: 00000000  			defb $00,$00,$00,$00,$00,$00,$00,$00				; $D084 ........
D08C: 00000000
D090: 00000000  			defb $00,$00,$00,$00,$00,$00,$00,$00				; $D08C ........
D094: 00000000
D098: 00C193F5  			defb $00,$00,$00,$00,$00,$C1,$93,$F5				; $D094 ........
D09C: 8B39A393
D0A0: 86433E8E  			defb $8B,$39,$A3,$93,$86,$43,$3E,$8E				; $D09C .9...C>.
D0A4: 783C80F0
D0A8: C7C8CF1D  			defb $78,$3C,$80,$F0,$C7,$C8,$CF,$1D				; $D0A4 x<......
D0AC: DC4E9986
D0B0: 1A1B597B  			defb $DC,$4E,$99,$86,$1A,$1B,$59,$7B				; $D0AC .N....Y{
D0B4: 1CE18FC9
D0B8: A3C9A3E5  			defb $1C,$E1,$8F,$C9,$A3,$C9,$A3,$E5				; $D0B4 ........
D0BC: 9370C73A
D0C0: FE18389D  			defb $93,$70,$C7,$3A,$FE,$18,$38,$9D				; $D0BC .p.:..8.
D0C4: 021C40F8
D0C8: 1FE4BB0E  			defb $02,$1C,$40,$F8,$1F,$E4,$BB,$0E				; $D0C4 ..@.....
D0CC: 3026324B
D0D0: 1C1BAE39  			defb $30,$26,$32,$4B,$1C,$1B,$AE,$39				; $D0CC 0&2K...9
D0D4: 86F1A3C5
D0D8: 83C5A3F1  			defb $86,$F1,$A3,$C5,$83,$C5,$A3,$F1				; $D0D4 ........
D0DC: 8738DE5A
D0E0: D8986259  			defb $87,$38,$DE,$5A,$D8,$98,$62,$59				; $D0DC .8.Z..bY
D0E4: 703BB8F3
D0E8: 13E30F01  			defb $70,$3B,$B8,$F3,$13,$E3,$0F,$01				; $D0E4 p;......
D0EC: 3C9E707C
D0F0: C261C8C9  			defb $3C,$9E,$70,$7C,$C2,$61,$C8,$C9				; $D0EC <.p|.a..
D0F4: 9CD18FC5
D0F8: A3C5A3D1  			defb $9C,$D1,$8F,$C5,$A3,$C5,$A3,$D1				; $D0F4 ........
D0FC: 8F619C75
D100: D938D24C  			defb $8F,$61,$9C,$75,$D9,$38,$D2,$4C				; $D0FC .a.u.8.L
D104: 610C70DC
D108: 27F81F02  			defb $61,$0C,$70,$DC,$27,$F8,$1F,$02				; $D104 a.p.'...
D10C: 3840BA1C
D110: 187F5CE3  			defb $38,$40,$BA,$1C,$18,$7F,$5C,$E3				; $D10C 8@....\.
D114: 0EC1A7C9
D118: 83C183E5  			defb $0E,$C1,$A7,$C9,$83,$C1,$83,$E5				; $D114 ........
D11C: 8F7B1C1B
D120: 5986184E  			defb $8F,$7B,$1C,$1B,$59,$86,$18,$4E				; $D11C .{..Y..N
D124: 991DDCC8
D128: CFF0C73C  			defb $99,$1D,$DC,$C8,$CF,$F0,$C7,$3C				; $D124 .......<
D12C: 808E7943
D130: 3E938639  			defb $80,$8E,$79,$43,$3E,$93,$86,$39				; $D12C ..yC>..9
D134: 93F1ABC1
D138: 83000100  			defb $93,$F1,$AB,$C1,$83,$00,$01,$00				; $D134 ........
D13C: 01000300
D140: 06000600  			defb $01,$00,$03,$00,$06,$00,$06,$00				; $D13C ........
D144: 00001D00
D148: 1D000000  			defb $00,$00,$1D,$00,$1D,$00,$00,$00				; $D144 ........
D14C: 3B007700
D150: 77187700  			defb $3B,$00,$77,$00,$77,$18,$77,$00				; $D14C ;.w.w.w.
D154: 7734777A
D158: 3B0000B6  			defb $77,$34,$77,$7A,$3B,$00,$00,$B6				; $D154 w4wz;...
D15C: AA7FFDEF
D160: FEFFAA00  			defb $AA,$7F,$FD,$EF,$FE,$FF,$AA,$00				; $D15C ........
D164: 00DFFFFF
D168: FF0000BF  			defb $00,$DF,$FF,$FF,$FF,$00,$00,$BF				; $D164 ........
D16C: F5FFFE7F
D170: FDFFFEFF  			defb $F5,$FF,$FE,$7F,$FD,$FF,$FE,$FF				; $D16C ........
D174: FD7FFADF
D178: 55800080  			defb $FD,$7F,$FA,$DF,$55,$80,$00,$80				; $D174 ....U...
D17C: 00400020
D180: 00A00000  			defb $00,$40,$00,$20,$00,$A0,$00,$00				; $D17C .@. ....
D184: 004800A8
D188: 00000054  			defb $00,$48,$00,$A8,$00,$00,$00,$54				; $D184 .H.....T
D18C: 00AA0054
D190: 00AA1854  			defb $00,$AA,$00,$54,$00,$AA,$18,$54				; $D18C ...T...T
D194: 00AA3454
D198: 7A00006D  			defb $00,$AA,$34,$54,$7A,$00,$00,$6D				; $D194 ..4Tz..m
D19C: FADFFDDB
D1A0: FADFFDDB  			defb $FA,$DF,$FD,$DB,$FA,$DF,$FD,$DB				; $D19C ........
D1A4: FADFFDDB
D1A8: FADFFDDB  			defb $FA,$DF,$FD,$DB,$FA,$DF,$FD,$DB				; $D1A4 ........
D1AC: FADFFDDB
D1B0: FADFFDDB  			defb $FA,$DF,$FD,$DB,$FA,$DF,$FD,$DB				; $D1AC ........
D1B4: FADFF56D
D1B8: AA300836  			defb $FA,$DF,$F5,$6D,$AA,$30,$08,$36				; $D1B4 ...m.0.6
D1BC: 64344834
D1C0: 44300836  			defb $64,$34,$48,$34,$44,$30,$08,$36				; $D1BC d4H4D0.6
D1C4: 64344834
D1C8: 44300836  			defb $64,$34,$48,$34,$44,$30,$08,$36				; $D1C4 d4H4D0.6
D1CC: 64344834
D1D0: 44300836  			defb $64,$34,$48,$34,$44,$30,$08,$36				; $D1CC d4H4D0.6
D1D4: 64344834
D1D8: 446DFADF  			defb $64,$34,$48,$34,$44,$6D,$FA,$DF				; $D1D4 d4H4Dm..
D1DC: FDDBFADF
D1E0: FDDBFADF  			defb $FD,$DB,$FA,$DF,$FD,$DB,$FA,$DF				; $D1DC ........
D1E4: FDDBFADF
D1E8: FDDBFADF  			defb $FD,$DB,$FA,$DF,$FD,$DB,$FA,$DF				; $D1E4 ........
D1EC: FDDBFADF
D1F0: FDDBFADF  			defb $FD,$DB,$FA,$DF,$FD,$DB,$FA,$DF				; $D1EC ........
D1F4: F56DAA00
D1F8: 00800040  			defb $F5,$6D,$AA,$00,$00,$80,$00,$40				; $D1F4 .m.....@
D1FC: 00400020
D200: C0202020  			defb $00,$40,$00,$20,$C0,$20,$20,$20				; $D1FC .@. .   
D204: 10600060
D208: 0F603060  			defb $10,$60,$00,$60,$0F,$60,$30,$60				; $D204 .`.`.`0`
D20C: 66C0C6C0
D210: C6C183C5  			defb $66,$C0,$C6,$C0,$C6,$C1,$83,$C5				; $D20C f.......
D214: A3D18BC1
D218: 83000000  			defb $A3,$D1,$8B,$C1,$83,$00,$00,$00				; $D214 ........
D21C: 00000000
D220: 00000000  			defb $00,$00,$00,$00,$00,$00,$00,$00				; $D21C ........
D224: 00000000
D228: 00000000  			defb $00,$00,$00,$00,$00,$00,$00,$00				; $D224 ........
D22C: 18080410
D230: 02622261  			defb $18,$08,$04,$10,$02,$62,$22,$61				; $D22C .....b"a
D234: 03C993C1
D238: 83800080  			defb $03,$C9,$93,$C1,$83,$80,$00,$80				; $D234 ........
D23C: 00800040
D240: 00400060  			defb $00,$80,$00,$40,$00,$40,$00,$60				; $D23C ...@.@.`
D244: E027800C
D248: 00180030  			defb $E0,$27,$80,$0C,$00,$18,$00,$30				; $D244 .'.....0
D24C: 00360863
D250: 046B06C1  			defb $00,$36,$08,$63,$04,$6B,$06,$C1				; $D24C .6.c.k..
D254: A3D593C1
D258: 83000000  			defb $A3,$D5,$93,$C1,$83,$00,$00,$00				; $D254 ........
D25C: 00000000
D260: 00000000  			defb $00,$00,$00,$00,$00,$00,$00,$00				; $D25C ........
D264: 00000000
D268: 00000000  			defb $00,$00,$00,$00,$00,$00,$00,$00				; $D264 ........
D26C: 00000000
D270: 01088185  			defb $00,$00,$00,$00,$01,$08,$81,$85				; $D26C ........
D274: 129103C1
D278: A3000600  			defb $12,$91,$03,$C1,$A3,$00,$06,$00				; $D274 ........
D27C: 3E007C01
D280: BE03BC07  			defb $3E,$00,$7C,$01,$BE,$03,$BC,$07				; $D27C >.|.....
D284: DE07DC0F
D288: EA0FEC17  			defb $DE,$07,$DC,$0F,$EA,$0F,$EC,$17				; $D284 ........
D28C: F219F43E
D290: FA3F3A7F  			defb $F2,$19,$F4,$3E,$FA,$3F,$3A,$7F				; $D28C ...>.?:.
D294: DC7FE400
D298: 0060007C  			defb $DC,$7F,$E4,$00,$00,$60,$00,$7C				; $D294 .....`.|
D29C: 007E007D
D2A0: 807D407B  			defb $00,$7E,$00,$7D,$80,$7D,$40,$7B				; $D29C .~.}.}@{
D2A4: A07BE077
D2A8: D077F06F  			defb $A0,$7B,$E0,$77,$D0,$77,$F0,$6F				; $D2A4 .{.w.w.o
D2AC: E86F985F
D2B0: 745CF43B  			defb $E8,$6F,$98,$5F,$74,$5C,$F4,$3B				; $D2AC .o._t\.;
D2B4: FA27EA00
D2B8: 000000FF  			defb $FA,$27,$EA,$00,$00,$00,$00,$FF				; $D2B4 .'......
D2BC: F8FFE67F
D2C0: 9C7E7C79  			defb $F8,$FF,$E6,$7F,$9C,$7E,$7C,$79				; $D2BC .....~|y
D2C4: FA27F61F
D2C8: F417EE0B  			defb $FA,$27,$F6,$1F,$F4,$17,$EE,$0B				; $D2C4 .'......
D2CC: DC06DA01
D2D0: FC006600  			defb $DC,$06,$DA,$01,$FC,$00,$66,$00				; $D2CC ......f.
D2D4: 18000600
D2D8: 0000001F  			defb $18,$00,$06,$00,$00,$00,$00,$1F				; $D2D4 ........
D2DC: FF67FF39
D2E0: FE3E7E5F  			defb $FF,$67,$FF,$39,$FE,$3E,$7E,$5F				; $D2DC .g.9.>~_
D2E4: 9E6FE46F
D2E8: F877E87B  			defb $9E,$6F,$E4,$6F,$F8,$77,$E8,$7B				; $D2E4 .o.o.w.{
D2EC: D07B603D
D2F0: 80660018  			defb $D0,$7B,$60,$3D,$80,$66,$00,$18				; $D2EC .{`=.f..
D2F4: 00600000
D2F8: 000000FF  			defb $00,$60,$00,$00,$00,$00,$00,$FF				; $D2F4 .`......
D2FC: FF555500
D300: 00FFFFBF  			defb $FF,$55,$55,$00,$00,$FF,$FF,$BF				; $D2FC .UU.....
D304: FDE007E5
D308: 57E2AFE5  			defb $FD,$E0,$07,$E5,$57,$E2,$AF,$E5				; $D304 ....W...
D30C: 57BFFDFF
D310: FF0000FF  			defb $57,$BF,$FD,$FF,$FF,$00,$00,$FF				; $D30C W.......
D314: FF555500
D318: 004FF46B  			defb $FF,$55,$55,$00,$00,$4F,$F4,$6B				; $D314 .UU..O.k
D31C: D64FF46C
D320: 364C346D  			defb $D6,$4F,$F4,$6C,$36,$4C,$34,$6D				; $D31C .O.l6L4m
D324: 764CB46D
D328: 764CB46D  			defb $76,$4C,$B4,$6D,$76,$4C,$B4,$6D				; $D324 vL.mvL.m
D32C: 764CB46D
D330: 764CB46F  			defb $76,$4C,$B4,$6D,$76,$4C,$B4,$6F				; $D32C vL.mvL.o
D334: F64BD46F
D338: F607801F  			defb $F6,$4B,$D4,$6F,$F6,$07,$80,$1F				; $D334 .K.o....
D33C: 7F3F7F7F
D340: 6F7F7FFF  			defb $7F,$3F,$7F,$7F,$6F,$7F,$7F,$FF				; $D33C .?..o...
D344: 7FFF7FFF
D348: 7FFF7FFF  			defb $7F,$FF,$7F,$FF,$7F,$FF,$7F,$FF				; $D344 ........
D34C: 7FFF7F7F
D350: 7F7F6F3F  			defb $7F,$FF,$7F,$7F,$7F,$7F,$6F,$3F				; $D34C ......o?
D354: 2A1F5507
D358: 8001E0FA  			defb $2A,$1F,$55,$07,$80,$01,$E0,$FA				; $D354 *.U.....
D35C: F8FCFCEA
D360: FEFCFEFA  			defb $F8,$FC,$FC,$EA,$FE,$FC,$FE,$FA				; $D35C ........
D364: FDF4FEFA
D368: FDF4FEFA  			defb $FD,$F4,$FE,$FA,$FD,$F4,$FE,$FA				; $D364 ........
D36C: FDF4FDEA
D370: F654EAAA  			defb $FD,$F4,$FD,$EA,$F6,$54,$EA,$AA				; $D36C .....T..
D374: F454C801
D378: A0000000  			defb $F4,$54,$C8,$01,$A0,$00,$00,$00				; $D374 .T......
D37C: 00000000
D380: 00418207  			defb $00,$00,$00,$00,$00,$41,$82,$07				; $D37C .....A..
D384: E060066F
D388: F66FF660  			defb $E0,$60,$06,$6F,$F6,$6F,$F6,$60				; $D384 .`.o.o.`
D38C: 0607E041
D390: 82000000  			defb $06,$07,$E0,$41,$82,$00,$00,$00				; $D38C ...A....
D394: 00000000
D398: 0007E01F  			defb $00,$00,$00,$00,$00,$07,$E0,$1F				; $D394 ........
D39C: F83C3C70
D3A0: 0E0C30EA  			defb $F8,$3C,$3C,$70,$0E,$0C,$30,$EA				; $D39C .<<p..0.
D3A4: 57C6E2C1
D3A8: C3C382C7  			defb $57,$C6,$E2,$C1,$C3,$C3,$82,$C7				; $D3A4 W.......
D3AC: 63EA570C
D3B0: 30700E3C  			defb $63,$EA,$57,$0C,$30,$70,$0E,$3C				; $D3AC c.W.0p.<
D3B4: 341FE806
D3B8: A0000000  			defb $34,$1F,$E8,$06,$A0,$00,$00,$00				; $D3B4 4.......
D3BC: FE010202
D3C0: 787A7A4B  			defb $FE,$01,$02,$02,$78,$7A,$7A,$4B				; $D3BC ....xzzK
D3C4: 0073FE73
D3C8: FC73FA6B  			defb $00,$73,$FE,$73,$FC,$73,$FA,$6B				; $D3C4 .s.s.s.k
D3CC: D443026A
D3D0: 78027A01  			defb $D4,$43,$02,$6A,$78,$02,$7A,$01				; $D3CC .C.jx.z.
D3D4: 0000AA00
D3D8: 000000FF  			defb $00,$00,$AA,$00,$00,$00,$00,$FF				; $D3D4 ........
D3DC: FF000033
D3E0: 330000FF  			defb $FF,$00,$00,$33,$33,$00,$00,$FF				; $D3DC ...33...
D3E4: FFFFFFFF
D3E8: FFFFFFAA  			defb $FF,$FF,$FF,$FF,$FF,$FF,$FF,$AA				; $D3E4 ........
D3EC: AA555500
D3F0: 00333300  			defb $AA,$55,$55,$00,$00,$33,$33,$00				; $D3EC .UU..33.
D3F4: 00AAAA00
D3F8: 0000007F  			defb $00,$AA,$AA,$00,$00,$00,$00,$7F				; $D3F4 ........
D3FC: 0040805E
D400: 405E5E40  			defb $00,$40,$80,$5E,$40,$5E,$5E,$40				; $D3FC .@.^@^^@
D404: D27E9C7F
D408: 5A7E9C75  			defb $D2,$7E,$9C,$7F,$5A,$7E,$9C,$75				; $D404 .~..Z~.u
D40C: 5A40905E
D410: 5A5E4040  			defb $5A,$40,$90,$5E,$5A,$5E,$40,$40				; $D40C Z@.^Z^@@
D414: 80550000
D418: 000FD02F  			defb $80,$55,$00,$00,$00,$0F,$D0,$2F				; $D414 .U...../
D41C: E42FD42F
D420: E40FD000  			defb $E4,$2F,$D4,$2F,$E4,$0F,$D0,$00				; $D41C ././....
D424: 0007A007
D428: C007A000  			defb $00,$07,$A0,$07,$C0,$07,$A0,$00				; $D424 ........
D42C: 00018001
D430: 80000003  			defb $00,$01,$80,$01,$80,$00,$00,$03				; $D42C ........
D434: 40038003
D438: 400FD06F  			defb $40,$03,$80,$03,$40,$0F,$D0,$6F				; $D434 @...@..o
D43C: E66FD66F
D440: E60FD000  			defb $E6,$6F,$D6,$6F,$E6,$0F,$D0,$00				; $D43C .o.o....
D444: 0007A007
D448: C007A000  			defb $00,$07,$A0,$07,$C0,$07,$A0,$00				; $D444 ........
D44C: 00018000
D450: 00034003  			defb $00,$01,$80,$00,$00,$03,$40,$03				; $D44C ......@.
D454: 80034000
D458: 000FD0EF  			defb $80,$03,$40,$00,$00,$0F,$D0,$EF				; $D454 ..@.....
D45C: E7EFD7EF
D460: E70FD000  			defb $E7,$EF,$D7,$EF,$E7,$0F,$D0,$00				; $D45C ........
D464: 0007A007
D468: C007A000  			defb $00,$07,$A0,$07,$C0,$07,$A0,$00				; $D464 ........
D46C: 00000003
D470: 40038003  			defb $00,$00,$00,$03,$40,$03,$80,$03				; $D46C ....@...
D474: 40000000
D478: 00034003  			defb $40,$00,$00,$00,$00,$03,$40,$03				; $D474 @.....@.
D47C: 80034000
D480: 00018001  			defb $80,$03,$40,$00,$00,$01,$80,$01				; $D47C ..@.....
D484: 80000007
D488: A007C007  			defb $80,$00,$00,$07,$A0,$07,$C0,$07				; $D484 ........
D48C: A000000F
D490: D02FE42F  			defb $A0,$00,$00,$0F,$D0,$2F,$E4,$2F				; $D48C ....././
D494: D42FE40F
D498: D0000003  			defb $D4,$2F,$E4,$0F,$D0,$00,$00,$03				; $D494 ./......
D49C: 40038003
D4A0: 40000001  			defb $40,$03,$80,$03,$40,$00,$00,$01				; $D49C @...@...
D4A4: 80000007
D4A8: A007C007  			defb $80,$00,$00,$07,$A0,$07,$C0,$07				; $D4A4 ........
D4AC: A000000F
D4B0: D06FE66F  			defb $A0,$00,$00,$0F,$D0,$6F,$E6,$6F				; $D4AC .....o.o
D4B4: D66FE60F
D4B8: D0000000  			defb $D6,$6F,$E6,$0F,$D0,$00,$00,$00				; $D4B4 .o......
D4BC: 00034003
D4C0: 80034000  			defb $00,$03,$40,$03,$80,$03,$40,$00				; $D4BC ..@...@.
D4C4: 00000007
D4C8: A007C007  			defb $00,$00,$00,$07,$A0,$07,$C0,$07				; $D4C4 ........
D4CC: A000000F
D4D0: D0EFE7EF  			defb $A0,$00,$00,$0F,$D0,$EF,$E7,$EF				; $D4CC ........
D4D4: D7EFE70F
D4D8: D001E002  			defb $D7,$EF,$E7,$0F,$D0,$01,$E0,$02				; $D4D4 ........
D4DC: D00F701F
D4E0: 641C5233  			defb $D0,$0F,$70,$1F,$64,$1C,$52,$33				; $D4DC ..p.d.R3
D4E4: D231A164
D4E8: 01640144  			defb $D2,$31,$A1,$64,$01,$64,$01,$44				; $D4E4 .1.d.d.D
D4EC: 01420243
D4F0: 02818600  			defb $01,$42,$02,$43,$02,$81,$86,$00				; $D4EC .B.C....
D4F4: CC005800
D4F8: 38000100  			defb $CC,$00,$58,$00,$38,$00,$01,$00				; $D4F4 ..X.8...
D4FC: 01000200
D500: 0C007817  			defb $01,$00,$02,$00,$0C,$00,$78,$17				; $D4FC ......x.
D504: C0310039
D508: 0014002A  			defb $C0,$31,$00,$39,$00,$14,$00,$2A				; $D504 .1.9...*
D50C: 00140001
D510: 00108008  			defb $00,$14,$00,$01,$00,$10,$80,$08				; $D50C ........
D514: 80088004
D518: 40006800  			defb $80,$08,$80,$04,$40,$00,$68,$00				; $D514 ....@.h.
D51C: 5000E000
D520: D001E001  			defb $50,$00,$E0,$00,$D0,$01,$E0,$01				; $D51C P.......
D524: D002A803
D528: 5107AB07  			defb $D0,$02,$A8,$03,$51,$07,$AB,$07				; $D524 ....Q...
D52C: D30BE91D
D530: D51DA83A  			defb $D3,$0B,$E9,$1D,$D5,$1D,$A8,$3A				; $D52C .......:
D534: EB66D7C1
D538: 03044004  			defb $EB,$66,$D7,$C1,$03,$04,$40,$04				; $D534 .f....@.
D53C: 400C4008
D540: 80198033  			defb $40,$0C,$40,$08,$80,$19,$80,$33				; $D53C @.@....3
D544: 00C600AA
D548: 00D400A8  			defb $00,$C6,$00,$AA,$00,$D4,$00,$A8				; $D544 ........
D54C: 00DA00A7
D550: 009D003E  			defb $00,$DA,$00,$A7,$00,$9D,$00,$3E				; $D54C .......>
D554: 80C32078
D558: 55065A19  			defb $80,$C3,$20,$78,$55,$06,$5A,$19				; $D554 .. xU.Z.
D55C: 6D216D41
D560: 6D436D86  			defb $6D,$21,$6D,$41,$6D,$43,$6D,$86				; $D55C m!mAmCm.
D564: EDDDDD73
D568: DB0F3BFC  			defb $ED,$DD,$DD,$73,$DB,$0F,$3B,$FC				; $D564 ...s..;.
D56C: F763EE1F
D570: 9EFC7D33  			defb $F7,$63,$EE,$1F,$9E,$FC,$7D,$33				; $D56C .c....}3
D574: FB8FE77F
D578: 1E000000  			defb $FB,$8F,$E7,$7F,$1E,$00,$00,$00				; $D574 ........
D57C: 008000A0
D580: 00A000A0  			defb $00,$80,$00,$A0,$00,$A0,$00,$A0				; $D57C ........
D584: 00B000B0
D588: 00700068  			defb $00,$B0,$00,$B0,$00,$70,$00,$68				; $D584 .....p.h
D58C: 006800E8
D590: 00D000D8  			defb $00,$68,$00,$E8,$00,$D0,$00,$D8				; $D58C .h......
D594: 003000D0
D598: 0000FD1F  			defb $00,$30,$00,$D0,$00,$00,$FD,$1F				; $D594 .0......
D59C: E3079F00
D5A0: 74000300  			defb $E3,$07,$9F,$00,$74,$00,$03,$00				; $D59C ....t...
D5A4: 3F003F00
D5A8: 1E000F00  			defb $3F,$00,$3F,$00,$1E,$00,$0F,$00				; $D5A4 ?.?.....
D5AC: 00001F00
D5B0: 1F000F00  			defb $00,$00,$1F,$00,$1F,$00,$0F,$00				; $D5AC ........
D5B4: 73017CDF
D5B8: ADA00040  			defb $73,$01,$7C,$DF,$AD,$A0,$00,$40				; $D5B4 s.|....@
D5BC: 00800040
D5C0: 00800040  			defb $00,$80,$00,$40,$00,$80,$00,$40				; $D5BC ...@...@
D5C4: 00800080
D5C8: 0021F0D3  			defb $00,$80,$00,$80,$00,$21,$F0,$D3				; $D5C4 .....!..
D5CC: 0CA386D5
D5D0: FCA2D095  			defb $0C,$A3,$86,$D5,$FC,$A2,$D0,$95				; $D5CC ........
D5D4: 202AC855
D5D8: B77BFFFD  			defb $20,$2A,$C8,$55,$B7,$7B,$FF,$FD				; $D5D4  *.U.{..
D5DC: BFFEFFFF
D5E0: 7FFFB7FF  			defb $BF,$FE,$FF,$FF,$7F,$FF,$B7,$FF				; $D5DC ........
D5E4: DF7FEF00
D5E8: 077FAAFF  			defb $DF,$7F,$EF,$00,$07,$7F,$AA,$FF				; $D5E4 ........
D5EC: F5FFFA7F
D5F0: F477FA3B  			defb $F5,$FF,$FA,$7F,$F4,$77,$FA,$3B				; $D5EC .....w.;
D5F4: F41CD807
D5F8: E0F154D8  			defb $F4,$1C,$D8,$07,$E0,$F1,$54,$D8				; $D5F4 ......T.
D5FC: AAFC55FE
D600: 2AFB15FF  			defb $AA,$FC,$55,$FE,$2A,$FB,$15,$FF				; $D5FC ..U.*...
D604: 8A81C460
D608: E0C07090  			defb $8A,$81,$C4,$60,$E0,$C0,$70,$90				; $D604 ...`..p.
D60C: 38385C78
D610: EE35670E  			defb $38,$38,$5C,$78,$EE,$35,$67,$0E				; $D60C 88\x.5g.
D614: A20F400F
D618: A017D03B  			defb $A2,$0F,$40,$0F,$A0,$17,$D0,$3B				; $D614 ..@....;
D61C: D01DE800
D620: D8003400  			defb $D0,$1D,$E8,$00,$D8,$00,$34,$00				; $D61C ......4.
D624: 0E000600
D628: 01000000  			defb $0E,$00,$06,$00,$01,$00,$00,$00				; $D624 ........
D62C: 00000000
D630: 00000000  			defb $00,$00,$00,$00,$00,$00,$00,$00				; $D62C ........
D634: 00000000
D638: 00FFFE80  			defb $00,$00,$00,$00,$00,$FF,$FE,$80				; $D634 ........
D63C: 00BBBAA2
D640: 20A22280  			defb $00,$BB,$BA,$A2,$20,$A2,$22,$80				; $D63C .... .".
D644: 00BBBAA2
D648: 20A22280  			defb $00,$BB,$BA,$A2,$20,$A2,$22,$80				; $D644 .... .".
D64C: 00BBBAA2
D650: 20A22280  			defb $00,$BB,$BA,$A2,$20,$A2,$22,$80				; $D64C .... .".
D654: 00AAAA00
D658: 00FFFE80  			defb $00,$AA,$AA,$00,$00,$FF,$FE,$80				; $D654 ........
D65C: 00BFFAA0
D660: 00AAAAA5  			defb $00,$BF,$FA,$A0,$00,$AA,$AA,$A5				; $D65C ........
D664: 50AAAAA5
D668: 50AAAAA5  			defb $50,$AA,$AA,$A5,$50,$AA,$AA,$A5				; $D664 P...P...
D66C: 50AAAAA5
D670: 50AAAA80  			defb $50,$AA,$AA,$A5,$50,$AA,$AA,$80				; $D66C P...P...
D674: 00AAAA00
D678: 00DFAD01  			defb $00,$AA,$AA,$00,$00,$DF,$AD,$01				; $D674 ........
D67C: 7C007300
D680: 0F001F00  			defb $7C,$00,$73,$00,$0F,$00,$1F,$00				; $D67C |.s.....
D684: 1F000000
D688: 0F001E00  			defb $1F,$00,$00,$00,$0F,$00,$1E,$00				; $D684 ........
D68C: 3F003F00
D690: 03007407  			defb $3F,$00,$3F,$00,$03,$00,$74,$07				; $D68C ?.?...t.
D694: 9F1FE300
D698: FD55B72A  			defb $9F,$1F,$E3,$00,$FD,$55,$B7,$2A				; $D694 .....U.*
D69C: C89520A2
D6A0: D0D5FCA3  			defb $C8,$95,$20,$A2,$D0,$D5,$FC,$A3				; $D69C .. .....
D6A4: 86D30C21
D6A8: F0800080  			defb $86,$D3,$0C,$21,$F0,$80,$00,$80				; $D6A4 ...!....
D6AC: 00400080
D6B0: 00400080  			defb $00,$40,$00,$80,$00,$40,$00,$80				; $D6AC .@...@..
D6B4: 004000A0
D6B8: 007F1E8F  			defb $00,$40,$00,$A0,$00,$7F,$1E,$8F				; $D6B4 .@......
D6BC: E733FBFC
D6C0: 7D1F9E63  			defb $E7,$33,$FB,$FC,$7D,$1F,$9E,$63				; $D6BC .3..}..c
D6C4: EEFCF70F
D6C8: 3B73DBDD  			defb $EE,$FC,$F7,$0F,$3B,$73,$DB,$DD				; $D6C4 ....;s..
D6CC: DD86ED43
D6D0: 6D416D21  			defb $DD,$86,$ED,$43,$6D,$41,$6D,$21				; $D6CC ...CmAm!
D6D4: 6D196D06
D6D8: 5AD00030  			defb $6D,$19,$6D,$06,$5A,$D0,$00,$30				; $D6D4 m.m.Z..0
D6DC: 00D800D0
D6E0: 00E80068  			defb $00,$D8,$00,$D0,$00,$E8,$00,$68				; $D6DC .......h
D6E4: 00680070
D6E8: 00B000B0  			defb $00,$68,$00,$70,$00,$B0,$00,$B0				; $D6E4 .h.p....
D6EC: 00A000A0
D6F0: 00A00080  			defb $00,$A0,$00,$A0,$00,$A0,$00,$80				; $D6EC ........
D6F4: 00000000
D6F8: 00C183D1  			defb $00,$00,$00,$00,$00,$C1,$83,$D1				; $D6F4 ........
D6FC: 8BC5A3C1
D700: 83C0C6C0  			defb $8B,$C5,$A3,$C1,$83,$C0,$C6,$C0				; $D6FC ........
D704: C6606660
D708: 30600F60  			defb $C6,$60,$66,$60,$30,$60,$0F,$60				; $D704 .`f`0`.`
D70C: 00201020
D710: 2020C040  			defb $00,$20,$10,$20,$20,$20,$C0,$40				; $D70C . .   .@
D714: 00400080
D718: 00C183C9  			defb $00,$40,$00,$80,$00,$C1,$83,$C9				; $D714 .@......
D71C: 93610362
D720: 22100208  			defb $93,$61,$03,$62,$22,$10,$02,$08				; $D71C .a.b"...
D724: 04001800
D728: 00000000  			defb $04,$00,$18,$00,$00,$00,$00,$00				; $D724 ........
D72C: 00000000
D730: 00000000  			defb $00,$00,$00,$00,$00,$00,$00,$00				; $D72C ........
D734: 00000000
D738: 00C183D5  			defb $00,$00,$00,$00,$00,$C1,$83,$D5				; $D734 ........
D73C: 93C1A36B
D740: 06630436  			defb $93,$C1,$A3,$6B,$06,$63,$04,$36				; $D73C ...k.c.6
D744: 08300018
D748: 000C0027  			defb $08,$30,$00,$18,$00,$0C,$00,$27				; $D744 .0.....'
D74C: 8060E040
D750: 00400080  			defb $80,$60,$E0,$40,$00,$40,$00,$80				; $D74C .`.@.@..
D754: 00800080
D758: 00C1A391  			defb $00,$80,$00,$80,$00,$C1,$A3,$91				; $D754 ........
D75C: 03851208
D760: 81000100  			defb $03,$85,$12,$08,$81,$00,$01,$00				; $D75C ........
D764: 00000000
D768: 00000000  			defb $00,$00,$00,$00,$00,$00,$00,$00				; $D764 ........
D76C: 00000000
D770: 00000000  			defb $00,$00,$00,$00,$00,$00,$00,$00				; $D76C ........
D774: 00000000
D778: 00000000  			defb $00,$00,$00,$00,$00,$00,$00,$00				; $D774 ........
D77C: 00000063
D780: 8EE6DB66  			defb $00,$00,$00,$63,$8E,$E6,$DB,$66				; $D77C ...c...f
D784: DB66DB66
D788: DB66DB66  			defb $DB,$66,$DB,$66,$DB,$66,$DB,$66				; $D784 .f.f.f.f
D78C: DB66DB66
D790: DBF38E00  			defb $DB,$66,$DB,$66,$DB,$F3,$8E,$00				; $D78C .f.f....
D794: 00000000
D798: 00000000  			defb $00,$00,$00,$00,$00,$00,$00,$00				; $D794 ........
D79C: 00000063
D7A0: CEF31BB3  			defb $00,$00,$00,$63,$CE,$F3,$1B,$B3				; $D79C ...c....
D7A4: 1B331B33
D7A8: 9B60DBC0  			defb $1B,$33,$1B,$33,$9B,$60,$DB,$C0				; $D7A4 .3.3.`..
D7AC: DBC0DBC2
D7B0: DBF18E00  			defb $DB,$C0,$DB,$C2,$DB,$F1,$8E,$00				; $D7AC ........
D7B4: 00000000
D7B8: 00000000  			defb $00,$00,$00,$00,$00,$00,$00,$00				; $D7B4 ........
D7BC: 000000F3
D7C0: 8EC6DBC6  			defb $00,$00,$00,$F3,$8E,$C6,$DB,$C6				; $D7BC ........
D7C4: DBC6DBE6
D7C8: DB36DB36  			defb $DB,$C6,$DB,$E6,$DB,$36,$DB,$36				; $D7C4 .....6.6
D7CC: DB36DBB6
D7D0: DBE38E00  			defb $DB,$36,$DB,$B6,$DB,$E3,$8E,$00				; $D7CC .6......
D7D4: 00000000
D7D8: 006FDA6F  			defb $00,$00,$00,$00,$00,$6F,$DA,$6F				; $D7D4 .....o.o
D7DC: F46FDA6F
D7E0: F46FDA6F  			defb $F4,$6F,$DA,$6F,$F4,$6F,$DA,$6F				; $D7DC .o.o.o.o
D7E4: F46FDA6F
D7E8: F46FDA6F  			defb $F4,$6F,$DA,$6F,$F4,$6F,$DA,$6F				; $D7E4 .o.o.o.o
D7EC: F46FDA6F
D7F0: F46FDA6F  			defb $F4,$6F,$DA,$6F,$F4,$6F,$DA,$6F				; $D7EC .o.o.o.o
D7F4: F46FDA6F
D7F8: F48001D5  			defb $F4,$6F,$DA,$6F,$F4,$80,$01,$D5				; $D7F4 .o.o....
D7FC: 55DAAB00
D800: 006D5A6E  			defb $55,$DA,$AB,$00,$00,$6D,$5A,$6E				; $D7FC U....mZn
D804: B46F5A6E
D808: B46F5A6F  			defb $B4,$6F,$5A,$6E,$B4,$6F,$5A,$6F				; $D804 .oZn.oZo
D80C: B46F5A6F
D810: B46FDA6F  			defb $B4,$6F,$5A,$6F,$B4,$6F,$DA,$6F				; $D80C .oZo.o.o
D814: B46FDA6F
D818: F46FF46F  			defb $B4,$6F,$DA,$6F,$F4,$6F,$F4,$6F				; $D814 .o.o.o.o
D81C: DA6FB46F
D820: DA6FB46F  			defb $DA,$6F,$B4,$6F,$DA,$6F,$B4,$6F				; $D81C .o.o.o.o
D824: 5A6FB46F
D828: 5A6EB46F  			defb $5A,$6F,$B4,$6F,$5A,$6E,$B4,$6F				; $D824 Zo.oZn.o
D82C: 5A6EB46D
D830: 5A0000DA  			defb $5A,$6E,$B4,$6D,$5A,$00,$00,$DA				; $D82C Zn.mZ...
D834: ABD55580
D838: 0135547F  			defb $AB,$D5,$55,$80,$01,$35,$54,$7F				; $D834 ..U..5T.
D83C: EA0000DC
D840: E7DCE7DC  			defb $EA,$00,$00,$DC,$E7,$DC,$E7,$DC				; $D83C ........
D844: E700006F
D848: EA6FF600  			defb $E7,$00,$00,$6F,$EA,$6F,$F6,$00				; $D844 ...o.o..
D84C: 002FD437
D850: EC5BDA4F  			defb $00,$2F,$D4,$37,$EC,$5B,$DA,$4F				; $D84C ./.7.[.O
D854: 5633CC80
D858: 0135547F  			defb $56,$33,$CC,$80,$01,$35,$54,$7F				; $D854 V3...5T.
D85C: EA0000B9
D860: CEB9CEB9  			defb $EA,$00,$00,$B9,$CE,$B9,$CE,$B9				; $D85C ........
D864: CE00006F
D868: EA6FF600  			defb $CE,$00,$00,$6F,$EA,$6F,$F6,$00				; $D864 ...o.o..
D86C: 002FD437
D870: EC5BDA4F  			defb $00,$2F,$D4,$37,$EC,$5B,$DA,$4F				; $D86C ./.7.[.O
D874: 5633CC80
D878: 0135547F  			defb $56,$33,$CC,$80,$01,$35,$54,$7F				; $D874 V3...5T.
D87C: EA000073
D880: 9D739D73  			defb $EA,$00,$00,$73,$9D,$73,$9D,$73				; $D87C ...s.s.s
D884: 9D00006F
D888: EA6FF600  			defb $9D,$00,$00,$6F,$EA,$6F,$F6,$00				; $D884 ...o.o..
D88C: 002FD437
D890: EC5BDA4F  			defb $00,$2F,$D4,$37,$EC,$5B,$DA,$4F				; $D88C ./.7.[.O
D894: 5633CC80
D898: 0135547F  			defb $56,$33,$CC,$80,$01,$35,$54,$7F				; $D894 V3...5T.
D89C: EA0000E7
D8A0: 3BE73BE7  			defb $EA,$00,$00,$E7,$3B,$E7,$3B,$E7				; $D89C ....;.;.
D8A4: 3B00006F
D8A8: EA6FF600  			defb $3B,$00,$00,$6F,$EA,$6F,$F6,$00				; $D8A4 ;..o.o..
D8AC: 002FD437
D8B0: EC5BDA4F  			defb $00,$2F,$D4,$37,$EC,$5B,$DA,$4F				; $D8AC ./.7.[.O
D8B4: 5633CC80
D8B8: 01800133  			defb $56,$33,$CC,$80,$01,$80,$01,$33				; $D8B4 V3.....3
D8BC: CC4F565B
D8C0: DA37EC2F  			defb $CC,$4F,$56,$5B,$DA,$37,$EC,$2F				; $D8BC .OV[.7./
D8C4: D400006F
D8C8: F66FEA00  			defb $D4,$00,$00,$6F,$F6,$6F,$EA,$00				; $D8C4 ...o.o..
D8CC: 00E73BE7
D8D0: 3BE73B00  			defb $00,$E7,$3B,$E7,$3B,$E7,$3B,$00				; $D8CC ..;.;.;.
D8D4: 007FEA35
D8D8: 54800133  			defb $00,$7F,$EA,$35,$54,$80,$01,$33				; $D8D4 ...5T..3
D8DC: CC4F565B
D8E0: DA37EC2F  			defb $CC,$4F,$56,$5B,$DA,$37,$EC,$2F				; $D8DC .OV[.7./
D8E4: D400006F
D8E8: F66FEA00  			defb $D4,$00,$00,$6F,$F6,$6F,$EA,$00				; $D8E4 ...o.o..
D8EC: 00739D73
D8F0: 9D739D00  			defb $00,$73,$9D,$73,$9D,$73,$9D,$00				; $D8EC .s.s.s..
D8F4: 007FEA35
D8F8: 54800133  			defb $00,$7F,$EA,$35,$54,$80,$01,$33				; $D8F4 ...5T..3
D8FC: CC4F565B
D900: DA37EC2F  			defb $CC,$4F,$56,$5B,$DA,$37,$EC,$2F				; $D8FC .OV[.7./
D904: D400006F
D908: F66FEA00  			defb $D4,$00,$00,$6F,$F6,$6F,$EA,$00				; $D904 ...o.o..
D90C: 00B9CEB9
D910: CEB9CE00  			defb $00,$B9,$CE,$B9,$CE,$B9,$CE,$00				; $D90C ........
D914: 007FEA35
D918: 54800133  			defb $00,$7F,$EA,$35,$54,$80,$01,$33				; $D914 ...5T..3
D91C: CC4F565B
D920: DA37EC2F  			defb $CC,$4F,$56,$5B,$DA,$37,$EC,$2F				; $D91C .OV[.7./
D924: D400006F
D928: F66FEA00  			defb $D4,$00,$00,$6F,$F6,$6F,$EA,$00				; $D924 ...o.o..
D92C: 00DCE7DC
D930: E7DCE700  			defb $00,$DC,$E7,$DC,$E7,$DC,$E7,$00				; $D92C ........
D934: 007FEA35
D938: 54010000  			defb $00,$7F,$EA,$35,$54,$01,$00,$00				; $D934 ...5T...
D93C: 00038003
D940: 80000003  			defb $00,$03,$80,$03,$80,$00,$00,$03				; $D93C ........
D944: 80074007
D948: 80074007  			defb $80,$07,$40,$07,$80,$07,$40,$07				; $D944 ..@...@.
D94C: 80074010
D950: 1017D03B  			defb $80,$07,$40,$10,$10,$17,$D0,$3B				; $D94C ..@....;
D954: B87BBC79
D958: 3C793C7B  			defb $B8,$7B,$BC,$79,$3C,$79,$3C,$7B				; $D954 .{.y<y<{
D95C: BC3BB817
D960: D0101007  			defb $BC,$3B,$B8,$17,$D0,$10,$10,$07				; $D95C .;......
D964: 40078007
D968: 40078007  			defb $40,$07,$80,$07,$40,$07,$80,$07				; $D964 @...@...
D96C: 40038000
D970: 00038003  			defb $40,$03,$80,$00,$00,$03,$80,$03				; $D96C @.......
D974: 80000001
D978: 0000000F  			defb $80,$00,$00,$01,$00,$00,$00,$0F				; $D974 ........
D97C: FE3F7E3F
D980: 7E7FBE7F  			defb $FE,$3F,$7E,$3F,$7E,$7F,$BE,$7F				; $D97C .?~?~...
D984: DC7FDA7F
D988: EC1FE267  			defb $DC,$7F,$DA,$7F,$EC,$1F,$E2,$67				; $D984 .......g
D98C: F479FA7E
D990: 787F947F  			defb $F4,$79,$FA,$7E,$78,$7F,$94,$7F				; $D98C .y.~x...
D994: A67D5800
D998: 0000007E  			defb $A6,$7D,$58,$00,$00,$00,$00,$7E				; $D994 .}X....~
D99C: F07EFC7D
D9A0: FC7DFE7B  			defb $F0,$7E,$FC,$7D,$FC,$7D,$FE,$7B				; $D99C .~.}.}.{
D9A4: FC7BFA77
D9A8: FC77F26F  			defb $FC,$7B,$FA,$77,$FC,$77,$F2,$6F				; $D9A4 .{.w.w.o
D9AC: EC6F9A5E
D9B0: 745CFA33  			defb $EC,$6F,$9A,$5E,$74,$5C,$FA,$33				; $D9AC .o.^t\.3
D9B4: F427AA00
D9B8: 00000055  			defb $F4,$27,$AA,$00,$00,$00,$00,$55				; $D9B4 .'.....U
D9BC: E42FCC5F
D9C0: 3A2E7A59  			defb $E4,$2F,$CC,$5F,$3A,$2E,$7A,$59				; $D9BC ./._:.zY
D9C4: F637F64F
D9C8: EC3FEE5F  			defb $F6,$37,$F6,$4F,$EC,$3F,$EE,$5F				; $D9C4 .7.O.?._
D9CC: DC3FDA7F
D9D0: BC3FBA3F  			defb $DC,$3F,$DA,$7F,$BC,$3F,$BA,$3F				; $D9CC .?...?.?
D9D4: 740F6A00
D9D8: 0000001F  			defb $74,$0F,$6A,$00,$00,$00,$00,$1F				; $D9D4 t.j.....
D9DC: FE67FE39
D9E0: FE1E7E5F  			defb $FE,$67,$FE,$39,$FE,$1E,$7E,$5F				; $D9DC .g.9..~_
D9E4: 9C6FE667
D9E8: F877FE7B  			defb $9C,$6F,$E6,$67,$F8,$77,$FE,$7B				; $D9E4 .o.g.w.{
D9EC: FC7BFA7D
D9F0: FC7EFA7E  			defb $FC,$7B,$FA,$7D,$FC,$7E,$FA,$7E				; $D9EC .{.}.~.~
D9F4: F47F6800
D9F8: 000000DF  			defb $F4,$7F,$68,$00,$00,$00,$00,$DF				; $D9F4 ..h.....
D9FC: FFDFFFDF
DA00: FF00006F  			defb $FF,$DF,$FF,$DF,$FF,$00,$00,$6F				; $D9FC .......o
DA04: FF6FFF6F
DA08: FF00001B  			defb $FF,$6F,$FF,$6F,$FF,$00,$00,$1B				; $DA04 .o.o....
DA0C: FF1BFF1B
DA10: FF1BFF1B  			defb $FF,$1B,$FF,$1B,$FF,$1B,$FF,$1B				; $DA0C ........
DA14: FF1BFF1B
DA18: FF0000FD  			defb $FF,$1B,$FF,$1B,$FF,$00,$00,$FD				; $DA14 ........
DA1C: 55FEAAFD
DA20: 550000FE  			defb $55,$FE,$AA,$FD,$55,$00,$00,$FE				; $DA1C U...U...
DA24: AAFD54FE
DA28: AA0000FE  			defb $AA,$FD,$54,$FE,$AA,$00,$00,$FE				; $DA24 ..T.....
DA2C: A8FD50FE
DA30: A8FD50FA  			defb $A8,$FD,$50,$FE,$A8,$FD,$50,$FA				; $DA2C ..P...P.
DA34: A8F550AA
DA38: A80000EF  			defb $A8,$F5,$50,$AA,$A8,$00,$00,$EF				; $DA34 ..P.....
DA3C: FFEEFFEF
DA40: FF76FF77  			defb $FF,$EE,$FF,$EF,$FF,$76,$FF,$77				; $DA3C .....v.w
DA44: FF3B7F00
DA48: 000DDF0D  			defb $FF,$3B,$7F,$00,$00,$0D,$DF,$0D				; $DA44 .;......
DA4C: FF0DDF0D
DA50: FF0DDF0D  			defb $FF,$0D,$DF,$0D,$FF,$0D,$DF,$0D				; $DA4C ........
DA54: FF0DDF0D
DA58: FF0000F5  			defb $FF,$0D,$DF,$0D,$FF,$00,$00,$F5				; $DA54 ........
DA5C: 55FAAAF5
DA60: 55FAAAF5  			defb $55,$FA,$AA,$F5,$55,$FA,$AA,$F5				; $DA5C U...U...
DA64: 56EAA800
DA68: 005550AA  			defb $56,$EA,$A8,$00,$00,$55,$50,$AA				; $DA64 V....UP.
DA6C: A0D550EA
DA70: A0D550EA  			defb $A0,$D5,$50,$EA,$A0,$D5,$50,$EA				; $DA6C ..P...P.
DA74: A0D550EA
DA78: A00DDF0D  			defb $A0,$D5,$50,$EA,$A0,$0D,$DF,$0D				; $DA74 ..P.....
DA7C: FF0DDF0D
DA80: FF0DDF0D  			defb $FF,$0D,$DF,$0D,$FF,$0D,$DF,$0D				; $DA7C ........
DA84: FF0DDF00
DA88: 00377F37  			defb $FF,$0D,$DF,$00,$00,$37,$7F,$37				; $DA84 .....7.7
DA8C: FF377F00
DA90: 00EEFFEF  			defb $FF,$37,$7F,$00,$00,$EE,$FF,$EF				; $DA8C .7......
DA94: FFEEFF00
DA98: 00D550EA  			defb $FF,$EE,$FF,$00,$00,$D5,$50,$EA				; $DA94 ......P.
DA9C: A0D550EA
DAA0: A0D550AA  			defb $A0,$D5,$50,$EA,$A0,$D5,$50,$AA				; $DA9C ..P...P.
DAA4: A0555000
DAA8: 00D554EA  			defb $A0,$55,$50,$00,$00,$D5,$54,$EA				; $DAA4 .UP...T.
DAAC: A8F55400
DAB0: 00F555FA  			defb $A8,$F5,$54,$00,$00,$F5,$55,$FA				; $DAAC ..T...U.
DAB4: AAF55500
DAB8: 00FF7FFF  			defb $AA,$F5,$55,$00,$00,$FF,$7F,$FF				; $DAB4 ..U.....
DABC: 5FFF7FFF
DAC0: 7F7F7F7F  			defb $5F,$FF,$7F,$FF,$7F,$7F,$7F,$7F				; $DABC _.......
DAC4: 7F7F7F3F
DAC8: 7F3F7F1F  			defb $7F,$7F,$7F,$3F,$7F,$3F,$7F,$1F				; $DAC4 ...?.?..
DACC: 7F0F7F07
DAD0: 7F037F01  			defb $7F,$0F,$7F,$07,$7F,$03,$7F,$01				; $DACC ........
DAD4: 5F007F00
DAD8: 0FFEABFA  			defb $5F,$00,$7F,$00,$0F,$FE,$AB,$FA				; $DAD4 _.......
DADC: D5FEAAFE
DAE0: D5FEAAFE  			defb $D5,$FE,$AA,$FE,$D5,$FE,$AA,$FE				; $DADC ........
DAE4: D4FEAAFE
DAE8: D4FE94FE  			defb $D4,$FE,$AA,$FE,$D4,$FE,$94,$FE				; $DAE4 ........
DAEC: A8FED0FE
DAF0: A0FEC0FA  			defb $A8,$FE,$D0,$FE,$A0,$FE,$C0,$FA				; $DAEC ........
DAF4: 80FE00F0
DAF8: 00FF54FF  			defb $80,$FE,$00,$F0,$00,$FF,$54,$FF				; $DAF4 ......T.
DAFC: 2BFF57FF
DB00: 007F7F7F  			defb $2B,$FF,$57,$FF,$00,$7F,$7F,$7F				; $DAFC +.W.....
DB04: 5F7F7F3F
DB08: 7F3F7F1F  			defb $5F,$7F,$7F,$3F,$7F,$3F,$7F,$1F				; $DB04 _..?.?..
DB0C: 7F0F7F07
DB10: 7F037F01  			defb $7F,$0F,$7F,$07,$7F,$03,$7F,$01				; $DB0C ........
DB14: 7F007F00
DB18: 0F14ABCA  			defb $7F,$00,$7F,$00,$0F,$14,$AB,$CA				; $DB14 ........
DB1C: D5E4AA00
DB20: D5FEAAFA  			defb $D5,$E4,$AA,$00,$D5,$FE,$AA,$FA				; $DB1C ........
DB24: D4FEAAFE
DB28: D4FE94FE  			defb $D4,$FE,$AA,$FE,$D4,$FE,$94,$FE				; $DB24 ........
DB2C: A8FED0FE
DB30: A0FEC0FE  			defb $A8,$FE,$D0,$FE,$A0,$FE,$C0,$FE				; $DB2C ........
DB34: 80FE00F0
DB38: 00FF54FF  			defb $80,$FE,$00,$F0,$00,$FF,$54,$FF				; $DB34 ......T.
DB3C: 2BFF57FF
DB40: 247F487F  			defb $2B,$FF,$57,$FF,$24,$7F,$48,$7F				; $DB3C +.W.$.H.
DB44: 287F483F
DB48: 003F7F1F  			defb $28,$7F,$48,$3F,$00,$3F,$7F,$1F				; $DB44 (.H?.?..
DB4C: 5F0F7F07
DB50: 7F037F01  			defb $5F,$0F,$7F,$07,$7F,$03,$7F,$01				; $DB4C _.......
DB54: 7F007F00
DB58: 0F14ABCA  			defb $7F,$00,$7F,$00,$0F,$14,$AB,$CA				; $DB54 ........
DB5C: D5E4AA22
DB60: D510AA12  			defb $D5,$E4,$AA,$22,$D5,$10,$AA,$12				; $DB5C ..."....
DB64: D410AA00
DB68: D4FE94FA  			defb $D4,$10,$AA,$00,$D4,$FE,$94,$FA				; $DB64 ........
DB6C: A8FED0FE
DB70: A0FEC0FE  			defb $A8,$FE,$D0,$FE,$A0,$FE,$C0,$FE				; $DB6C ........
DB74: 80FE00F0
DB78: 00FF54FF  			defb $80,$FE,$00,$F0,$00,$FF,$54,$FF				; $DB74 ......T.
DB7C: 2BFF57FF
DB80: 247F487F  			defb $2B,$FF,$57,$FF,$24,$7F,$48,$7F				; $DB7C +.W.$.H.
DB84: 287F483F
DB88: 283F441F  			defb $28,$7F,$48,$3F,$28,$3F,$44,$1F				; $DB84 (.H?(?D.
DB8C: 230F5407
DB90: 00037F01  			defb $23,$0F,$54,$07,$00,$03,$7F,$01				; $DB8C #.T.....
DB94: 5F007F00
DB98: 0F14ABCA  			defb $5F,$00,$7F,$00,$0F,$14,$AB,$CA				; $DB94 _.......
DB9C: D5E4AA22
DBA0: D510AA12  			defb $D5,$E4,$AA,$22,$D5,$10,$AA,$12				; $DB9C ..."....
DBA4: D410AA12
DBA8: D42094C2  			defb $D4,$10,$AA,$12,$D4,$20,$94,$C2				; $DBA4 ..... ..
DBAC: A804D000
DBB0: A0FEC0FA  			defb $A8,$04,$D0,$00,$A0,$FE,$C0,$FA				; $DBAC ........
DBB4: 80FE00F0
DBB8: 00FFFF7F  			defb $80,$FE,$00,$F0,$00,$FF,$FF,$7F				; $DBB4 ........
DBBC: FF3FFF1F
DBC0: FF0FFF07  			defb $FF,$3F,$FF,$1F,$FF,$0F,$FF,$07				; $DBBC .?......
DBC4: E003F001
DBC8: F800FC00  			defb $E0,$03,$F0,$01,$F8,$00,$FC,$00				; $DBC4 ........
DBCC: 7E003F00
DBD0: 1F000F00  			defb $7E,$00,$3F,$00,$1F,$00,$0F,$00				; $DBCC ~.?.....
DBD4: 07000300
DBD8: 01FFDFFF  			defb $07,$00,$03,$00,$01,$FF,$DF,$FF				; $DBD4 ........
DBDC: BFFF1FFE
DBE0: 0FFC0F00  			defb $BF,$FF,$1F,$FE,$0F,$FC,$0F,$00				; $DBDC ........
DBE4: 0F000F00
DBE8: 0F000F00  			defb $0F,$00,$0F,$00,$0F,$00,$0F,$00				; $DBE4 ........
DBEC: 0F000F80
DBF0: 0FC00FE0  			defb $0F,$00,$0F,$80,$0F,$C0,$0F,$E0				; $DBEC ........
DBF4: 0FF00FF8
DBF8: 0FF03FE0  			defb $0F,$F0,$0F,$F8,$0F,$F0,$3F,$E0				; $DBF4 ......?.
DBFC: 7FC0FF81
DC00: F883F087  			defb $7F,$C0,$FF,$81,$F8,$83,$F0,$87				; $DBFC ........
DC04: E08FFF9F
DC08: FFBFFFBE  			defb $E0,$8F,$FF,$9F,$FF,$BF,$FF,$BE				; $DC04 ........
DC0C: 0FBC1FB8
DC10: 3FBFFFBF  			defb $0F,$BC,$1F,$B8,$3F,$BF,$FF,$BF				; $DC0C ....?...
DC14: FFBFFFBF
DC18: FEF801FC  			defb $FF,$BF,$FF,$BF,$FE,$F8,$01,$FC				; $DC14 ........
DC1C: 03FE073F
DC20: 0F7E1FFC  			defb $03,$FE,$07,$3F,$0F,$7E,$1F,$FC				; $DC1C ...?.~..
DC24: 3FF87FF0
DC28: FFC1FFE3  			defb $3F,$F8,$7F,$F0,$FF,$C1,$FF,$E3				; $DC24 ?.......
DC2C: F0F7E0EF
DC30: C0DFFFBF  			defb $F0,$F7,$E0,$EF,$C0,$DF,$FF,$BF				; $DC2C ........
DC34: FF7FFFFF
DC38: FFFFFBFF  			defb $FF,$7F,$FF,$FF,$FF,$FF,$FB,$FF				; $DC34 ........
DC3C: F7FFEFFF
DC40: DF803F00  			defb $F7,$FF,$EF,$FF,$DF,$80,$3F,$00				; $DC3C ......?.
DC44: 7EFEFFFD
DC48: FFFBFF07  			defb $7E,$FE,$FF,$FD,$FF,$FB,$FF,$07				; $DC44 ~.......
DC4C: FF0FCF1F
DC50: 87FF03FE  			defb $FF,$0F,$CF,$1F,$87,$FF,$03,$FE				; $DC4C ........
DC54: 01FC00F8
DC58: 00FF80FF  			defb $01,$FC,$00,$F8,$00,$FF,$80,$FF				; $DC54 ........
DC5C: C1FFE383
DC60: F707EF0F  			defb $C1,$FF,$E3,$83,$F7,$07,$EF,$0F				; $DC5C ........
DC64: DFFFBFFF
DC68: 7EFEFC81  			defb $DF,$FF,$BF,$FF,$7E,$FE,$FC,$81				; $DC64 ....~...
DC6C: F8C3F0E7
DC70: E0FFC1FF  			defb $F8,$C3,$F0,$E7,$E0,$FF,$C1,$FF				; $DC6C ........
DC74: 83FF077E
DC78: 0FFFE0FF  			defb $83,$FF,$07,$7E,$0F,$FF,$E0,$FF				; $DC74 ...~....
DC7C: F0FFF8E0
DC80: FDC1FB83  			defb $F0,$FF,$F8,$E0,$FD,$C1,$FB,$83				; $DC7C ........
DC84: F707EF0F
DC88: DF1FBF3F  			defb $F7,$07,$EF,$0F,$DF,$1F,$BF,$3F				; $DC84 .......?
DC8C: 7E7EFCFD
DC90: F8FBFFF1  			defb $7E,$7E,$FC,$FD,$F8,$FB,$FF,$F1				; $DC8C ~~......
DC94: FFE0FFC0
DC98: 7F3FF87F  			defb $FF,$E0,$FF,$C0,$7F,$3F,$F8,$7F				; $DC94 .....?..
DC9C: FCFFFEF8
DCA0: 3FF07EE0  			defb $FC,$FF,$FE,$F8,$3F,$F0,$7E,$E0				; $DC9C ....?.~.
DCA4: FDC1FB83
DCA8: F707EF0F  			defb $FD,$C1,$FB,$83,$F7,$07,$EF,$0F				; $DCA4 ........
DCAC: DF1FBF3F
DCB0: 7EFEFDFD  			defb $DF,$1F,$BF,$3F,$7E,$FE,$FD,$FD				; $DCAC ...?~...
DCB4: FBFBF7F7
DCB8: EF0FCF1F  			defb $FB,$FB,$F7,$F7,$EF,$0F,$CF,$1F				; $DCB4 ........
DCBC: 8F3F4F7E
DCC0: EF01FFFB  			defb $8F,$3F,$4F,$7E,$EF,$01,$FF,$FB				; $DCBC .?O~....
DCC4: FFF7FFEF
DCC8: DFDF8FBF  			defb $FF,$F7,$FF,$EF,$DF,$DF,$8F,$BF				; $DCC4 ........
DCCC: 0F7E0FFC
DCD0: 0FFFFFFF  			defb $0F,$7E,$0F,$FC,$0F,$FF,$FF,$FF				; $DCCC .~......
DCD4: FFFFFFFF
DCD8: FF800080  			defb $FF,$FF,$FF,$FF,$FF,$80,$00,$80				; $DCD4 ........
DCDC: 00800080
DCE0: 00800080  			defb $00,$80,$00,$80,$00,$80,$00,$80				; $DCDC ........
DCE4: 00800080
DCE8: 00800080  			defb $00,$80,$00,$80,$00,$80,$00,$80				; $DCE4 ........
DCEC: 00800080
DCF0: 00800080  			defb $00,$80,$00,$80,$00,$80,$00,$80				; $DCEC ........
DCF4: 00800080
DCF8: 00FFEF7F  			defb $00,$80,$00,$80,$00,$FF,$EF,$7F				; $DCF4 ........
DCFC: EF3FEF1F
DD00: EF0FEF07  			defb $EF,$3F,$EF,$1F,$EF,$0F,$EF,$07				; $DCFC .?......
DD04: EF03EF01
DD08: EF000F00  			defb $EF,$03,$EF,$01,$EF,$00,$0F,$00				; $DD04 ........
DD0C: 7F003F00
DD10: 1F000F00  			defb $7F,$00,$3F,$00,$1F,$00,$0F,$00				; $DD0C ..?.....
DD14: 07000300
DD18: 01800080  			defb $07,$00,$03,$00,$01,$80,$00,$80				; $DD14 ........
DD1C: 00800080
DD20: 00800083  			defb $00,$80,$00,$80,$00,$80,$00,$83				; $DD1C ........
DD24: ED87DB83
DD28: 36867D8C  			defb $ED,$87,$DB,$83,$36,$86,$7D,$8C				; $DD24 ....6.}.
DD2C: FB99B6B3
DD30: 6FA6DE80  			defb $FB,$99,$B6,$B3,$6F,$A6,$DE,$80				; $DD2C ....o...
DD34: 00800080
DD38: 00000000  			defb $00,$80,$00,$80,$00,$00,$00,$00				; $DD34 ........
DD3C: 00000000
DD40: 000000BC  			defb $00,$00,$00,$00,$00,$00,$00,$BC				; $DD3C ........
DD44: 0F781EC0
DD48: 30E07BC0  			defb $0F,$78,$1E,$C0,$30,$E0,$7B,$C0				; $DD44 .x..0.{.
DD4C: F6018D03
DD50: 1B063100  			defb $F6,$01,$8D,$03,$1B,$06,$31,$00				; $DD4C ......1.
DD54: 00000000
DD58: 00000000  			defb $00,$00,$00,$00,$00,$00,$00,$00				; $DD54 ........
DD5C: 00000000
DD60: 0000006E  			defb $00,$00,$00,$00,$00,$00,$00,$6E				; $DD5C .......n
DD64: 36DF6D36
DD68: D861F1D3  			defb $36,$DF,$6D,$36,$D8,$61,$F1,$D3				; $DD64 6.m6.a..
DD6C: 63B6C6ED
DD70: 8CDB1900  			defb $63,$B6,$C6,$ED,$8C,$DB,$19,$00				; $DD6C c.......
DD74: 00000000
DD78: 00000000  			defb $00,$00,$00,$00,$00,$00,$00,$00				; $DD74 ........
DD7C: 00000000
DD80: 000000FB  			defb $00,$00,$00,$00,$00,$00,$00,$FB				; $DD7C ........
DD84: 71F6FBC1
DD88: B69B6C36  			defb $71,$F6,$FB,$C1,$B6,$9B,$6C,$36				; $DD84 q.....l6
DD8C: DA6DB6DB
DD90: 7CB63800  			defb $DA,$6D,$B6,$DB,$7C,$B6,$38,$00				; $DD8C .m..|.8.
DD94: 00000000
DD98: 00000000  			defb $00,$00,$00,$00,$00,$00,$00,$00				; $DD94 ........
DD9C: 00000000
DDA0: 000000C0  			defb $00,$00,$00,$00,$00,$00,$00,$C0				; $DD9C ........
DDA4: 31E07FC0
DDA8: D6018D03  			defb $31,$E0,$7F,$C0,$D6,$01,$8D,$03				; $DDA4 1.......
DDAC: 1B06360C
DDB0: 6D18DB00  			defb $1B,$06,$36,$0C,$6D,$18,$DB,$00				; $DDAC ..6.m...
DDB4: 00000000
DDB8: 00000000  			defb $00,$00,$00,$00,$00,$00,$00,$00				; $DDB4 ........
DDBC: 00000000
DDC0: 000000BC  			defb $00,$00,$00,$00,$00,$00,$00,$BC				; $DDBC ........
DDC4: E37DF6DB
DDC8: 6DB61FEC  			defb $E3,$7D,$F6,$DB,$6D,$B6,$1F,$EC				; $DDC4 .}..m...
DDCC: 3ED86DBE
DDD0: DB1DB600  			defb $3E,$D8,$6D,$BE,$DB,$1D,$B6,$00				; $DDCC >.m.....
DDD4: 00000000
DDD8: 00000000  			defb $00,$00,$00,$00,$00,$00,$00,$00				; $DDD4 ........
DDDC: 00000000
DDE0: 0000006D  			defb $00,$00,$00,$00,$00,$00,$00,$6D				; $DDDC .......m
DDE4: C7DBEF86
DDE8: D86DBCDB  			defb $C7,$DB,$EF,$86,$D8,$6D,$BC,$DB				; $DDE4 .....m..
DDEC: 78B6C06D
DDF0: E0DBC000  			defb $78,$B6,$C0,$6D,$E0,$DB,$C0,$00				; $DDEC x..m....
DDF4: 00000000
DDF8: 00000000  			defb $00,$00,$00,$00,$00,$00,$00,$00				; $DDF4 ........
DDFC: 00000000
DE00: 00000080  			defb $00,$00,$00,$00,$00,$00,$00,$80				; $DDFC ........
DE04: 00000000
DE08: 00000000  			defb $00,$00,$00,$00,$00,$00,$00,$00				; $DE04 ........
DE0C: 00000000
DE10: 00000000  			defb $00,$00,$00,$00,$00,$00,$00,$00				; $DE0C ........
DE14: 00000000
DE18: 00000000  			defb $00,$00,$00,$00,$00,$00,$00,$00				; $DE14 ........
DE1C: 00000000
DE20: 00000000  			defb $00,$00,$00,$00,$00,$00,$00,$00				; $DE1C ........
DE24: 00000000
DE28: 007FE03F  			defb $00,$00,$00,$00,$00,$7F,$E0,$3F				; $DE24 .......?
DE2C: C01F800F
DE30: C007E003  			defb $C0,$1F,$80,$0F,$C0,$07,$E0,$03				; $DE2C ........
DE34: F001F800
DE38: 1D000000  			defb $F0,$01,$F8,$00,$1D,$00,$00,$00				; $DE34 ........
DE3C: 00000000
DE40: 00000000  			defb $00,$00,$00,$00,$00,$00,$00,$00				; $DE3C ........
DE44: 00000000
DE48: 00000000  			defb $00,$00,$00,$00,$00,$00,$00,$00				; $DE44 ........
DE4C: 00FFC07F
DE50: 803F007E  			defb $00,$FF,$C0,$7F,$80,$3F,$00,$7E				; $DE4C .....?.~
DE54: 00FC00F8
DE58: 00000000  			defb $00,$FC,$00,$F8,$00,$00,$00,$00				; $DE54 ........
DE5C: 00000000
DE60: 00000000  			defb $00,$00,$00,$00,$00,$00,$00,$00				; $DE5C ........
DE64: 00000000
DE68: 00000000  			defb $00,$00,$00,$00,$00,$00,$00,$00				; $DE64 ........
DE6C: 00000000
DE70: 00000000  			defb $00,$00,$00,$00,$00,$00,$00,$00				; $DE6C ........
DE74: 00000F00
DE78: 0F000000  			defb $00,$00,$0F,$00,$0F,$00,$00,$00				; $DE74 ........
DE7C: 00000000
DE80: 00000000  			defb $00,$00,$00,$00,$00,$00,$00,$00				; $DE7C ........
DE84: 00000000
DE88: 00000000  			defb $00,$00,$00,$00,$00,$00,$00,$00				; $DE84 ........
DE8C: 00000000
DE90: 00000000  			defb $00,$00,$00,$00,$00,$00,$00,$00				; $DE8C ........
DE94: 00E000C0
DE98: 00000000  			defb $00,$E0,$00,$C0,$00,$00,$00,$00				; $DE94 ........
DE9C: 00000000
DEA0: 00000000  			defb $00,$00,$00,$00,$00,$00,$00,$00				; $DE9C ........
DEA4: 00000000
DEA8: 50002203  			defb $00,$00,$00,$00,$50,$00,$22,$03				; $DEA4 ....P.".
DEAC: 050756BB
DEB0: 76075603  			defb $05,$07,$56,$BB,$76,$07,$56,$03				; $DEAC ..V.v.V.
DEB4: 05002200
DEB8: 5003C00F  			defb $05,$00,$22,$00,$50,$03,$C0,$0F				; $DEB4 ..".P...
DEBC: F01C383B
DEC0: 1C370C36  			defb $F0,$1C,$38,$3B,$1C,$37,$0C,$36				; $DEBC ..8;.7.6
DEC4: 0C340434
DEC8: 08300434  			defb $0C,$34,$04,$34,$08,$30,$04,$34				; $DEC4 .4.4.0.4
DECC: 08300430
DED0: 0838141C  			defb $08,$30,$04,$30,$08,$38,$14,$1C				; $DECC .0.0.8..
DED4: 280ED003
DED8: 4003C007  			defb $28,$0E,$D0,$03,$40,$03,$C0,$07				; $DED4 (...@...
DEDC: E00FF00C
DEE0: 3019181B  			defb $E0,$0F,$F0,$0C,$30,$19,$18,$1B				; $DEDC ....0...
DEE4: 181B181A
DEE8: 0818101A  			defb $18,$1B,$18,$1A,$08,$18,$10,$1A				; $DEE4 ........
DEEC: 08181018
DEF0: 080C300F  			defb $08,$18,$10,$18,$08,$0C,$30,$0F				; $DEEC ......0.
DEF4: 5007A003
DEF8: 40018003  			defb $50,$07,$A0,$03,$40,$01,$80,$03				; $DEF4 P...@...
DEFC: C007E00E
DF00: 701C3839  			defb $C0,$07,$E0,$0E,$70,$1C,$38,$39				; $DEFC ....p.89
DF04: 1C730EE7
DF08: 07E00570  			defb $1C,$73,$0E,$E7,$07,$E0,$05,$70				; $DF04 .s.....p
DF0C: 0A38141C
DF10: 280E5006  			defb $0A,$38,$14,$1C,$28,$0E,$50,$06				; $DF0C .8..(.P.
DF14: A0034001
DF18: 80018003  			defb $A0,$03,$40,$01,$80,$01,$80,$03				; $DF14 ..@.....
DF1C: 4007A00F
DF20: 501FA83F  			defb $40,$07,$A0,$0F,$50,$1F,$A8,$3F				; $DF1C @...P..?
DF24: 547FAAFF
DF28: 55AA0155  			defb $54,$7F,$AA,$FF,$55,$AA,$01,$55				; $DF24 T...U..U
DF2C: 022A0415
DF30: 080A1005  			defb $02,$2A,$04,$15,$08,$0A,$10,$05				; $DF2C .*......
DF34: 20024001
DF38: 800FD008  			defb $20,$02,$40,$01,$80,$0F,$D0,$08				; $DF34  .@.....
DF3C: 10000017
DF40: E82FF42F  			defb $10,$00,$00,$17,$E8,$2F,$F4,$2F				; $DF3C ....././
DF44: E82FD400
DF48: 005FEA5F  			defb $E8,$2F,$D4,$00,$00,$5F,$EA,$5F				; $DF44 ./..._._
DF4C: F45FEA5F
DF50: F45FEA5F  			defb $F4,$5F,$EA,$5F,$F4,$5F,$EA,$5F				; $DF4C ._._._._
DF54: F45FEA2F
DF58: D4000081  			defb $F4,$5F,$EA,$2F,$D4,$00,$00,$81				; $DF54 ._./....
DF5C: 026D6C4B
DF60: A41C707F  			defb $02,$6D,$6C,$4B,$A4,$1C,$70,$7F				; $DF5C .mlK..p.
DF64: FC5EF42D
DF68: 68ED6E2D  			defb $FC,$5E,$F4,$2D,$68,$ED,$6E,$2D				; $DF64 .^.-h.n-
DF6C: 685EF47F
DF70: FC1C704B  			defb $68,$5E,$F4,$7F,$FC,$1C,$70,$4B				; $DF6C h^....pK
DF74: A46D6C81
DF78: 020000FF  			defb $A4,$6D,$6C,$81,$02,$00,$00,$FF				; $DF74 .ml.....
DF7C: FF3FFF55
DF80: 550000AA  			defb $FF,$3F,$FF,$55,$55,$00,$00,$AA				; $DF7C .?.UU...
DF84: AA5555AA
DF88: AA5555AA  			defb $AA,$55,$55,$AA,$AA,$55,$55,$AA				; $DF84 .UU..UU.
DF8C: AA555500
DF90: 00FFFF3F  			defb $AA,$55,$55,$00,$00,$FF,$FF,$3F				; $DF8C .UU....?
DF94: FF555500
DF98: 007FFE7F  			defb $FF,$55,$55,$00,$00,$7F,$FE,$7F				; $DF94 .UU.....
DF9C: FC60066D
DFA0: B4692669  			defb $FC,$60,$06,$6D,$B4,$69,$26,$69				; $DF9C .`.m.i&i
DFA4: 2460066F
DFA8: F46C0660  			defb $24,$60,$06,$6F,$F4,$6C,$06,$60				; $DFA4 $`.o.l.`
DFAC: 046DB669
DFB0: 24692660  			defb $04,$6D,$B6,$69,$24,$69,$26,$60				; $DFAC .m.i$i&`
DFB4: 047FFE55
DFB8: 5472AE65  			defb $04,$7F,$FE,$55,$54,$72,$AE,$65				; $DFB4 ...UTr.e
DFBC: 4C72AE65
DFC0: 4C72AE65  			defb $4C,$72,$AE,$65,$4C,$72,$AE,$65				; $DFBC Lr.eLr.e
DFC4: 4C72AE65
DFC8: 4C72AE65  			defb $4C,$72,$AE,$65,$4C,$72,$AE,$65				; $DFC4 Lr.eLr.e
DFCC: 4C72AE65
DFD0: 4C72AE65  			defb $4C,$72,$AE,$65,$4C,$72,$AE,$65				; $DFCC Lr.eLr.e
DFD4: 4C52AA45
DFD8: 4800007E  			defb $4C,$52,$AA,$45,$48,$00,$00,$7E				; $DFD4 LR.EH..~
DFDC: F89BF5C7
DFE0: FE707DFF  			defb $F8,$9B,$F5,$C7,$FE,$70,$7D,$FF				; $DFDC .....p}.
DFE4: 6E7F1DEF
DFE8: 7EFEFDBF  			defb $6E,$7F,$1D,$EF,$7E,$FE,$FD,$BF				; $DFE4 n...~...
DFEC: FE7FFDDD
DFF0: F4FFF96F  			defb $FE,$7F,$FD,$DD,$F4,$FF,$F9,$6F				; $DFEC .......o
DFF4: FEBFFDFD
DFF8: FEBFFDDD  			defb $FE,$BF,$FD,$FD,$FE,$BF,$FD,$DD				; $DFF4 ........
DFFC: FAFBFD7F
E000: FA1FFC6E  			defb $FA,$FB,$FD,$7F,$FA,$1F,$FC,$6E				; $DFFC .......n
E004: F8FFF5F9
E008: FAEFFDBF  			defb $F8,$FF,$F5,$F9,$FA,$EF,$FD,$BF				; $E004 ........
E00C: FA7BFCFF
E010: FA9FFD7F  			defb $FA,$7B,$FC,$FF,$FA,$9F,$FD,$7F				; $E00C .{......
E014: FAFBFDBF
E018: FABFDDDF  			defb $FA,$FB,$FD,$BF,$FA,$BF,$DD,$DF				; $E014 ........
E01C: FAFFF577
E020: EABFFCEF  			defb $FA,$FF,$F5,$77,$EA,$BF,$FC,$EF				; $E01C ...w....
E024: FAF8FCFF
E028: BAAFF9FF  			defb $FA,$F8,$FC,$FF,$BA,$AF,$F9,$FF				; $E024 ........
E02C: FA7EFD7F
E030: FA9FF5FF  			defb $FA,$7E,$FD,$7F,$FA,$9F,$F5,$FF				; $E02C .~......
E034: EAF7FD7F
E038: FAEFFD7E  			defb $EA,$F7,$FD,$7F,$FA,$EF,$FD,$7E				; $E034 .......~
E03C: F89BF5C7
E040: FE707DFF  			defb $F8,$9B,$F5,$C7,$FE,$70,$7D,$FF				; $E03C .....p}.
E044: 6E7F1DEF
E048: 7EFEFDBF  			defb $6E,$7F,$1D,$EF,$7E,$FE,$FD,$BF				; $E044 n...~...
E04C: FE7FFDDD
E050: F4FFF96F  			defb $FE,$7F,$FD,$DD,$F4,$FF,$F9,$6F				; $E04C .......o
E054: FEBFFDFD
E058: FEBFDDDF  			defb $FE,$BF,$FD,$FD,$FE,$BF,$DD,$DF				; $E054 ........
E05C: FAFFF577
E060: EABFFCEF  			defb $FA,$FF,$F5,$77,$EA,$BF,$FC,$EF				; $E05C ...w....
E064: FAF8FCFF
E068: BAAFF9FF  			defb $FA,$F8,$FC,$FF,$BA,$AF,$F9,$FF				; $E064 ........
E06C: FA7EFD7F
E070: FA9FF5FF  			defb $FA,$7E,$FD,$7F,$FA,$9F,$F5,$FF				; $E06C .~......
E074: EAF40D00
E078: 00000000  			defb $EA,$F4,$0D,$00,$00,$00,$00,$00				; $E074 ........
E07C: 00000100
E080: 03000600  			defb $00,$00,$01,$00,$03,$00,$06,$00				; $E07C ........
E084: 04000400
E088: 0C003900  			defb $04,$00,$04,$00,$0C,$00,$39,$00				; $E084 ......9.
E08C: 3300F703
E090: F6079E3E  			defb $33,$00,$F7,$03,$F6,$07,$9E,$3E				; $E08C 3......>
E094: 7A7DE6E1
E098: C30000A0  			defb $7A,$7D,$E6,$E1,$C3,$00,$00,$A0				; $E094 z}......
E09C: 0290122A
E0A0: 46605B72  			defb $02,$90,$12,$2A,$46,$60,$5B,$72				; $E09C ...*F`[r
E0A4: 0D6EF5E6
E0A8: E6C6660C  			defb $0D,$6E,$F5,$E6,$E6,$C6,$66,$0C				; $E0A4 .n....f.
E0AC: 635D7118
E0B0: 6530E365  			defb $63,$5D,$71,$18,$65,$30,$E3,$65				; $E0AC c]q.e0.e
E0B4: CBD1A3C1
E0B8: 83000000  			defb $CB,$D1,$A3,$C1,$83,$00,$00,$00				; $E0B4 ........
E0BC: 00000000
E0C0: 00000000  			defb $00,$00,$00,$00,$00,$00,$00,$00				; $E0BC ........
E0C4: 008000C0
E0C8: 00600030  			defb $00,$80,$00,$C0,$00,$60,$00,$30				; $E0C4 .....`.0
E0CC: 00BE009A
E0D0: 009B6070  			defb $00,$BE,$00,$9A,$00,$9B,$60,$70				; $E0CC ......`p
E0D4: FC6AC7C0
E0D8: D30000FF  			defb $FC,$6A,$C7,$C0,$D3,$00,$00,$FF				; $E0D4 .j......
E0DC: FF7FF500
E0E0: 000FC000  			defb $FF,$7F,$F5,$00,$00,$0F,$C0,$00				; $E0DC ........
E0E4: 00078003
E0E8: 00C300C3  			defb $00,$07,$80,$03,$00,$C3,$00,$C3				; $E0E4 ........
E0EC: 00DD00CE
E0F0: 00D700DF  			defb $00,$DD,$00,$CE,$00,$D7,$00,$DF				; $E0EC ........
E0F4: 00C000C0
E0F8: 000000FF  			defb $00,$C0,$00,$C0,$00,$00,$00,$FF				; $E0F4 ........
E0FC: FF555600
E100: 0003F000  			defb $FF,$55,$56,$00,$00,$03,$F0,$00				; $E0FC .UV.....
E104: 0001E000
E108: C000C300  			defb $00,$01,$E0,$00,$C0,$00,$C3,$00				; $E104 ........
E10C: C200BB00
E110: 7200EB00  			defb $C2,$00,$BB,$00,$72,$00,$EB,$00				; $E10C ....r...
E114: FA000300
E118: 0207001F  			defb $FA,$00,$03,$00,$02,$07,$00,$1F				; $E114 ........
E11C: 783F347F
E120: 7A7F34FF  			defb $78,$3F,$34,$7F,$7A,$7F,$34,$FF				; $E11C x?4.z.4.
E124: 7AFF34FE
E128: 7A003445  			defb $7A,$FF,$34,$FE,$7A,$00,$34,$45				; $E124 z.4.z.4E
E12C: 7A6FF46F
E130: FA6FF46F  			defb $7A,$6F,$F4,$6F,$FA,$6F,$F4,$6F				; $E12C zo.o.o.o
E134: FA6FF46F
E138: FA00E02E  			defb $FA,$6F,$F4,$6F,$FA,$00,$E0,$2E				; $E134 .o.o....
E13C: F86EFC6E
E140: FE6EFE6E  			defb $F8,$6E,$FC,$6E,$FE,$6E,$FE,$6E				; $E13C .n.n.n.n
E144: FF6EFF6E
E148: 7F6E006E  			defb $FF,$6E,$FF,$6E,$7F,$6E,$00,$6E				; $E144 .n.n.n.n
E14C: AA6FD46F
E150: EA6FF46F  			defb $AA,$6F,$D4,$6F,$EA,$6F,$F4,$6F				; $E14C .o.o.o.o
E154: EA6FF46F
E158: EA6FF46F  			defb $EA,$6F,$F4,$6F,$EA,$6F,$F4,$6F				; $E154 .o.o.o.o
E15C: EA6FF46F
E160: EA6FF46F  			defb $EA,$6F,$F4,$6F,$EA,$6F,$F4,$6F				; $E15C .o.o.o.o
E164: EA6FF46F
E168: EA6FF46F  			defb $EA,$6F,$F4,$6F,$EA,$6F,$F4,$6F				; $E164 .o.o.o.o
E16C: EA6FF46F
E170: EA6FF46F  			defb $EA,$6F,$F4,$6F,$EA,$6F,$F4,$6F				; $E16C .o.o.o.o
E174: EA6FF46F
E178: EA0000FF  			defb $EA,$6F,$F4,$6F,$EA,$00,$00,$FF				; $E174 .o.o....
E17C: FF800095
E180: 55AAAA95  			defb $FF,$80,$00,$95,$55,$AA,$AA,$95				; $E17C ....U...
E184: 55AAAA95
E188: 55AAAA95  			defb $55,$AA,$AA,$95,$55,$AA,$AA,$95				; $E184 U...U...
E18C: 55AAAA95
E190: 55AAAA95  			defb $55,$AA,$AA,$95,$55,$AA,$AA,$95				; $E18C U...U...
E194: 55AAAA95
E198: 55000000  			defb $55,$AA,$AA,$95,$55,$00,$00,$00				; $E194 U...U...
E19C: 00000000
E1A0: 00001F00  			defb $00,$00,$00,$00,$00,$00,$1F,$00				; $E19C ........
E1A4: 00003F00
E1A8: 00007F00  			defb $00,$00,$3F,$00,$00,$00,$7F,$00				; $E1A4 ..?.....
E1AC: 7F007000
E1B0: 78007C00  			defb $7F,$00,$70,$00,$78,$00,$7C,$00				; $E1AC ..p.x.|.
E1B4: 7E00FF1F
E1B8: FD000000  			defb $7E,$00,$FF,$1F,$FD,$00,$00,$00				; $E1B4 ~.......
E1BC: 00000000
E1C0: 00A80000  			defb $00,$00,$00,$00,$00,$A8,$00,$00				; $E1BC ........
E1C4: 00D40000
E1C8: 00EA00F4  			defb $00,$D4,$00,$00,$00,$EA,$00,$F4				; $E1C4 ........
E1CC: 000A0014
E1D0: 002A0074  			defb $00,$0A,$00,$14,$00,$2A,$00,$74				; $E1CC .....*.t
E1D4: 00EA0055
E1D8: F80000FF  			defb $00,$EA,$00,$55,$F8,$00,$00,$FF				; $E1D4 ...U....
E1DC: FDF3CAF3
E1E0: CDF3CAE1  			defb $FD,$F3,$CA,$F3,$CD,$F3,$CA,$E1				; $E1DC ........
E1E4: CDDECAE1
E1E8: CDF3CAF3  			defb $CD,$DE,$CA,$E1,$CD,$F3,$CA,$F3				; $E1E4 ........
E1EC: 85F37AF3
E1F0: 85F3CAF3  			defb $85,$F3,$7A,$F3,$85,$F3,$CA,$F3				; $E1EC ..z.....
E1F4: C5FFEA00
E1F8: 000EC03E  			defb $C5,$FF,$EA,$00,$00,$0E,$C0,$3E				; $E1F4 .......>
E1FC: 507EACFE
E200: 550000FF  			defb $50,$7E,$AC,$FE,$55,$00,$00,$FF				; $E1FC P~..U...
E204: FF7FFC0F
E208: E0000077  			defb $FF,$7F,$FC,$0F,$E0,$00,$00,$77				; $E204 .......w
E20C: C0EFBA5F
E210: 0000007B  			defb $C0,$EF,$BA,$5F,$00,$00,$00,$7B				; $E20C ..._...{
E214: 00FB6A7B
E218: 0006E01F  			defb $00,$FB,$6A,$7B,$00,$06,$E0,$1F				; $E214 ..j{....
E21C: F83EF47F
E220: FA0000FE  			defb $F8,$3E,$F4,$7F,$FA,$00,$00,$FE				; $E21C .>......
E224: FDFFFAFD
E228: F5F7FA5F  			defb $FD,$FF,$FA,$FD,$F5,$F7,$FA,$5F				; $E224 ......._
E22C: F5FFEA00
E230: 007FEA3F  			defb $F5,$FF,$EA,$00,$00,$7F,$EA,$3F				; $E22C .......?
E234: D41F6806
E238: A0000000  			defb $D4,$1F,$68,$06,$A0,$00,$00,$00				; $E234 ..h.....
E23C: 00000000
E240: 0007E004  			defb $00,$00,$00,$00,$00,$07,$E0,$04				; $E23C ........
E244: 20700A75
E248: 6C72AA70  			defb $20,$70,$0A,$75,$6C,$72,$AA,$70				; $E244  p.ulr.p
E24C: 0E042006
E250: A0000000  			defb $0E,$04,$20,$06,$A0,$00,$00,$00				; $E24C .. .....
E254: 00000000
E258: 00000003  			defb $00,$00,$00,$00,$00,$00,$00,$03				; $E254 ........
E25C: C0018000
E260: 0007E004  			defb $C0,$01,$80,$00,$00,$07,$E0,$04				; $E25C ........
E264: 20700A75
E268: 6C72AA70  			defb $20,$70,$0A,$75,$6C,$72,$AA,$70				; $E264  p.ulr.p
E26C: 0E042006
E270: A0000001  			defb $0E,$04,$20,$06,$A0,$00,$00,$01				; $E26C .. .....
E274: 8003C000
E278: 00000003  			defb $80,$03,$C0,$00,$00,$00,$00,$03				; $E274 ........
E27C: 40038003
E280: 4000000D  			defb $40,$03,$80,$03,$40,$00,$00,$0D				; $E27C @...@...
E284: B0090009
E288: 90090009  			defb $B0,$09,$00,$09,$90,$09,$00,$09				; $E284 ........
E28C: 900D3000
E290: 00034003  			defb $90,$0D,$30,$00,$00,$03,$40,$03				; $E28C ..0...@.
E294: 80034000
E298: 0037F46F  			defb $80,$03,$40,$00,$00,$37,$F4,$6F				; $E294 ..@..7.o
E29C: FA6FFA6F
E2A0: F46FFA6F  			defb $FA,$6F,$FA,$6F,$F4,$6F,$FA,$6F				; $E29C .o.o.o.o
E2A4: F4400237
E2A8: F437E837  			defb $F4,$40,$02,$37,$F4,$37,$E8,$37				; $E2A4 .@.7.7.7
E2AC: F437E837
E2B0: F437E837  			defb $F4,$37,$E8,$37,$F4,$37,$E8,$37				; $E2AC .7.7.7.7
E2B4: F437E837
E2B8: F437E837  			defb $F4,$37,$E8,$37,$F4,$37,$E8,$37				; $E2B4 .7.7.7.7
E2BC: F437E837
E2C0: F437E837  			defb $F4,$37,$E8,$37,$F4,$37,$E8,$37				; $E2BC .7.7.7.7
E2C4: F437E837
E2C8: F437E837  			defb $F4,$37,$E8,$37,$F4,$37,$E8,$37				; $E2C4 .7.7.7.7
E2CC: D437E837
E2D0: D437E837  			defb $D4,$37,$E8,$37,$D4,$37,$E8,$37				; $E2CC .7.7.7.7
E2D4: D437A837
E2D8: 540000DF  			defb $D4,$37,$A8,$37,$54,$00,$00,$DF				; $E2D4 .7.7T...
E2DC: FFDFF500
E2E0: 0077EA00  			defb $FF,$DF,$F5,$00,$00,$77,$EA,$00				; $E2DC .....w..
E2E4: 001BE81B
E2E8: F01BE81B  			defb $00,$1B,$E8,$1B,$F0,$1B,$E8,$1B				; $E2E4 ........
E2EC: F01BE81B
E2F0: F01BE800  			defb $F0,$1B,$E8,$1B,$F0,$1B,$E8,$00				; $E2EC ........
E2F4: 0077EAEF
E2F8: 554FF4F3  			defb $00,$77,$EA,$EF,$55,$4F,$F4,$F3				; $E2F4 .w..UO..
E2FC: F93CF5CF
E300: 3973CC28  			defb $F9,$3C,$F5,$CF,$39,$73,$CC,$28				; $E2FC .<..9s.(
E304: F0353C2A
E308: 8F35572A  			defb $F0,$35,$3C,$2A,$8F,$35,$57,$2A				; $E304 .5<*.5W*
E30C: AB35536A
E310: ABD55300  			defb $AB,$35,$53,$6A,$AB,$D5,$53,$00				; $E30C .5Sj..S.
E314: 00FFFF3F
E318: FC000080  			defb $00,$FF,$FF,$3F,$FC,$00,$00,$80				; $E314 ...?....
E31C: 00B000B8
E320: 00780020  			defb $00,$B0,$00,$B8,$00,$78,$00,$20				; $E31C .....x. 
E324: 000C003C
E328: 005C0060  			defb $00,$0C,$00,$3C,$00,$5C,$00,$60				; $E324 ...<.\.`
E32C: 00780070
E330: 00400000  			defb $00,$78,$00,$70,$00,$40,$00,$00				; $E32C .x.p.@..
E334: 00000000
E338: 00C003FF  			defb $00,$00,$00,$00,$00,$C0,$03,$FF				; $E334 ........
E33C: FF00006F
E340: F64BD46F  			defb $FF,$00,$00,$6F,$F6,$4B,$D4,$6F				; $E33C ...o.K.o
E344: F64FF46F
E348: F64FF46F  			defb $F6,$4F,$F4,$6F,$F6,$4F,$F4,$6F				; $E344 .O.o.O.o
E34C: F64FF46F
E350: F64FF46B  			defb $F6,$4F,$F4,$6F,$F6,$4F,$F4,$6B				; $E34C .O.o.O.k
E354: D64FF46F
E358: F6000000  			defb $D6,$4F,$F4,$6F,$F6,$00,$00,$00				; $E354 .O.o....
E35C: 01000D00
E360: 1D001E00  			defb $01,$00,$0D,$00,$1D,$00,$1E,$00				; $E35C ........
E364: 04003000
E368: 3C003A00  			defb $04,$00,$30,$00,$3C,$00,$3A,$00				; $E364 ..0.<.:.
E36C: 06001E00
E370: 0E000200  			defb $06,$00,$1E,$00,$0E,$00,$02,$00				; $E36C ........
E374: 00000000
E378: 002FF29F  			defb $00,$00,$00,$00,$00,$2F,$F2,$9F				; $E374 ...../..
E37C: CFAF3C9C
E380: F333CE0F  			defb $CF,$AF,$3C,$9C,$F3,$33,$CE,$0F				; $E37C ..<..3..
E384: 143CACF1
E388: 54EAACD5  			defb $14,$3C,$AC,$F1,$54,$EA,$AC,$D5				; $E384 .<..T...
E38C: 54CAACD5
E390: 56CAAB00  			defb $54,$CA,$AC,$D5,$56,$CA,$AB,$00				; $E38C T...V...
E394: 00FFFF3F
E398: FC6FF64F  			defb $00,$FF,$FF,$3F,$FC,$6F,$F6,$4F				; $E394 ...?.o.O
E39C: F46BD64F
E3A0: F46FF64F  			defb $F4,$6B,$D6,$4F,$F4,$6F,$F6,$4F				; $E39C .k.O.o.O
E3A4: F46FF64F
E3A8: F46FF64F  			defb $F4,$6F,$F6,$4F,$F4,$6F,$F6,$4F				; $E3A4 .o.O.o.O
E3AC: F46FF64B
E3B0: D46FF600  			defb $F4,$6F,$F6,$4B,$D4,$6F,$F6,$00				; $E3AC .o.K.o..
E3B4: 00FFFFC0
E3B8: 0300007F  			defb $00,$FF,$FF,$C0,$03,$00,$00,$7F				; $E3B4 ........
E3BC: FF5FFF60
E3C0: 00600360  			defb $FF,$5F,$FF,$60,$00,$60,$03,$60				; $E3BC ._.`.`.`
E3C4: 0C6C3063
E3C8: 0060C06C  			defb $0C,$6C,$30,$63,$00,$60,$C0,$6C				; $E3C4 .l0c.`.l
E3CC: 30600C60
E3D0: 0360005F  			defb $30,$60,$0C,$60,$03,$60,$00,$5F				; $E3CC 0`.`.`._
E3D4: FF555500
E3D8: 000000FF  			defb $FF,$55,$55,$00,$00,$00,$00,$FF				; $E3D4 .UU.....
E3DC: FFFFFF00
E3E0: 00C00330  			defb $FF,$FF,$FF,$00,$00,$C0,$03,$30				; $E3DC .......0
E3E4: 0C0C3003
E3E8: 0000C00C  			defb $0C,$0C,$30,$03,$00,$00,$C0,$0C				; $E3E4 ..0.....
E3EC: 30300CC0
E3F0: 030000FF  			defb $30,$30,$0C,$C0,$03,$00,$00,$FF				; $E3EC 00......
E3F4: FF555500
E3F8: 000000FF  			defb $FF,$55,$55,$00,$00,$00,$00,$FF				; $E3F4 .UU.....
E3FC: FEFFFA00
E400: 06C00630  			defb $FE,$FF,$FA,$00,$06,$C0,$06,$30				; $E3FC .......0
E404: 060C3400
E408: C603040C  			defb $06,$0C,$34,$00,$C6,$03,$04,$0C				; $E404 ..4.....
E40C: 323004C0
E410: 020004FF  			defb $32,$30,$04,$C0,$02,$00,$04,$FF				; $E40C 20......
E414: FA555400
E418: 0000007F  			defb $FA,$55,$54,$00,$00,$00,$00,$7F				; $E414 .UT.....
E41C: FE5FF860
E420: 06624462  			defb $FE,$5F,$F8,$60,$06,$62,$44,$62				; $E41C ._.`.bDb
E424: 46610461
E428: 06608460  			defb $46,$61,$04,$61,$06,$60,$84,$60				; $E424 Fa.a.`.`
E42C: 86624462
E430: 46642464  			defb $86,$62,$44,$62,$46,$64,$24,$64				; $E42C .bDbFd$d
E434: 26681468
E438: 16681468  			defb $26,$68,$14,$68,$16,$68,$14,$68				; $E434 &h.h.h.h
E43C: 16642464
E440: 26624462  			defb $16,$64,$24,$64,$26,$62,$44,$62				; $E43C .d$d&bDb
E444: 46610461
E448: 06608460  			defb $46,$61,$04,$61,$06,$60,$84,$60				; $E444 Fa.a.`.`
E44C: 86624462
E450: 46642464  			defb $86,$62,$44,$62,$46,$64,$24,$64				; $E44C .bDbFd$d
E454: 26681468
E458: 16681468  			defb $26,$68,$14,$68,$16,$68,$14,$68				; $E454 &h.h.h.h
E45C: 16642464
E460: 26624462  			defb $16,$64,$24,$64,$26,$62,$44,$62				; $E45C .d$d&bDb
E464: 46608460
E468: 86610461  			defb $46,$60,$84,$60,$86,$61,$04,$61				; $E464 F`.`.a.a
E46C: 06624462
E470: 4660045F  			defb $06,$62,$44,$62,$46,$60,$04,$5F				; $E46C .bDbF`._
E474: AA7D5400
E478: 00000000  			defb $AA,$7D,$54,$00,$00,$00,$00,$00				; $E474 .}T.....
E47C: 00000000
E480: 00000100  			defb $00,$00,$00,$00,$00,$00,$01,$00				; $E47C ........
E484: 01000100
E488: 00000000  			defb $01,$00,$01,$00,$00,$00,$00,$00				; $E484 ........
E48C: 04000800
E490: 10001000  			defb $04,$00,$08,$00,$10,$00,$10,$00				; $E48C ........
E494: 20002000
E498: 20200040  			defb $20,$00,$20,$00,$20,$20,$00,$40				; $E494  . .  .@
E49C: 00800080
E4A0: 00080004  			defb $00,$80,$00,$80,$00,$08,$00,$04				; $E49C ........
E4A4: 00020083
E4A8: 00C10041  			defb $00,$02,$00,$83,$00,$C1,$00,$41				; $E4A4 .......A
E4AC: 00610021
E4B0: 00320018  			defb $00,$61,$00,$21,$00,$32,$00,$18				; $E4AC .a.!.2..
E4B4: 000C0034
E4B8: 00002000  			defb $00,$0C,$00,$34,$00,$00,$20,$00				; $E4B4 ...4.. .
E4BC: 13001A00
E4C0: 0C003600  			defb $13,$00,$1A,$00,$0C,$00,$36,$00				; $E4BC ......6.
E4C4: 76006300
E4C8: C300C300  			defb $76,$00,$63,$00,$C3,$00,$C3,$00				; $E4C4 v.c.....
E4CC: C600AE00
E4D0: E400D000  			defb $C6,$00,$AE,$00,$E4,$00,$D0,$00				; $E4CC ........
E4D4: 68007400
E4D8: BDC60006  			defb $68,$00,$74,$00,$BD,$C6,$00,$06				; $E4D4 h.t.....
E4DC: 00020003
E4E0: 00020003  			defb $00,$02,$00,$03,$00,$02,$00,$03				; $E4DC ........
E4E4: 00020007
E4E8: 0006000D  			defb $00,$02,$00,$07,$00,$06,$00,$0D				; $E4E4 ........
E4EC: 000A001E
E4F0: 0034007C  			defb $00,$0A,$00,$1E,$00,$34,$00,$7C				; $E4EC .....4.|
E4F4: 00E800F0
E4F8: 0003BB0F  			defb $00,$E8,$00,$F0,$00,$03,$BB,$0F				; $E4F4 ........
E4FC: D71FEF1F
E500: EF3F9F3F  			defb $D7,$1F,$EF,$1F,$EF,$3F,$9F,$3F				; $E4FC .....?.?
E504: 3F3E7F1E
E508: FF1AFE0D  			defb $3F,$3E,$7F,$1E,$FF,$1A,$FE,$0D				; $E504 ?>......
E50C: 7D0BBE07
E510: BD0FB21F  			defb $7D,$0B,$BE,$07,$BD,$0F,$B2,$1F				; $E50C }.......
E514: 697E16E8
E518: C0D000F3  			defb $69,$7E,$16,$E8,$C0,$D0,$00,$F3				; $E514 i~......
E51C: 00A5C0A9
E520: A0D7508F  			defb $00,$A5,$C0,$A9,$A0,$D7,$50,$8F				; $E51C ......P.
E524: A057D04F
E528: E84FD0AB  			defb $A0,$57,$D0,$4F,$E8,$4F,$D0,$AB				; $E524 .W.O.O..
E52C: E8A5D052
E530: E8A99054  			defb $E8,$A5,$D0,$52,$E8,$A9,$90,$54				; $E52C ...R...T
E534: 60AA9041
E538: 5A00000D  			defb $60,$AA,$90,$41,$5A,$00,$00,$0D				; $E534 `..AZ...
E53C: DF0DFF0D
E540: DF0DFF0D  			defb $DF,$0D,$FF,$0D,$DF,$0D,$FF,$0D				; $E53C ........
E544: DF0DFF0D
E548: DF00003B  			defb $DF,$0D,$FF,$0D,$DF,$00,$00,$3B				; $E544 .......;
E54C: 7F77FF76
E550: FFEFFFEE  			defb $7F,$77,$FF,$76,$FF,$EF,$FF,$EE				; $E54C .w.v....
E554: FFEFFF00
E558: 000000D5  			defb $FF,$EF,$FF,$00,$00,$00,$00,$D5				; $E554 ........
E55C: 50EAA0D5
E560: 50EAA0D5  			defb $50,$EA,$A0,$D5,$50,$EA,$A0,$D5				; $E55C P...P...
E564: 50AAA055
E568: 500000EA  			defb $50,$AA,$A0,$55,$50,$00,$00,$EA				; $E564 P..UP...
E56C: A8F556FA
E570: AAF555FA  			defb $A8,$F5,$56,$FA,$AA,$F5,$55,$FA				; $E56C ..V...U.
E574: AAF55500
E578: 000180FD  			defb $AA,$F5,$55,$00,$00,$01,$80,$FD				; $E574 ..U.....
E57C: 3FFDBF55
E580: 15018007  			defb $3F,$FD,$BF,$55,$15,$01,$80,$07				; $E57C ?..U....
E584: E00420F5
E588: 6F54A505  			defb $E0,$04,$20,$F5,$6F,$54,$A5,$05				; $E584 .. .oT..
E58C: 6007E001
E590: 80FD3FA9  			defb $60,$07,$E0,$01,$80,$FD,$3F,$A9				; $E58C `.....?.
E594: AA553501
E598: 80610C71  			defb $AA,$55,$35,$01,$80,$61,$0C,$71				; $E594 .U5..a.q
E59C: 8A610C71
E5A0: 8A600C77  			defb $8A,$61,$0C,$71,$8A,$60,$0C,$77				; $E59C .a.q.`.w
E5A4: EA0420FD
E5A8: 7FACB505  			defb $EA,$04,$20,$FD,$7F,$AC,$B5,$05				; $E5A4 .. .....
E5AC: 6067EE70
E5B0: 0A610C71  			defb $60,$67,$EE,$70,$0A,$61,$0C,$71				; $E5AC `g.p.a.q
E5B4: 8A610C71
E5B8: 8A000000  			defb $8A,$61,$0C,$71,$8A,$00,$00,$00				; $E5B4 .a.q....
E5BC: 00434342
E5C0: 43434242  			defb $00,$43,$43,$42,$43,$43,$42,$42				; $E5BC .CCBCCBB
E5C4: 43434242
E5C8: 43434243  			defb $43,$43,$42,$42,$43,$43,$42,$43				; $E5C4 CCBBCCBC
E5CC: 43434242
E5D0: 43004444  			defb $43,$43,$42,$42,$43,$00,$44,$44				; $E5CC CCBBC.DD
E5D4: 44440444
E5D8: 04040004  			defb $44,$44,$04,$44,$04,$04,$00,$04				; $E5D4 DD.D....
E5DC: 04474547
E5E0: 45440444  			defb $04,$47,$45,$47,$45,$44,$04,$44				; $E5DC .GEGED.D
E5E4: 04474547
E5E8: 45424343  			defb $04,$47,$45,$47,$45,$42,$43,$43				; $E5E4 .GEGEBCC
E5EC: 42000043
E5F0: 42424343  			defb $42,$00,$00,$43,$42,$42,$43,$43				; $E5EC B..CBBCC
E5F4: 42000043
E5F8: 42474547  			defb $42,$00,$00,$43,$42,$47,$45,$47				; $E5F4 B..CBGEG
E5FC: 45474547
E600: 45474547  			defb $45,$47,$45,$47,$45,$47,$45,$47				; $E5FC EGEGEGEG
E604: 45474547
E608: 45464606  			defb $45,$47,$45,$47,$45,$46,$46,$06				; $E604 EGEGEFF.
E60C: 06460646
E610: 06474547  			defb $06,$46,$06,$46,$06,$47,$45,$47				; $E60C .F.F.GEG
E614: 05450705
E618: 07474606  			defb $05,$45,$07,$05,$07,$47,$46,$06				; $E614 .E...GF.
E61C: 06434342
E620: 42434342  			defb $06,$43,$43,$42,$42,$43,$43,$42				; $E61C .CCBBCCB
E624: 42434342
E628: 42434342  			defb $42,$43,$43,$42,$42,$43,$43,$42				; $E624 BCCBBCCB
E62C: 42470747
E630: 07470747  			defb $42,$47,$07,$47,$07,$47,$07,$47				; $E62C BG.G.G.G
E634: 07470747
E638: 07470747  			defb $07,$47,$07,$47,$07,$47,$07,$47				; $E634 .G.G.G.G
E63C: 07470747
E640: 07470747  			defb $07,$47,$07,$47,$07,$47,$07,$47				; $E63C .G.G.G.G
E644: 07444444
E648: 44040404  			defb $07,$44,$44,$44,$44,$04,$04,$04				; $E644 .DDDD...
E64C: 04444444
E650: 44040404  			defb $04,$44,$44,$44,$44,$04,$04,$04				; $E64C .DDDD...
E654: 04474646
E658: 46060006  			defb $04,$47,$46,$46,$46,$06,$00,$06				; $E654 .GFFF...
E65C: 00060647
E660: 46060006  			defb $00,$06,$06,$47,$46,$06,$00,$06				; $E65C ...GF...
E664: 06474645
E668: 05460646  			defb $06,$47,$46,$45,$05,$46,$06,$46				; $E664 .GFE.F.F
E66C: 06464700
E670: 00054444  			defb $06,$46,$47,$00,$00,$05,$44,$44				; $E66C .FG...DD
E674: 04050444
E678: 04470606  			defb $04,$05,$04,$44,$04,$47,$06,$06				; $E674 ...D.G..
E67C: 06060606
E680: 00464647  			defb $06,$06,$06,$06,$00,$46,$46,$47				; $E67C .....FFG
E684: 46060006
E688: 00434242  			defb $46,$06,$00,$06,$00,$43,$42,$42				; $E684 F....CBB
E68C: 43434200
E690: 00434242  			defb $43,$43,$42,$00,$00,$43,$42,$42				; $E68C CCB..CBB
E694: 43434200
E698: 00474747  			defb $43,$43,$42,$00,$00,$47,$47,$47				; $E694 CCB..GGG
E69C: 47474747
E6A0: 47474747  			defb $47,$47,$47,$47,$47,$47,$47,$47				; $E69C GGGGGGGG
E6A4: 47450445
E6A8: 04450445  			defb $47,$45,$04,$45,$04,$45,$04,$45				; $E6A4 GE.E.E.E
E6AC: 04450445
E6B0: 04474747  			defb $04,$45,$04,$45,$04,$47,$47,$47				; $E6AC .E.E.GGG
E6B4: 47474747
E6B8: 47474747  			defb $47,$47,$47,$47,$47,$47,$47,$47				; $E6B4 GGGGGGGG
E6BC: 47474747
E6C0: 47474747  			defb $47,$47,$47,$47,$47,$47,$47,$47				; $E6BC GGGGGGGG
E6C4: 47474747
E6C8: 47474747  			defb $47,$47,$47,$47,$47,$47,$47,$47				; $E6C4 GGGGGGGG
E6CC: 47474747
E6D0: 47474547  			defb $47,$47,$47,$47,$47,$47,$45,$47				; $E6CC GGGGGGEG
E6D4: 45474547
E6D8: 45474547  			defb $45,$47,$45,$47,$45,$47,$45,$47				; $E6D4 EGEGEGEG
E6DC: 05474547
E6E0: 05474547  			defb $05,$47,$45,$47,$05,$47,$45,$47				; $E6DC .GEG.GEG
E6E4: 05474547
E6E8: 05474647  			defb $05,$47,$45,$47,$05,$47,$46,$47				; $E6E4 .GEG.GFG
E6EC: 46060606
E6F0: 06474545  			defb $46,$06,$06,$06,$06,$47,$45,$45				; $E6EC F....GEE
E6F4: 44440404
E6F8: 04454447  			defb $44,$44,$04,$04,$04,$45,$44,$47				; $E6F4 DD...EDG
E6FC: 05040444
E700: 04470747  			defb $05,$04,$04,$44,$04,$47,$07,$47				; $E6FC ...D.G.G
E704: 07070707
E708: 07470747  			defb $07,$07,$07,$07,$07,$47,$07,$47				; $E704 .....G.G
E70C: 07070707
E710: 07470747  			defb $07,$07,$07,$07,$07,$47,$07,$47				; $E70C .....G.G
E714: 07070707
E718: 07470747  			defb $07,$07,$07,$07,$07,$47,$07,$47				; $E714 .....G.G
E71C: 07070707
E720: 07474700  			defb $07,$07,$07,$07,$07,$47,$47,$00				; $E71C .....GG.
E724: 46464606
E728: 06464606  			defb $46,$46,$46,$06,$06,$46,$46,$06				; $E724 FFF..FF.
E72C: 06464606
E730: 06464606  			defb $06,$46,$46,$06,$06,$46,$46,$06				; $E72C .FF..FF.
E734: 06464606
E738: 06464606  			defb $06,$46,$46,$06,$06,$46,$46,$06				; $E734 .FF..FF.
E73C: 06464606
E740: 06464606  			defb $06,$46,$46,$06,$06,$46,$46,$06				; $E73C .FF..FF.
E744: 06460006
E748: 00060600  			defb $06,$46,$00,$06,$00,$06,$06,$00				; $E744 .F......
E74C: 06064606
E750: 06464606  			defb $06,$06,$46,$06,$06,$46,$46,$06				; $E74C ..F..FF.
E754: 06464606
E758: 06464606  			defb $06,$46,$46,$06,$06,$46,$46,$06				; $E754 .FF..FF.
E75C: 06464606
E760: 06464606  			defb $06,$46,$46,$06,$06,$46,$46,$06				; $E75C .FF..FF.
E764: 06464606
E768: 06460000  			defb $06,$46,$46,$06,$06,$46,$00,$00				; $E764 .FF..F..
E76C: 00000047
E770: 47000047  			defb $00,$00,$00,$47,$47,$00,$00,$47				; $E76C ...GG..G
E774: 47000000
E778: 47000047  			defb $47,$00,$00,$00,$47,$00,$00,$47				; $E774 G...G..G
E77C: 00004747
E780: 47450445  			defb $00,$00,$47,$47,$47,$45,$04,$45				; $E77C ..GGGE.E
E784: 04434243
E788: 42474647  			defb $04,$43,$42,$43,$42,$47,$46,$47				; $E784 .CBCBGFG
E78C: 46450545
E790: 05474647  			defb $46,$45,$05,$45,$05,$47,$46,$47				; $E78C FE.E.GFG
E794: 46470747
E798: 07444404  			defb $46,$47,$07,$47,$07,$44,$44,$04				; $E794 FG.G.DD.
E79C: 04454404
E7A0: 04440444  			defb $04,$45,$44,$04,$04,$44,$04,$44				; $E79C .ED..D.D
E7A4: 04474547
E7A8: 45474547  			defb $04,$47,$45,$47,$45,$47,$45,$47				; $E7A4 .GEGEGEG
E7AC: 45474547
E7B0: 45474547  			defb $45,$47,$45,$47,$45,$47,$45,$47				; $E7AC EGEGEGEG
E7B4: 45474547
E7B8: 45004242  			defb $45,$47,$45,$47,$45,$00,$42,$42				; $E7B4 EGEGE.BB
E7BC: 43434242
E7C0: 43430042  			defb $43,$43,$42,$42,$43,$43,$00,$42				; $E7BC CCBBCC.B
E7C4: 43474747
E7C8: 00470700  			defb $43,$47,$47,$47,$00,$47,$07,$00				; $E7C4 CGGG.G..
E7CC: 07460444
E7D0: 04440644  			defb $07,$46,$04,$44,$04,$44,$06,$44				; $E7CC .F.D.D.D
E7D4: 04440444
E7D8: 04440444  			defb $04,$44,$04,$44,$04,$44,$04,$44				; $E7D4 .D.D.D.D
E7DC: 04004747
E7E0: 47470047  			defb $04,$00,$47,$47,$47,$47,$00,$47				; $E7DC ..GGGG.G
E7E4: 07474547
E7E8: 45474747  			defb $07,$47,$45,$47,$45,$47,$47,$47				; $E7E4 .GEGEGGG
E7EC: 47470707
E7F0: 07470707  			defb $47,$47,$07,$07,$07,$47,$07,$07				; $E7EC GG...G..
E7F4: 07470707
E7F8: 07470747  			defb $07,$47,$07,$07,$07,$47,$07,$47				; $E7F4 .G...G.G
E7FC: 07440444
E800: 04440444  			defb $07,$44,$04,$44,$04,$44,$04,$44				; $E7FC .D.D.D.D
E804: 04440444
E808: 04470747  			defb $04,$44,$04,$44,$04,$47,$07,$47				; $E804 .D.D.G.G
E80C: 07070007
E810: 00474646  			defb $07,$07,$00,$07,$00,$47,$46,$46				; $E80C .....GFF
E814: 06004700
E818: 47470747  			defb $06,$00,$47,$00,$47,$47,$07,$47				; $E814 ..G.GG.G
E81C: 07460646
E820: 06444404  			defb $07,$46,$06,$46,$06,$44,$44,$04				; $E81C .F.F.DD.
E824: 04444404
E828: 04444404  			defb $04,$44,$44,$04,$04,$44,$44,$04				; $E824 .DD..DD.
E82C: 04440444
E830: 04440444  			defb $04,$44,$04,$44,$04,$44,$04,$44				; $E82C .D.D.D.D
E834: 04440444
E838: 04004700  			defb $04,$44,$04,$44,$04,$00,$47,$00				; $E834 .D.D..G.
E83C: 47450045
E840: 00004500  			defb $47,$45,$00,$45,$00,$00,$45,$00				; $E83C GE.E..E.
E844: 44440044
E848: 00454445  			defb $44,$44,$00,$44,$00,$45,$44,$45				; $E844 DD.D.EDE
E84C: 44040404
E850: 04454447  			defb $44,$04,$04,$04,$04,$45,$44,$47				; $E84C D....EDG
E854: 45040444
E858: 04454544  			defb $45,$04,$04,$44,$04,$45,$45,$44				; $E854 E..D.EED
E85C: 44454445
E860: 44C000E0  			defb $44,$45,$44,$45,$44,$C0,$00,$E0				; $E85C DEDED...
E864: 00140077
E868: 001400E0  			defb $00,$14,$00,$77,$00,$14,$00,$E0				; $E864 ...w....
E86C: 00C00000
E870: 00300038  			defb $00,$C0,$00,$00,$00,$30,$00,$38				; $E86C .....0.8
E874: 0005001D
E878: C0050038  			defb $00,$05,$00,$1D,$C0,$05,$00,$38				; $E874 .......8
E87C: 00300000
E880: 000C000E  			defb $00,$30,$00,$00,$00,$0C,$00,$0E				; $E87C .0......
E884: 00014007
E888: 7001400E  			defb $00,$01,$40,$07,$70,$01,$40,$0E				; $E884 ..@.p.@.
E88C: 000C0000
E890: 00030003  			defb $00,$0C,$00,$00,$00,$03,$00,$03				; $E88C ........
E894: 80005001
E898: DC005003  			defb $80,$00,$50,$01,$DC,$00,$50,$03				; $E894 ..P...P.
E89C: 80030000
E8A0: 00000003  			defb $80,$03,$00,$00,$00,$00,$00,$03				; $E89C ........
E8A4: 00070028
E8A8: 00EE0028  			defb $00,$07,$00,$28,$00,$EE,$00,$28				; $E8A4 ...(...(
E8AC: 00070003
E8B0: 00000000  			defb $00,$07,$00,$03,$00,$00,$00,$00				; $E8AC ........
E8B4: C001C00A
E8B8: 003B800A  			defb $C0,$01,$C0,$0A,$00,$3B,$80,$0A				; $E8B4 .....;..
E8BC: 0001C000
E8C0: C0000000  			defb $00,$01,$C0,$00,$C0,$00,$00,$00				; $E8BC ........
E8C4: 30007002
E8C8: 800EE002  			defb $30,$00,$70,$02,$80,$0E,$E0,$02				; $E8C4 0.p.....
E8CC: 80007000
E8D0: 30000000  			defb $80,$00,$70,$00,$30,$00,$00,$00				; $E8CC ..p.0...
E8D4: 0C001C00
E8D8: A003B800  			defb $0C,$00,$1C,$00,$A0,$03,$B8,$00				; $E8D4 ........
E8DC: A0001C00
E8E0: 0C1D107B  			defb $A0,$00,$1C,$00,$0C,$1D,$10,$7B				; $E8DC .......{
E8E4: 847EA1FD
E8E8: 48FE81FD  			defb $84,$7E,$A1,$FD,$48,$FE,$81,$FD				; $E8E4 .~..H...
E8EC: 503A8235
E8F0: 0807405E  			defb $50,$3A,$82,$35,$08,$07,$40,$5E				; $E8EC P:.5..@^
E8F4: E21FA0BF
E8F8: 543FA03F  			defb $E2,$1F,$A0,$BF,$54,$3F,$A0,$3F				; $E8F4 ....T?.?
E8FC: 520EA42D
E900: 4001D427  			defb $52,$0E,$A4,$2D,$40,$01,$D4,$27				; $E8FC R..-@..'
E904: B807E94F
E908: D40FE82F  			defb $B8,$07,$E9,$4F,$D4,$0F,$E8,$2F				; $E904 ...O.../
E90C: D503A803
E910: 50007445  			defb $D5,$03,$A8,$03,$50,$00,$74,$45				; $E90C ....P.tE
E914: EE11FA03
E918: F5ABFA03  			defb $EE,$11,$FA,$03,$F5,$AB,$FA,$03				; $E914 ........
E91C: F508EA12
E920: D4080049  			defb $F5,$08,$EA,$12,$D4,$08,$00,$49				; $E91C .......I
E924: 001C00FF
E928: 801C001C  			defb $00,$1C,$00,$FF,$80,$1C,$00,$1C				; $E924 ........
E92C: 00490008
E930: 00020012  			defb $00,$49,$00,$08,$00,$02,$00,$12				; $E92C .I......
E934: 4017402D
E938: A0070007  			defb $40,$17,$40,$2D,$A0,$07,$00,$07				; $E934 @.@-....
E93C: 80124002
E940: 00008006  			defb $80,$12,$40,$02,$00,$00,$80,$06				; $E93C ..@.....
E944: 9001C00E
E948: D8018003  			defb $90,$01,$C0,$0E,$D8,$01,$80,$03				; $E944 ........
E94C: C8049000
E950: 80002001  			defb $C8,$04,$90,$00,$80,$00,$20,$01				; $E94C ...... .
E954: 28007003
E958: EE003001  			defb $28,$00,$70,$03,$EE,$00,$30,$01				; $E954 (.p...0.
E95C: 74002000
E960: 20180042  			defb $74,$00,$20,$00,$20,$18,$00,$42				; $E95C t. . ..B
E964: 001800BD
E968: 00BD0018  			defb $00,$18,$00,$BD,$00,$BD,$00,$18				; $E964 ........
E96C: 00420018
E970: 00060010  			defb $00,$42,$00,$18,$00,$06,$00,$10				; $E96C .B......
E974: 8006002F
E978: 402F4006  			defb $80,$06,$00,$2F,$40,$2F,$40,$06				; $E974 .../@/@.
E97C: 00108006
E980: 00018004  			defb $00,$10,$80,$06,$00,$01,$80,$04				; $E97C ........
E984: 2001800B
E988: D00BD001  			defb $20,$01,$80,$0B,$D0,$0B,$D0,$01				; $E984  .......
E98C: 80042001
E990: 80006001  			defb $80,$04,$20,$01,$80,$00,$60,$01				; $E98C .. ...`.
E994: 08006002
E998: F402F400  			defb $08,$00,$60,$02,$F4,$02,$F4,$00				; $E994 ..`.....
E99C: 60010800
E9A0: 603C004E  			defb $60,$01,$08,$00,$60,$3C,$00,$4E				; $E99C `...`<.N
E9A4: 00BF00BF
E9A8: 00FF00FF  			defb $00,$BF,$00,$BF,$00,$FF,$00,$FF				; $E9A4 ........
E9AC: 007E003C
E9B0: 000F0013  			defb $00,$7E,$00,$3C,$00,$0F,$00,$13				; $E9AC .~.<....
E9B4: 802FC02F
E9B8: C03FC03F  			defb $80,$2F,$C0,$2F,$C0,$3F,$C0,$3F				; $E9B4 ././.?.?
E9BC: C01F800F
E9C0: 00000003  			defb $C0,$1F,$80,$0F,$00,$00,$00,$03				; $E9BC ........
E9C4: C006E005
E9C8: E007E007  			defb $C0,$06,$E0,$05,$E0,$07,$E0,$07				; $E9C4 ........
E9CC: E003C000
E9D0: 00000000  			defb $E0,$03,$C0,$00,$00,$00,$00,$00				; $E9CC ........
E9D4: F001B801
E9D8: 7801F801  			defb $F0,$01,$B8,$01,$78,$01,$F8,$01				; $E9D4 ....x...
E9DC: F800F000
E9E0: 00140040  			defb $F8,$00,$F0,$00,$00,$14,$00,$40				; $E9DC .......@
E9E4: 00150088
E9E8: 00540081  			defb $00,$15,$00,$88,$00,$54,$00,$81				; $E9E4 .....T..
E9EC: 00240008
E9F0: 00050010  			defb $00,$24,$00,$08,$00,$05,$00,$10				; $E9EC .$......
E9F4: 00054022
E9F8: 00150020  			defb $00,$05,$40,$22,$00,$15,$00,$20				; $E9F4 ..@"... 
E9FC: 40090002
EA00: 00014004  			defb $40,$09,$00,$02,$00,$01,$40,$04				; $E9FC @.....@.
EA04: 00015008
EA08: 80054008  			defb $00,$01,$50,$08,$80,$05,$40,$08				; $EA04 ..P...@.
EA0C: 10024000
EA10: 80005001  			defb $10,$02,$40,$00,$80,$00,$50,$01				; $EA0C ..@...P.
EA14: 00005402
EA18: 20015002  			defb $00,$00,$54,$02,$20,$01,$50,$02				; $EA14 ..T. .P.
EA1C: 04009000
EA20: 20100004  			defb $04,$00,$90,$00,$20,$10,$00,$04				; $EA1C .... ...
EA24: 00280052
EA28: 00080050  			defb $00,$28,$00,$52,$00,$08,$00,$50				; $EA24 .(.R...P
EA2C: 00040000
EA30: 00040001  			defb $00,$04,$00,$00,$00,$04,$00,$01				; $EA2C ........
EA34: 000A0014
EA38: 80020014  			defb $00,$0A,$00,$14,$80,$02,$00,$14				; $EA34 ........
EA3C: 00010000
EA40: 00010000  			defb $00,$01,$00,$00,$00,$01,$00,$00				; $EA3C ........
EA44: 40028005
EA48: 20008005  			defb $40,$02,$80,$05,$20,$00,$80,$05				; $EA44 @... ...
EA4C: 00004000
EA50: 00004000  			defb $00,$00,$40,$00,$00,$00,$40,$00				; $EA4C ..@...@.
EA54: 1000A001
EA58: 48002001  			defb $10,$00,$A0,$01,$48,$00,$20,$01				; $EA54 ....H. .
EA5C: 40001000
EA60: 00000008  			defb $40,$00,$10,$00,$00,$00,$00,$08				; $EA5C @.......
EA64: 0000002A
EA68: 00100008  			defb $00,$00,$00,$2A,$00,$10,$00,$08				; $EA64 ...*....
EA6C: 00000000
EA70: 00000002  			defb $00,$00,$00,$00,$00,$00,$00,$02				; $EA6C ........
EA74: 0000000A
EA78: 80040002  			defb $00,$00,$00,$0A,$80,$04,$00,$02				; $EA74 ........
EA7C: 00000000
EA80: 00000000  			defb $00,$00,$00,$00,$00,$00,$00,$00				; $EA7C ........
EA84: 80000002
EA88: A0010000  			defb $80,$00,$00,$02,$A0,$01,$00,$00				; $EA84 ........
EA8C: 80000000
EA90: 00000000  			defb $80,$00,$00,$00,$00,$00,$00,$00				; $EA8C ........
EA94: 20000000
EA98: A8004000  			defb $20,$00,$00,$00,$A8,$00,$40,$00				; $EA94  .....@.
EA9C: 20000000
EAA0: 00000000  			defb $20,$00,$00,$00,$00,$00,$00,$00				; $EA9C  .......
EAA4: 00000000
EAA8: 00000000  			defb $00,$00,$00,$00,$00,$00,$00,$00				; $EAA4 ........
EAAC: 00000000
EAB0: 00000000  			defb $00,$00,$00,$00,$00,$00,$00,$00				; $EAAC ........
EAB4: 00000000
EAB8: 00000000  			defb $00,$00,$00,$00,$00,$00,$00,$00				; $EAB4 ........
EABC: 00000000
EAC0: 00000000  			defb $00,$00,$00,$00,$00,$00,$00,$00				; $EABC ........
EAC4: 00000000
EAC8: 00000000  			defb $00,$00,$00,$00,$00,$00,$00,$00				; $EAC4 ........
EACC: 00000000
EAD0: 00000000  			defb $00,$00,$00,$00,$00,$00,$00,$00				; $EACC ........
EAD4: 00000000
EAD8: 00000000  			defb $00,$00,$00,$00,$00,$00,$00,$00				; $EAD4 ........
EADC: 00000000
EAE0: 003E0041  			defb $00,$00,$00,$00,$00,$3E,$00,$41				; $EADC .....>.A
EAE4: 009C00A2
EAE8: 00AA0092  			defb $00,$9C,$00,$A2,$00,$AA,$00,$92				; $EAE4 ........
EAEC: 0042003C
EAF0: 000F0010  			defb $00,$42,$00,$3C,$00,$0F,$00,$10				; $EAEC .B.<....
EAF4: 80264029
EAF8: 40254021  			defb $80,$26,$40,$29,$40,$25,$40,$21				; $EAF4 .&@)@%@!
EAFC: 401E4000
EB00: 8003C004  			defb $40,$1E,$40,$00,$80,$03,$C0,$04				; $EAFC @.@.....
EB04: 20049005
EB08: 50045003  			defb $20,$04,$90,$05,$50,$04,$50,$03				; $EB04  ...P.P.
EB0C: 90082007
EB10: C0010002  			defb $90,$08,$20,$07,$C0,$01,$00,$02				; $EB0C .. .....
EB14: 78028402
EB18: A4029402  			defb $78,$02,$84,$02,$A4,$02,$94,$02				; $EB14 x.......
EB1C: 64010800
EB20: F0000000  			defb $64,$01,$08,$00,$F0,$00,$00,$00				; $EB1C d.......
EB24: 00000000
EB28: 00000000  			defb $00,$00,$00,$00,$00,$00,$00,$00				; $EB24 ........
EB2C: 00000000
EB30: 00000000  			defb $00,$00,$00,$00,$00,$00,$00,$00				; $EB2C ........
EB34: 00000000
EB38: C3E5EFC3  			defb $00,$00,$00,$00,$C3,$E5,$EF,$C3				; $EB34 ........
EB3C: 93EF1E01
EB40: 3E014FCD  			defb $93,$EF,$1E,$01,$3E,$01,$4F,$CD				; $EB3C ....>.O.
EB44: C1EF7EFE
EB48: 09D24EEF  			defb $C1,$EF,$7E,$FE,$09,$D2,$4E,$EF				; $EB44 ..~...N.
EB4C: 4F2379DD
EB50: 2114F23D  			defb $4F,$23,$79,$DD,$21,$14,$F2,$3D				; $EB4C O#y.!..=
EB54: CA63EFDD
EB58: 2137F23D  			defb $CA,$63,$EF,$DD,$21,$37,$F2,$3D				; $EB54 .c..!7.=
EB5C: CA63EFDD
EB60: 215AF27E  			defb $CA,$63,$EF,$DD,$21,$5A,$F2,$7E				; $EB5C .c..!Z.~
EB64: FEF43E0A
EB68: C26EEF23  			defb $FE,$F4,$3E,$0A,$C2,$6E,$EF,$23				; $EB64 ..>..n.#
EB6C: 7E23DDBE
EB70: 10D8DD77  			defb $7E,$23,$DD,$BE,$10,$D8,$DD,$77				; $EB6C ~#.....w
EB74: 10DD7512
EB78: DD7413DD  			defb $10,$DD,$75,$12,$DD,$74,$13,$DD				; $EB74 ..u..t..
EB7C: 7514DD74
EB80: 15DD7516  			defb $75,$14,$DD,$74,$15,$DD,$75,$16				; $EB7C u..t..u.
EB84: DD7417DD
EB88: 361101AF  			defb $DD,$74,$17,$DD,$36,$11,$01,$AF				; $EB84 .t..6...
EB8C: DD7718DD
EB90: 7720C9AF  			defb $DD,$77,$18,$DD,$77,$20,$C9,$AF				; $EB8C .w..w ..
EB94: 3224F232
EB98: 47F2326A  			defb $32,$24,$F2,$32,$47,$F2,$32,$6A				; $EB94 2$.2G.2j
EB9C: F232FEF1
EBA0: 32FFF132  			defb $F2,$32,$FE,$F1,$32,$FF,$F1,$32				; $EB9C .2..2..2
EBA4: 00F23E3F
EBA8: 32FDF121  			defb $00,$F2,$3E,$3F,$32,$FD,$F1,$21				; $EBA4 ..>?2..!
EBAC: 03F21E0D
EBB0: 01FDFFED  			defb $03,$F2,$1E,$0D,$01,$FD,$FF,$ED				; $EBAC ........
EBB4: 5901FDBF
EBB8: 7E2BED79  			defb $59,$01,$FD,$BF,$7E,$2B,$ED,$79				; $EBB4 Y...~+.y
EBBC: 1DF2B0EF
EBC0: C97B87C6  			defb $1D,$F2,$B0,$EF,$C9,$7B,$87,$C6				; $EBBC .....{..
EBC4: A66FCEF3
EBC8: 95675E23  			defb $A6,$6F,$CE,$F3,$95,$67,$5E,$23				; $EBC4 .o...g^#
EBCC: 56218EF2
EBD0: 19C97B87  			defb $56,$21,$8E,$F2,$19,$C9,$7B,$87				; $EBCC V!....{.
EBD4: C6565FCE
EBD8: F393571A  			defb $C6,$56,$5F,$CE,$F3,$93,$57,$1A				; $EBD4 .V_...W.
EBDC: C68E4F13
EBE0: 1ACEF247  			defb $C6,$8E,$4F,$13,$1A,$CE,$F2,$47				; $EBDC ..O....G
EBE4: C9CDABEF
EBE8: DD2114F2  			defb $C9,$CD,$AB,$EF,$DD,$21,$14,$F2				; $EBE4 .....!..
EBEC: 2AF6F1CD
EBF0: 1BF02A04  			defb $2A,$F6,$F1,$CD,$1B,$F0,$2A,$04				; $EBEC *.....*.
EBF4: F222F6F1
EBF8: 2AF8F1DD  			defb $F2,$22,$F6,$F1,$2A,$F8,$F1,$DD				; $EBF4 ."..*...
EBFC: 2137F2CD
EC00: 1BF02A04  			defb $21,$37,$F2,$CD,$1B,$F0,$2A,$04				; $EBFC !7....*.
EC04: F222F8F1
EC08: 2AFAF1DD  			defb $F2,$22,$F8,$F1,$2A,$FA,$F1,$DD				; $EC04 ."..*...
EC0C: 215AF2CD
EC10: 1BF02A04  			defb $21,$5A,$F2,$CD,$1B,$F0,$2A,$04				; $EC0C !Z....*.
EC14: F222FAF1
EC18: C3B1F122  			defb $F2,$22,$FA,$F1,$C3,$B1,$F1,$22				; $EC14 ."....."
EC1C: 04F2DD7E
EC20: 10B7C8DD  			defb $04,$F2,$DD,$7E,$10,$B7,$C8,$DD				; $EC1C ...~....
EC24: 3511C262
EC28: F1DD361E  			defb $35,$11,$C2,$62,$F1,$DD,$36,$1E				; $EC24 5..b..6.
EC2C: 14DD6613
EC30: DD6E127E  			defb $14,$DD,$66,$13,$DD,$6E,$12,$7E				; $EC2C ..f..n.~
EC34: 235E23DD
EC38: 7413DD75  			defb $23,$5E,$23,$DD,$74,$13,$DD,$75				; $EC34 #^#.t..u
EC3C: 12DD351E
EC40: C8FE00CA  			defb $12,$DD,$35,$1E,$C8,$FE,$00,$CA				; $EC3C ..5.....
EC44: 16F1FE09
EC48: DA89F0FE  			defb $16,$F1,$FE,$09,$DA,$89,$F0,$FE				; $EC44 ........
EC4C: 65DA13F1
EC50: FEE4CA93  			defb $65,$DA,$13,$F1,$FE,$E4,$CA,$93				; $EC4C e.......
EC54: F0FEE3CA
EC58: 11F1FEE1  			defb $F0,$FE,$E3,$CA,$11,$F1,$FE,$E1				; $EC54 ........
EC5C: CAE6F0FE
EC60: E9CAA4F0  			defb $CA,$E6,$F0,$FE,$E9,$CA,$A4,$F0				; $EC5C ........
EC64: FEE8CAB0
EC68: F0FEEACA  			defb $FE,$E8,$CA,$B0,$F0,$FE,$EA,$CA				; $EC64 ........
EC6C: BCF0FEE2
EC70: CAF9F0FE  			defb $BC,$F0,$FE,$E2,$CA,$F9,$F0,$FE				; $EC6C ........
EC74: E5CAC6F0
EC78: FEE6CA9E  			defb $E5,$CA,$C6,$F0,$FE,$E6,$CA,$9E				; $EC74 ........
EC7C: F0FEF0CA
EC80: F3F0FEFF  			defb $F0,$FE,$F0,$CA,$F3,$F0,$FE,$FF				; $EC7C ........
EC84: CAD2F018
EC88: AADDE5CD  			defb $CA,$D2,$F0,$18,$AA,$DD,$E5,$CD				; $EC84 ........
EC8C: 42EFDDE1
EC90: C32DF07B  			defb $42,$EF,$DD,$E1,$C3,$2D,$F0,$7B				; $EC8C B....-.{
EC94: 32FCF1DD
EC98: 361901C3  			defb $32,$FC,$F1,$DD,$36,$19,$01,$C3				; $EC94 2...6...
EC9C: 33F0DD73
ECA0: 18C333F0  			defb $33,$F0,$DD,$73,$18,$C3,$33,$F0				; $EC9C 3..s..3.
ECA4: CDD2EFDD
ECA8: 710EDD70  			defb $CD,$D2,$EF,$DD,$71,$0E,$DD,$70				; $ECA4 ....q..p
ECAC: 0FC333F0
ECB0: CDD2EFDD  			defb $0F,$C3,$33,$F0,$CD,$D2,$EF,$DD				; $ECAC ..3.....
ECB4: 710CDD70
ECB8: 0DC333F0  			defb $71,$0C,$DD,$70,$0D,$C3,$33,$F0				; $ECB4 q..p..3.
ECBC: CDD2EFED
ECC0: 4312F2C3  			defb $CD,$D2,$EF,$ED,$43,$12,$F2,$C3				; $ECBC ....C...
ECC4: 33F0DD74
ECC8: 15DD7514  			defb $33,$F0,$DD,$74,$15,$DD,$75,$14				; $ECC4 3..t..u.
ECCC: CDC1EFC3
ECD0: 33F0DD66  			defb $CD,$C1,$EF,$C3,$33,$F0,$DD,$66				; $ECCC ....3..f
ECD4: 15DD6E14
ECD8: 7E3CC233  			defb $15,$DD,$6E,$14,$7E,$3C,$C2,$33				; $ECD4 ..n.~<.3
ECDC: F0DD6617
ECE0: DD6E16C3  			defb $F0,$DD,$66,$17,$DD,$6E,$16,$C3				; $ECDC ..f..n..
ECE4: 33F0DD36
ECE8: 1000DD66  			defb $33,$F0,$DD,$36,$10,$00,$DD,$66				; $ECE4 3..6...f
ECEC: 1DDD6E1C
ECF0: 3600C9DD  			defb $1D,$DD,$6E,$1C,$36,$00,$C9,$DD				; $ECEC ..n.6...
ECF4: 7320C333
ECF8: F021B228  			defb $73,$20,$C3,$33,$F0,$21,$B2,$28				; $ECF4 s .3.!.(
ECFC: 4D442929
ED00: 09292929  			defb $4D,$44,$29,$29,$09,$29,$29,$29				; $ECFC MD)).)))
ED04: 0922FAF0
ED08: 7CA33C32  			defb $09,$22,$FA,$F0,$7C,$A3,$3C,$32				; $ED04 ."..|.<2
ED0C: 12F1C32D
ED10: F03E2ADD  			defb $12,$F1,$C3,$2D,$F0,$3E,$2A,$DD				; $ED0C ...-.>*.
ED14: 8618DD73
ED18: 11DD7721  			defb $86,$18,$DD,$73,$11,$DD,$77,$21				; $ED14 ...s..w!
ED1C: CDA1F1DD
ED20: 661DDD6E  			defb $CD,$A1,$F1,$DD,$66,$1D,$DD,$6E				; $ED1C ....f..n
ED24: 1C3600DD
ED28: E5D12108  			defb $1C,$36,$00,$DD,$E5,$D1,$21,$08				; $ED24 .6....!.
ED2C: 0019EDA0
ED30: EDA0EDA0  			defb $00,$19,$ED,$A0,$ED,$A0,$ED,$A0				; $ED2C ........
ED34: EDA0EDA0
ED38: EDA0EDA0  			defb $ED,$A0,$ED,$A0,$ED,$A0,$ED,$A0				; $ED34 ........
ED3C: EDA0DD35
ED40: 19DD3619  			defb $ED,$A0,$DD,$35,$19,$DD,$36,$19				; $ED3C ...5..6.
ED44: 00DD6E1A
ED48: 200C2A12  			defb $00,$DD,$6E,$1A,$20,$0C,$2A,$12				; $ED44 ..n. .*.
ED4C: F2220AF2
ED50: 21000022  			defb $F2,$22,$0A,$F2,$21,$00,$00,$22				; $ED4C ."..!.."
ED54: 06F23AFD
ED58: F1DDA61B  			defb $06,$F2,$3A,$FD,$F1,$DD,$A6,$1B				; $ED54 ..:.....
ED5C: B5E63F32
ED60: FDF1CDC9  			defb $B5,$E6,$3F,$32,$FD,$F1,$CD,$C9				; $ED5C ..?2....
ED64: F1DD661D
ED68: DD6E1C7E  			defb $F1,$DD,$66,$1D,$DD,$6E,$1C,$7E				; $ED64 ..f..n.~
ED6C: 81D68077
ED70: 2A04F27C  			defb $81,$D6,$80,$77,$2A,$04,$F2,$7C				; $ED6C ...w*..|
ED74: B5C8DD7E
ED78: 20B7C292  			defb $B5,$C8,$DD,$7E,$20,$B7,$C2,$92				; $ED74 ...~ ...
ED7C: F1DD23DD
ED80: 23CDC9F1  			defb $F1,$DD,$23,$DD,$23,$CD,$C9,$F1				; $ED7C ..#.#...
ED84: 2A04F206
ED88: 00090E80  			defb $2A,$04,$F2,$06,$00,$09,$0E,$80				; $ED84 *.......
ED8C: ED422204
ED90: F2C9DD35  			defb $ED,$42,$22,$04,$F2,$C9,$DD,$35				; $ED8C .B"....5
ED94: 22DD7E21
ED98: 2807DD86  			defb $22,$DD,$7E,$21,$28,$07,$DD,$86				; $ED94 ".~!(...
ED9C: 20DD3622
EDA0: 0187C68E  			defb $20,$DD,$36,$22,$01,$87,$C6,$8E				; $ED9C  .6"....
EDA4: 6FCEF295
EDA8: 671104F2  			defb $6F,$CE,$F2,$95,$67,$11,$04,$F2				; $EDA4 o...g...
EDAC: EDA0EDA0
EDB0: C9DD2106  			defb $ED,$A0,$ED,$A0,$C9,$DD,$21,$06				; $EDAC ......!.
EDB4: F2CDC9F1
EDB8: 21FCF17E  			defb $F2,$CD,$C9,$F1,$21,$FC,$F1,$7E				; $EDB4 ....!..~
EDBC: 81D68077
EDC0: FE11D823  			defb $81,$D6,$80,$77,$FE,$11,$D8,$23				; $EDBC ...w...#
EDC4: 7EF63877
EDC8: C9DDE5E1  			defb $7E,$F6,$38,$77,$C9,$DD,$E5,$E1				; $EDC4 ~.8w....
EDCC: DD5605DD
EDD0: 5E04341A  			defb $DD,$56,$05,$DD,$5E,$04,$34,$1A				; $EDCC .V..^.4.
EDD4: 960E80C0
EDD8: 77131A4F  			defb $96,$0E,$80,$C0,$77,$13,$1A,$4F				; $EDD4 ....w..O
EDDC: 1323341A
EDE0: 96C07713  			defb $13,$23,$34,$1A,$96,$C0,$77,$13				; $EDDC .#4...w.
EDE4: 1A3CC2EF
EDE8: F1DD560D  			defb $1A,$3C,$C2,$EF,$F1,$DD,$56,$0D				; $EDE4 .<....V.
EDEC: DD5E0CDD
EDF0: 7205DD73  			defb $DD,$5E,$0C,$DD,$72,$05,$DD,$73				; $EDEC .^..r..s
EDF4: 04C9A801
EDF8: 00000000  			defb $04,$C9,$A8,$01,$00,$00,$00,$00				; $EDF4 ........
EDFC: 2F3F0000
EE00: 0064000A  			defb $2F,$3F,$00,$00,$00,$64,$00,$0A				; $EDFC /?...d..
EE04: 00004A01
EE08: 0A000000  			defb $00,$00,$4A,$01,$0A,$00,$00,$00				; $EE04 ..J.....
EE0C: 04000000
EE10: 12000000  			defb $04,$00,$00,$00,$12,$00,$00,$00				; $EE0C ........
EE14: 00020000
EE18: 1BF471F4  			defb $00,$02,$00,$00,$1B,$F4,$71,$F4				; $EE14 ......q.
EE1C: 00000000
EE20: 18F471F4  			defb $00,$00,$00,$00,$18,$F4,$71,$F4				; $EE1C ......q.
EE24: 000A5EF6
EE28: 75F56FF5  			defb $00,$0A,$5E,$F6,$75,$F5,$6F,$F5				; $EE24 ..^.u.o.
EE2C: 07000836
EE30: FEF11200  			defb $07,$00,$08,$36,$FE,$F1,$12,$00				; $EE2C ...6....
EE34: 10290100
EE38: 00000000  			defb $10,$29,$01,$00,$00,$00,$00,$00				; $EE34 .)......
EE3C: 00000000
EE40: 00000000  			defb $00,$00,$00,$00,$00,$00,$00,$00				; $EE3C ........
EE44: 00000000
EE48: 00000000  			defb $00,$00,$00,$00,$00,$00,$00,$00				; $EE44 ........
EE4C: 00000000
EE50: 00102DFF  			defb $00,$00,$00,$00,$00,$10,$2D,$FF				; $EE4C ......-.
EE54: F1000000
EE58: 00000000  			defb $F1,$00,$00,$00,$00,$00,$00,$00				; $EE54 ........
EE5C: 00000000
EE60: 00000000  			defb $00,$00,$00,$00,$00,$00,$00,$00				; $EE5C ........
EE64: 00000000
EE68: 00000000  			defb $00,$00,$00,$00,$00,$00,$00,$00				; $EE64 ........
EE6C: 00000000
EE70: 00000000  			defb $00,$00,$00,$00,$00,$00,$00,$00				; $EE6C ........
EE74: 201B00F2
EE78: 00000000  			defb $20,$1B,$00,$F2,$00,$00,$00,$00				; $EE74  .......
EE7C: 002A0000
EE80: 00000000  			defb $00,$2A,$00,$00,$00,$00,$00,$00				; $EE7C .*......
EE84: 00000000
EE88: 00000000  			defb $00,$00,$00,$00,$00,$00,$00,$00				; $EE84 ........
EE8C: 00000000
EE90: 172ABA27  			defb $00,$00,$00,$00,$17,$2A,$BA,$27				; $EE8C .....*.'
EE94: 80256523
EE98: 6821881F  			defb $80,$25,$65,$23,$68,$21,$88,$1F				; $EE94 .%e#h!..
EE9C: C31D181C
EEA0: 841A0719  			defb $C3,$1D,$18,$1C,$84,$1A,$07,$19				; $EE9C ........
EEA4: 9F174C16
EEA8: 0C15DD13  			defb $9F,$17,$4C,$16,$0C,$15,$DD,$13				; $EEA4 ..L.....
EEAC: C012B211
EEB0: B410C40F  			defb $C0,$12,$B2,$11,$B4,$10,$C4,$0F				; $EEAC ........
EEB4: E20E0C0E
EEB8: 420D840C  			defb $E2,$0E,$0C,$0E,$42,$0D,$84,$0C				; $EEB4 ....B...
EEBC: D00B260B
EEC0: 860AEF09  			defb $D0,$0B,$26,$0B,$86,$0A,$EF,$09				; $EEBC ..&.....
EEC4: 6009D908
EEC8: 5A08E207  			defb $60,$09,$D9,$08,$5A,$08,$E2,$07				; $EEC4 `...Z...
EECC: 71070607
EED0: A1064206  			defb $71,$07,$06,$07,$A1,$06,$42,$06				; $EECC q.....B.
EED4: E8059305
EED8: 4305F704  			defb $E8,$05,$93,$05,$43,$05,$F7,$04				; $EED4 ....C...
EEDC: B0046D04
EEE0: 2D04F103  			defb $B0,$04,$6D,$04,$2D,$04,$F1,$03				; $EEDC ..m.-...
EEE4: B8038303
EEE8: 50032103  			defb $B8,$03,$83,$03,$50,$03,$21,$03				; $EEE4 ....P.!.
EEEC: F402CA02
EEF0: A1027C02  			defb $F4,$02,$CA,$02,$A1,$02,$7C,$02				; $EEEC ......|.
EEF4: 58023602
EEF8: 1702F901  			defb $58,$02,$36,$02,$17,$02,$F9,$01				; $EEF4 X.6.....
EEFC: DC01C101
EF00: A8019001  			defb $DC,$01,$C1,$01,$A8,$01,$90,$01				; $EEFC ........
EF04: 7A016501
EF08: 51013E01  			defb $7A,$01,$65,$01,$51,$01,$3E,$01				; $EF04 z.e.Q.>.
EF0C: 2C011B01
EF10: 0B01FC00  			defb $2C,$01,$1B,$01,$0B,$01,$FC,$00				; $EF0C ,.......
EF14: EE00E100
EF18: D400C800  			defb $EE,$00,$E1,$00,$D4,$00,$C8,$00				; $EF14 ........
EF1C: BD00B200
EF20: A8009F00  			defb $BD,$00,$B2,$00,$A8,$00,$9F,$00				; $EF1C ........
EF24: 96008E00
EF28: 86007E00  			defb $96,$00,$8E,$00,$86,$00,$7E,$00				; $EF24 ......~.
EF2C: 77007000
EF30: 6A006400  			defb $77,$00,$70,$00,$6A,$00,$64,$00				; $EF2C w.p.j.d.
EF34: 5E005900
EF38: 54004F00  			defb $5E,$00,$59,$00,$54,$00,$4F,$00				; $EF34 ^.Y.T.O.
EF3C: 4B004700
EF40: 43003F00  			defb $4B,$00,$47,$00,$43,$00,$3F,$00				; $EF3C K.G.C.?.
EF44: 3C003800
EF48: 35003200  			defb $3C,$00,$38,$00,$35,$00,$32,$00				; $EF44 <.8.5.2.
EF4C: 2F002D00
EF50: 2A002800  			defb $2F,$00,$2D,$00,$2A,$00,$28,$00				; $EF4C /.-.*.(.
EF54: 00007C01
EF58: 80018A01  			defb $00,$00,$7C,$01,$80,$01,$8A,$01				; $EF54 ..|.....
EF5C: 94019501
EF60: 9C01A901  			defb $94,$01,$95,$01,$9C,$01,$A9,$01				; $EF5C ........
EF64: B601C301
EF68: CD01CE01  			defb $B6,$01,$C3,$01,$CD,$01,$CE,$01				; $EF64 ........
EF6C: CF01D901
EF70: E301ED01  			defb $CF,$01,$D9,$01,$E3,$01,$ED,$01				; $EF6C ........
EF74: F7010102
EF78: 0B021202  			defb $F7,$01,$01,$02,$0B,$02,$12,$02				; $EF74 ........
EF7C: 28022C02
EF80: 30023A02  			defb $28,$02,$2C,$02,$30,$02,$3A,$02				; $EF7C (.,.0.:.
EF84: 47024802
EF88: 58025F02  			defb $47,$02,$48,$02,$58,$02,$5F,$02				; $EF84 G.H.X._.
EF8C: 66026702
EF90: 6B027802  			defb $66,$02,$67,$02,$6B,$02,$78,$02				; $EF8C f.g.k.x.
EF94: 7F028002
EF98: 81028202  			defb $7F,$02,$80,$02,$81,$02,$82,$02				; $EF94 ........
EF9C: 8C02A502
EFA0: BE02CE02  			defb $8C,$02,$A5,$02,$BE,$02,$CE,$02				; $EF9C ........
EFA4: 0000DA02
EFA8: E0029C03  			defb $00,$00,$DA,$02,$E0,$02,$9C,$03				; $EFA4 ........
EFAC: A503B003
EFB0: E5036E04  			defb $A5,$03,$B0,$03,$E5,$03,$6E,$04				; $EFAC ......n.
EFB4: F1041805
EFB8: 3F056C05  			defb $F1,$04,$18,$05,$3F,$05,$6C,$05				; $EFB4 ....?.l.
EFBC: 77057C05
EFC0: 97051A06  			defb $77,$05,$7C,$05,$97,$05,$1A,$06				; $EFBC w.|.....
EFC4: 1D063206
EFC8: C306E006  			defb $1D,$06,$32,$06,$C3,$06,$E0,$06				; $EFC4 ..2.....
EFCC: F9061407
EFD0: 87078C07  			defb $F9,$06,$14,$07,$87,$07,$8C,$07				; $EFCC ........
EFD4: 9607A407
EFD8: AE07B807  			defb $96,$07,$A4,$07,$AE,$07,$B8,$07				; $EFD4 ........
EFDC: C807D807
EFE0: E207F007  			defb $C8,$07,$D8,$07,$E2,$07,$F0,$07				; $EFDC ........
EFE4: FE070808
EFE8: 18082A08  			defb $FE,$07,$08,$08,$18,$08,$2A,$08				; $EFE4 ......*.
EFEC: 38083B08
EFF0: 48085B08  			defb $38,$08,$3B,$08,$48,$08,$5B,$08				; $EFEC 8.;.H.[.
EFF4: 9408A708
EFF8: C508E208  			defb $94,$08,$A7,$08,$C5,$08,$E2,$08				; $EFF4 ........
EFFC: 4A1A581A
F000: 621AAE1A  			defb $4A,$1A,$58,$1A,$62,$1A,$AE,$1A				; $EFFC J.X.b...
F004: CA1AE51A
F008: 0000C880  			defb $CA,$1A,$E5,$1A,$00,$00,$C8,$80				; $F004 ........
F00C: C8FF0181
F010: 0D097F09  			defb $C8,$FF,$01,$81,$0D,$09,$7F,$09				; $F00C ........
F014: C880C8FF
F018: 018D0101  			defb $C8,$80,$C8,$FF,$01,$8D,$01,$01				; $F014 ........
F01C: 7F040177
F020: 01FFFF01  			defb $7F,$04,$01,$77,$01,$FF,$FF,$01				; $F01C ...w....
F024: 8701C880
F028: C8FF018C  			defb $87,$01,$C8,$80,$C8,$FF,$01,$8C				; $F024 ........
F02C: 010A7F08
F030: 147F04C8  			defb $01,$0A,$7F,$08,$14,$7F,$04,$C8				; $F02C ........
F034: 80C8FF01
F038: 8D01027F  			defb $80,$C8,$FF,$01,$8D,$01,$02,$7F				; $F034 ........
F03C: 070C7F06
F040: C880C8FF  			defb $07,$0C,$7F,$06,$C8,$80,$C8,$FF				; $F03C ........
F044: 018D0101
F048: 7F0B097F  			defb $01,$8D,$01,$01,$7F,$0B,$09,$7F				; $F044 ........
F04C: 02C880C8
F050: FF018801  			defb $02,$C8,$80,$C8,$FF,$01,$88,$01				; $F04C ........
F054: 018201C8
F058: 80C8FFFF  			defb $01,$82,$01,$C8,$80,$C8,$FF,$FF				; $F054 ........
F05C: FF017701
F060: 018303C8  			defb $FF,$01,$77,$01,$01,$83,$03,$C8				; $F05C ..w.....
F064: 80C8FF02
F068: 8102027F  			defb $80,$C8,$FF,$02,$81,$02,$02,$7F				; $F064 ........
F06C: 03028101
F070: FF018102  			defb $03,$02,$81,$01,$FF,$01,$81,$02				; $F06C ........
F074: 017F0401
F078: 8102FF01  			defb $01,$7F,$04,$01,$81,$02,$FF,$01				; $F074 ........
F07C: 89010179
F080: 01C880C8  			defb $89,$01,$01,$79,$01,$C8,$80,$C8				; $F07C ...y....
F084: FF018202
F088: 017E0401  			defb $FF,$01,$82,$02,$01,$7E,$04,$01				; $F084 .....~..
F08C: 8202FF01
F090: 87030179  			defb $82,$02,$FF,$01,$87,$03,$01,$79				; $F08C .......y
F094: 06018703
F098: FF01880A  			defb $06,$01,$87,$03,$FF,$01,$88,$0A				; $F094 ........
F09C: 0196C8FF
F0A0: 01930101  			defb $01,$96,$C8,$FF,$01,$93,$01,$01				; $F09C ........
F0A4: 6D01017F
F0A8: 02018104  			defb $6D,$01,$01,$7F,$02,$01,$81,$04				; $F0A4 m.......
F0AC: 017F0401
F0B0: 8102C880  			defb $01,$7F,$04,$01,$81,$02,$C8,$80				; $F0AC ........
F0B4: C8FF0281
F0B8: C8FF027F  			defb $C8,$FF,$02,$81,$C8,$FF,$02,$7F				; $F0B4 ........
F0BC: C8FF0180
F0C0: 0101B401  			defb $C8,$FF,$01,$80,$01,$01,$B4,$01				; $F0BC ........
F0C4: C880C8FF
F0C8: 01800101  			defb $C8,$80,$C8,$FF,$01,$80,$01,$01				; $F0C4 ........
F0CC: 8B0101B4
F0D0: 01C880C8  			defb $8B,$01,$01,$B4,$01,$C8,$80,$C8				; $F0CC ........
F0D4: FFFF0185
F0D8: 03017101  			defb $FF,$FF,$01,$85,$03,$01,$71,$01				; $F0D4 ......q.
F0DC: 01800101
F0E0: 8F01017B  			defb $01,$80,$01,$01,$8F,$01,$01,$7B				; $F0DC .......{
F0E4: 03FF0185
F0E8: 03017101  			defb $03,$FF,$01,$85,$03,$01,$71,$01				; $F0E4 ......q.
F0EC: FF019601
F0F0: 027902FF  			defb $FF,$01,$96,$01,$02,$79,$02,$FF				; $F0EC .....y..
F0F4: FF01A1C8
F0F8: FF018503  			defb $FF,$01,$A1,$C8,$FF,$01,$85,$03				; $F0F4 ........
F0FC: 097D040E
F100: 7F03C880  			defb $09,$7D,$04,$0E,$7F,$03,$C8,$80				; $F0FC .}......
F104: C8FF0184
F108: 01017F01  			defb $C8,$FF,$01,$84,$01,$01,$7F,$01				; $F104 ........
F10C: FFFFFFFF
F110: 028D0102  			defb $FF,$FF,$FF,$FF,$02,$8D,$01,$02				; $F10C ........
F114: 6701C880
F118: C8FF018F  			defb $67,$01,$C8,$80,$C8,$FF,$01,$8F				; $F114 g.......
F11C: 01088001
F120: 027F0104  			defb $01,$08,$80,$01,$02,$7F,$01,$04				; $F11C ........
F124: 7F01077F
F128: 020C7F04  			defb $7F,$01,$07,$7F,$02,$0C,$7F,$04				; $F124 ........
F12C: 167F07C8
F130: 80C8FF01  			defb $16,$7F,$07,$C8,$80,$C8,$FF,$01				; $F12C ........
F134: 7901018B
F138: 01016F01  			defb $79,$01,$01,$8B,$01,$01,$6F,$01				; $F134 y.....o.
F13C: 019B0101
F140: 5B0101AF  			defb $01,$9B,$01,$01,$5B,$01,$01,$AF				; $F13C ....[...
F144: 01014701
F148: 01C301FF  			defb $01,$01,$47,$01,$01,$C3,$01,$FF				; $F144 ..G.....
F14C: 018F0101
F150: 7A010186  			defb $01,$8F,$01,$01,$7A,$01,$01,$86				; $F14C ....z...
F154: 01017F09
F158: 087F06FF  			defb $01,$01,$7F,$09,$08,$7F,$06,$FF				; $F154 ........
F15C: 01990301
F160: 79070A7E  			defb $01,$99,$03,$01,$79,$07,$0A,$7E				; $F15C ....y..~
F164: C8FF019B
F168: E1FFFFFF  			defb $C8,$FF,$01,$9B,$E1,$FF,$FF,$FF				; $F164 ........
F16C: FFAF01E8
F170: 000030E5  			defb $FF,$AF,$01,$E8,$00,$00,$30,$E5				; $F16C ......0.
F174: 040202E5
F178: 040203E5  			defb $04,$02,$02,$E5,$04,$02,$03,$E5				; $F174 ........
F17C: 04020800
F180: 540204E5  			defb $04,$02,$08,$00,$54,$02,$04,$E5				; $F17C ....T...
F184: 050204E5
F188: 060204E5  			defb $05,$02,$04,$E5,$06,$02,$04,$E5				; $F184 ........
F18C: 050204E5
F190: 060200E4  			defb $05,$02,$04,$E5,$06,$02,$00,$E4				; $F18C ........
F194: 060006E4
F198: 060006E5  			defb $06,$00,$06,$E4,$06,$00,$06,$E5				; $F194 ........
F19C: 0DE510E5
F1A0: 0DE510E5  			defb $0D,$E5,$10,$E5,$0D,$E5,$10,$E5				; $F19C ........
F1A4: 08E508E5
F1A8: 08E50C02  			defb $08,$E5,$08,$E5,$08,$E5,$0C,$02				; $F1A4 ........
F1AC: 04E50502
F1B0: 04E50602  			defb $04,$E5,$05,$02,$04,$E5,$06,$02				; $F1AC ........
F1B4: 04E50502
F1B8: 04E50602  			defb $04,$E5,$05,$02,$04,$E5,$06,$02				; $F1B4 ........
F1BC: 00F000E4
F1C0: 063A06E4  			defb $00,$F0,$00,$E4,$06,$3A,$06,$E4				; $F1BC .....:..
F1C4: 063906E5
F1C8: 0DE510E5  			defb $06,$39,$06,$E5,$0D,$E5,$10,$E5				; $F1C4 .9......
F1CC: 0DE51002
F1D0: 25E526E4  			defb $0D,$E5,$10,$02,$25,$E5,$26,$E4				; $F1CC ....%.&.
F1D4: 060006E4
F1D8: 060006E5  			defb $06,$00,$06,$E4,$06,$00,$06,$E5				; $F1D4 ........
F1DC: 09E507E5
F1E0: 09E508E6  			defb $09,$E5,$07,$E5,$09,$E5,$08,$E6				; $F1DC ........
F1E4: 130213E5
F1E8: 14E40100  			defb $13,$02,$13,$E5,$14,$E4,$01,$00				; $F1E4 ........
F1EC: 0C0213E5
F1F0: 14E40100  			defb $0C,$02,$13,$E5,$14,$E4,$01,$00				; $F1EC ........
F1F4: 0CE61502
F1F8: 15E514E4  			defb $0C,$E6,$15,$02,$15,$E5,$14,$E4				; $F1F4 ........
F1FC: 01000C02
F200: 15E51402  			defb $01,$00,$0C,$02,$15,$E5,$14,$02				; $F1FC ........
F204: 0FE50502
F208: 0FE50502  			defb $0F,$E5,$05,$02,$0F,$E5,$05,$02				; $F204 ........
F20C: 0FE50502
F210: 0FE505E4  			defb $0F,$E5,$05,$02,$0F,$E5,$05,$E4				; $F20C ........
F214: 060006E4
F218: 060006E5  			defb $06,$00,$06,$E4,$06,$00,$06,$E5				; $F214 ........
F21C: 0DE50DE5
F220: 100225E5  			defb $0D,$E5,$0D,$E5,$10,$02,$25,$E5				; $F21C ......%.
F224: 26E507E5
F228: 0BFFE800  			defb $26,$E5,$07,$E5,$0B,$FF,$E8,$00				; $F224 &.......
F22C: 0060E507
F230: E507FFE5  			defb $00,$60,$E5,$07,$E5,$07,$FF,$E5				; $F22C .`......
F234: 09E80000
F238: 30E507E5  			defb $09,$E8,$00,$00,$30,$E5,$07,$E5				; $F234 ....0...
F23C: 07FFE607
F240: E802E90D  			defb $07,$FF,$E6,$07,$E8,$02,$E9,$0D				; $F23C ........
F244: F0001F0C
F248: 1F0C220C  			defb $F0,$00,$1F,$0C,$1F,$0C,$22,$0C				; $F244 ......".
F24C: 240C260C
F250: F00F260C  			defb $24,$0C,$26,$0C,$F0,$0F,$26,$0C				; $F24C $.&...&.
F254: F00E260C
F258: 260CF010  			defb $F0,$0E,$26,$0C,$26,$0C,$F0,$10				; $F254 ..&.&...
F25C: 220CF000
F260: 220C160C  			defb $22,$0C,$F0,$00,$22,$0C,$16,$0C				; $F25C "..."...
F264: 220C160C
F268: F010240C  			defb $22,$0C,$16,$0C,$F0,$10,$24,$0C				; $F264 ".....$.
F26C: F000180C
F270: 240CFFE6  			defb $F0,$00,$18,$0C,$24,$0C,$FF,$E6				; $F26C ....$...
F274: 07E806F0
F278: 180327EA  			defb $07,$E8,$06,$F0,$18,$03,$27,$EA				; $F274 ......'.
F27C: 16E40130
F280: 06E40131  			defb $16,$E4,$01,$30,$06,$E4,$01,$31				; $F27C ...0...1
F284: 06E40132
F288: 06E40130  			defb $06,$E4,$01,$32,$06,$E4,$01,$30				; $F284 ...2...0
F28C: 06E40132
F290: 06E40135  			defb $06,$E4,$01,$32,$06,$E4,$01,$35				; $F28C ...2...5
F294: 06EA00E4
F298: 063A0CEA  			defb $06,$EA,$00,$E4,$06,$3A,$0C,$EA				; $F294 .....:..
F29C: 16E4013C
F2A0: 06E40139  			defb $16,$E4,$01,$3C,$06,$E4,$01,$39				; $F29C ...<...9
F2A4: 06E40100
F2A8: 06E40100  			defb $06,$E4,$01,$00,$06,$E4,$01,$00				; $F2A4 ........
F2AC: 06E40100
F2B0: 06E40100  			defb $06,$E4,$01,$00,$06,$E4,$01,$00				; $F2AC ........
F2B4: 06EA00E4
F2B8: 06000CEA  			defb $06,$EA,$00,$E4,$06,$00,$0C,$EA				; $F2B4 ........
F2BC: 16E40100
F2C0: 06E40100  			defb $16,$E4,$01,$00,$06,$E4,$01,$00				; $F2BC ........
F2C4: 06E40100
F2C8: 06E40100  			defb $06,$E4,$01,$00,$06,$E4,$01,$00				; $F2C4 ........
F2CC: 06E4012E
F2D0: 06E40100  			defb $06,$E4,$01,$2E,$06,$E4,$01,$00				; $F2CC ........
F2D4: 06EA00E4
F2D8: 06300CEA  			defb $06,$EA,$00,$E4,$06,$30,$0C,$EA				; $F2D4 .....0..
F2DC: 16E40132
F2E0: 06E40130  			defb $16,$E4,$01,$32,$06,$E4,$01,$30				; $F2DC ...2...0
F2E4: 06E40100
F2E8: 06E40100  			defb $06,$E4,$01,$00,$06,$E4,$01,$00				; $F2E4 ........
F2EC: 06E40100
F2F0: 06E40100  			defb $06,$E4,$01,$00,$06,$E4,$01,$00				; $F2EC ........
F2F4: 06EA00E4
F2F8: 06000CFF  			defb $06,$EA,$00,$E4,$06,$00,$0C,$FF				; $F2F4 ........
F2FC: 0327EA16
F300: E4013006  			defb $03,$27,$EA,$16,$E4,$01,$30,$06				; $F2FC .'....0.
F304: E4013106
F308: E4013206  			defb $E4,$01,$31,$06,$E4,$01,$32,$06				; $F304 ..1...2.
F30C: E4013006
F310: E4013206  			defb $E4,$01,$30,$06,$E4,$01,$32,$06				; $F30C ..0...2.
F314: E4013506
F318: EA00E406  			defb $E4,$01,$35,$06,$EA,$00,$E4,$06				; $F314 ..5.....
F31C: 3A0CEA16
F320: E4013C06  			defb $3A,$0C,$EA,$16,$E4,$01,$3C,$06				; $F31C :.....<.
F324: E4013906
F328: E4010006  			defb $E4,$01,$39,$06,$E4,$01,$00,$06				; $F324 ..9.....
F32C: E4010006
F330: E4010006  			defb $E4,$01,$00,$06,$E4,$01,$00,$06				; $F32C ........
F334: E4010006
F338: EA00E406  			defb $E4,$01,$00,$06,$EA,$00,$E4,$06				; $F334 ........
F33C: 390CEA16
F340: E4013506  			defb $39,$0C,$EA,$16,$E4,$01,$35,$06				; $F33C 9.....5.
F344: E4010006
F348: E4010006  			defb $E4,$01,$00,$06,$E4,$01,$00,$06				; $F344 ........
F34C: E4010006
F350: E4010006  			defb $E4,$01,$00,$06,$E4,$01,$00,$06				; $F34C ........
F354: E4010006
F358: EA00E406  			defb $E4,$01,$00,$06,$EA,$00,$E4,$06				; $F354 ........
F35C: 370CEA16
F360: E4013406  			defb $37,$0C,$EA,$16,$E4,$01,$34,$06				; $F35C 7.....4.
F364: E4010006
F368: E4010006  			defb $E4,$01,$00,$06,$E4,$01,$00,$06				; $F364 ........
F36C: E4010006
F370: E4010006  			defb $E4,$01,$00,$06,$E4,$01,$00,$06				; $F36C ........
F374: E4010006
F378: EA00E406  			defb $E4,$01,$00,$06,$EA,$00,$E4,$06				; $F374 ........
F37C: 000CFFE8
F380: 07EA1503  			defb $00,$0C,$FF,$E8,$07,$EA,$15,$03				; $F37C ........
F384: 00E40100
F388: 06E40100  			defb $00,$E4,$01,$00,$06,$E4,$01,$00				; $F384 ........
F38C: 06E40100
F390: 06E40100  			defb $06,$E4,$01,$00,$06,$E4,$01,$00				; $F38C ........
F394: 06EA00E4
F398: 06000CEA  			defb $06,$EA,$00,$E4,$06,$00,$0C,$EA				; $F394 ........
F39C: 15E40100
F3A0: 06E40100  			defb $15,$E4,$01,$00,$06,$E4,$01,$00				; $F39C ........
F3A4: 06FFE807
F3A8: EA160300  			defb $06,$FF,$E8,$07,$EA,$16,$03,$00				; $F3A4 ........
F3AC: E4010006
F3B0: E4010006  			defb $E4,$01,$00,$06,$E4,$01,$00,$06				; $F3AC ........
F3B4: E4010006
F3B8: E4010006  			defb $E4,$01,$00,$06,$E4,$01,$00,$06				; $F3B4 ........
F3BC: EA00E406
F3C0: 000CEA16  			defb $EA,$00,$E4,$06,$00,$0C,$EA,$16				; $F3BC ........
F3C4: E4010006
F3C8: E4010006  			defb $E4,$01,$00,$06,$E4,$01,$00,$06				; $F3C4 ........
F3CC: FFE613E8
F3D0: 07EA00E9  			defb $FF,$E6,$13,$E8,$07,$EA,$00,$E9				; $F3CC ........
F3D4: 000300EA
F3D8: 16E40143  			defb $00,$03,$00,$EA,$16,$E4,$01,$43				; $F3D4 .......C
F3DC: 06E40141
F3E0: 06E40E3C  			defb $06,$E4,$01,$41,$06,$E4,$0E,$3C				; $F3DC ...A...<
F3E4: 06E4013E
F3E8: 06EA00E4  			defb $06,$E4,$01,$3E,$06,$EA,$00,$E4				; $F3E4 ...>....
F3EC: 06000CEA
F3F0: 16E40600  			defb $06,$00,$0C,$EA,$16,$E4,$06,$00				; $F3EC ........
F3F4: 06E40600
F3F8: 06FFE613  			defb $06,$E4,$06,$00,$06,$FF,$E6,$13				; $F3F4 ........
F3FC: E804E910
F400: 000C48A8  			defb $E8,$04,$E9,$10,$00,$0C,$48,$A8				; $F3FC ......H.
F404: E100F000
F408: F0FFE807  			defb $E1,$00,$F0,$00,$F0,$FF,$E8,$07				; $F404 ........
F40C: EA16E401
F410: 0006E401  			defb $EA,$16,$E4,$01,$00,$06,$E4,$01				; $F40C ........
F414: 0006E401
F418: 0006E401  			defb $00,$06,$E4,$01,$00,$06,$E4,$01				; $F414 ........
F41C: 0006EA00
F420: E406000C  			defb $00,$06,$EA,$00,$E4,$06,$00,$0C				; $F41C ........
F424: FFE607E8
F428: 06E90FF0  			defb $FF,$E6,$07,$E8,$06,$E9,$0F,$F0				; $F424 ........
F42C: 181F06F0
F430: 001F06F0  			defb $18,$1F,$06,$F0,$00,$1F,$06,$F0				; $F42C ........
F434: 181F06F0
F438: 001F06EA  			defb $18,$1F,$06,$F0,$00,$1F,$06,$EA				; $F434 ........
F43C: 14E40600
F440: 061F06F0  			defb $14,$E4,$06,$00,$06,$1F,$06,$F0				; $F43C ........
F444: 181F06F0
F448: 001F06F0  			defb $18,$1F,$06,$F0,$00,$1F,$06,$F0				; $F444 ........
F44C: 1B1E06F0
F450: 001E06F0  			defb $1B,$1E,$06,$F0,$00,$1E,$06,$F0				; $F44C ........
F454: 1B1E06F0
F458: 001E06E4  			defb $1B,$1E,$06,$F0,$00,$1E,$06,$E4				; $F454 ........
F45C: 0600061E
F460: 06F01B1E  			defb $06,$00,$06,$1E,$06,$F0,$1B,$1E				; $F45C ........
F464: 06F0001E
F468: 06F01B1F  			defb $06,$F0,$00,$1E,$06,$F0,$1B,$1F				; $F464 ........
F46C: 06F0001F
F470: 06F01B1F  			defb $06,$F0,$00,$1F,$06,$F0,$1B,$1F				; $F46C ........
F474: 06F0001F
F478: 06EA14E4  			defb $06,$F0,$00,$1F,$06,$EA,$14,$E4				; $F474 ........
F47C: 0600061F
F480: 06F01B1F  			defb $06,$00,$06,$1F,$06,$F0,$1B,$1F				; $F47C ........
F484: 06F0001F
F488: 06F01D21  			defb $06,$F0,$00,$1F,$06,$F0,$1D,$21				; $F484 .......!
F48C: 06F00021
F490: 06F01D21  			defb $06,$F0,$00,$21,$06,$F0,$1D,$21				; $F48C ...!...!
F494: 06F00021
F498: 06E40621  			defb $06,$F0,$00,$21,$06,$E4,$06,$21				; $F494 ...!...!
F49C: 062106F0
F4A0: 1B2106F0  			defb $06,$21,$06,$F0,$1B,$21,$06,$F0				; $F49C .!...!..
F4A4: 002106FF
F4A8: 0006FFE4  			defb $00,$21,$06,$FF,$00,$06,$FF,$E4				; $F4A4 .!......
F4AC: 060006E4
F4B0: 060006E5  			defb $06,$00,$06,$E4,$06,$00,$06,$E5				; $F4AC ........
F4B4: 0DE8043C
F4B8: 3048903C  			defb $0D,$E8,$04,$3C,$30,$48,$90,$3C				; $F4B4 ...<0H.<
F4BC: 304890FF
F4C0: 0211F018  			defb $30,$48,$90,$FF,$02,$11,$F0,$18				; $F4BC 0H......
F4C4: 2206F000
F4C8: 2206F018  			defb $22,$06,$F0,$00,$22,$06,$F0,$18				; $F4C4 "..."...
F4CC: 2206F000
F4D0: 2206EA01  			defb $22,$06,$F0,$00,$22,$06,$EA,$01				; $F4CC "..."...
F4D4: E4060006
F4D8: 2206F018  			defb $E4,$06,$00,$06,$22,$06,$F0,$18				; $F4D4 ...."...
F4DC: 2206F000
F4E0: 2206F028  			defb $22,$06,$F0,$00,$22,$06,$F0,$28				; $F4DC "..."..(
F4E4: 1D06F000
F4E8: 1D06F028  			defb $1D,$06,$F0,$00,$1D,$06,$F0,$28				; $F4E4 .......(
F4EC: 1D06F000
F4F0: 1D06E406  			defb $1D,$06,$F0,$00,$1D,$06,$E4,$06				; $F4EC ........
F4F4: 00061D06
F4F8: F029E406  			defb $00,$06,$1D,$06,$F0,$29,$E4,$06				; $F4F4 .....)..
F4FC: 1D06F000
F500: 1D060212  			defb $1D,$06,$F0,$00,$1D,$06,$02,$12				; $F4FC ........
F504: EA01F021
F508: E4012406  			defb $EA,$01,$F0,$21,$E4,$01,$24,$06				; $F504 ...!..$.
F50C: F000E401
F510: 2406F01F  			defb $F0,$00,$E4,$01,$24,$06,$F0,$1F				; $F50C ....$...
F514: E4012406
F518: F000E401  			defb $E4,$01,$24,$06,$F0,$00,$E4,$01				; $F514 ..$.....
F51C: 2406F01F
F520: E4062406  			defb $24,$06,$F0,$1F,$E4,$06,$24,$06				; $F51C $.....$.
F524: F0002406
F528: 24062406  			defb $F0,$00,$24,$06,$24,$06,$24,$06				; $F524 ..$.$.$.
F52C: F01FE40E
F530: 2406E40A  			defb $F0,$1F,$E4,$0E,$24,$06,$E4,$0A				; $F52C ....$...
F534: 2406E407
F538: 2406E404  			defb $24,$06,$E4,$07,$24,$06,$E4,$04				; $F534 $...$...
F53C: 2406F000
F540: E4012406  			defb $24,$06,$F0,$00,$E4,$01,$24,$06				; $F53C $.....$.
F544: E4042406
F548: E40A2906  			defb $E4,$04,$24,$06,$E4,$0A,$29,$06				; $F544 ..$...).
F54C: E40E2B06
F550: FFE61FE8  			defb $E4,$0E,$2B,$06,$FF,$E6,$1F,$E8				; $F54C ..+.....
F554: 08E90C00
F558: 0C220C24  			defb $08,$E9,$0C,$00,$0C,$22,$0C,$24				; $F554 .....".$
F55C: 0C260C2D
F560: 0600062D  			defb $0C,$26,$0C,$2D,$06,$00,$06,$2D				; $F55C .&.-...-
F564: 0600062D
F568: 0C2E0C00  			defb $06,$00,$06,$2D,$0C,$2E,$0C,$00				; $F564 ...-....
F56C: 30E1E61F
F570: E808E90C  			defb $30,$E1,$E6,$1F,$E8,$08,$E9,$0C				; $F56C 0.......
F574: 2D0C2B06
F578: 00062B06  			defb $2D,$0C,$2B,$06,$00,$06,$2B,$06				; $F574 -.+...+.
F57C: 00062B24
F580: E9113724  			defb $00,$06,$2B,$24,$E9,$11,$37,$24				; $F57C ..+$..7$
F584: 0060E1E8
F588: 02E90D24  			defb $00,$60,$E1,$E8,$02,$E9,$0D,$24				; $F584 .`.....$
F58C: 1827182B
F590: 182E1827  			defb $18,$27,$18,$2B,$18,$2E,$18,$27				; $F58C .'.+...'
F594: 24280C29
F598: 182D0C2E  			defb $24,$28,$0C,$29,$18,$2D,$0C,$2E				; $F594 $(.).-..
F59C: 06300600
F5A0: 60E1E805  			defb $06,$30,$06,$00,$60,$E1,$E8,$05				; $F59C .0..`...
F5A4: F000E90C
F5A8: 0327EA16  			defb $F0,$00,$E9,$0C,$03,$27,$EA,$16				; $F5A4 .....'..
F5AC: E4013006
F5B0: 2E06E401  			defb $E4,$01,$30,$06,$2E,$06,$E4,$01				; $F5AC ..0.....
F5B4: 2C062906
F5B8: EA00E406  			defb $2C,$06,$29,$06,$EA,$00,$E4,$06				; $F5B4 ,.).....
F5BC: 27062406
F5C0: E4012206  			defb $27,$06,$24,$06,$E4,$01,$22,$06				; $F5BC '.$...".
F5C4: 2406EA16
F5C8: E4012706  			defb $24,$06,$EA,$16,$E4,$01,$27,$06				; $F5C4 $.....'.
F5CC: 0006E401
F5D0: 24060006  			defb $00,$06,$E4,$01,$24,$06,$00,$06				; $F5CC ....$...
F5D4: EA00E406
F5D8: 2B060006  			defb $EA,$00,$E4,$06,$2B,$06,$00,$06				; $F5D4 ....+...
F5DC: E4012706
F5E0: 2706EA16  			defb $E4,$01,$27,$06,$27,$06,$EA,$16				; $F5DC ..'.'...
F5E4: E4010006
F5E8: 0006E401  			defb $E4,$01,$00,$06,$00,$06,$E4,$01				; $F5E4 ........
F5EC: 00060006
F5F0: EA00E406  			defb $00,$06,$00,$06,$EA,$00,$E4,$06				; $F5EC ........
F5F4: 29060006
F5F8: E4012606  			defb $29,$06,$00,$06,$E4,$01,$26,$06				; $F5F4 ).....&.
F5FC: 2606EA16
F600: E4010006  			defb $26,$06,$EA,$16,$E4,$01,$00,$06				; $F5FC &.......
F604: 0006E401
F608: 00060006  			defb $00,$06,$E4,$01,$00,$06,$00,$06				; $F604 ........
F60C: EA00E406
F610: 00060006  			defb $EA,$00,$E4,$06,$00,$06,$00,$06				; $F60C ........
F614: FFE602E5
F618: 13FF02F4  			defb $FF,$E6,$02,$E5,$13,$FF,$02,$F4				; $F614 ........
F61C: 0FE819E9
F620: 185D48E1  			defb $0F,$E8,$19,$E9,$18,$5D,$48,$E1				; $F61C .....]H.
F624: 02F40FE8
F628: 01F03CEA  			defb $02,$F4,$0F,$E8,$01,$F0,$3C,$EA				; $F624 ......<.
F62C: 05E40224
F630: 48E102F4  			defb $05,$E4,$02,$24,$48,$E1,$02,$F4				; $F62C ...$H...
F634: 0FE81DE9
F638: 1E4F4DE1  			defb $0F,$E8,$1D,$E9,$1E,$4F,$4D,$E1				; $F634 .....OM.
F63C: 03F40FE8
F640: 06E91953  			defb $03,$F4,$0F,$E8,$06,$E9,$19,$53				; $F63C .......S
F644: 0FE103F4
F648: 0FE807E9  			defb $0F,$E1,$03,$F4,$0F,$E8,$07,$E9				; $F644 ........
F64C: 01EA01E4
F650: 075E10EA  			defb $01,$EA,$01,$E4,$07,$5E,$10,$EA				; $F64C .....^..
F654: 16E103F4
F658: 0FE805E9  			defb $16,$E1,$03,$F4,$0F,$E8,$05,$E9				; $F654 ........
F65C: 1CEA27E4
F660: 034F14EA  			defb $1C,$EA,$27,$E4,$03,$4F,$14,$EA				; $F65C ..'..O..
F664: 16E102F4
F668: 0FE815E9  			defb $16,$E1,$02,$F4,$0F,$E8,$15,$E9				; $F664 ........
F66C: 104314E1
F670: 03F40FE2  			defb $10,$43,$14,$E1,$03,$F4,$0F,$E2				; $F66C .C......
F674: 0FE825E9
F678: 26E63EE3  			defb $0F,$E8,$25,$E9,$26,$E6,$3E,$E3				; $F674 ..%.&.>.
F67C: 19E102F4
F680: 0FE823E9  			defb $19,$E1,$02,$F4,$0F,$E8,$23,$E9				; $F67C ......#.
F684: 24EA00E4
F688: 0E5663E1  			defb $24,$EA,$00,$E4,$0E,$56,$63,$E1				; $F684 $....Vc.
F68C: 03F40FE8
F690: 12E92461  			defb $03,$F4,$0F,$E8,$12,$E9,$24,$61				; $F68C ......$a
F694: 20E102F4
F698: 0FE81DE9  			defb $20,$E1,$02,$F4,$0F,$E8,$1D,$E9				; $F694  .......
F69C: 1AEA0BE4
F6A0: 0C3940E9  			defb $1A,$EA,$0B,$E4,$0C,$39,$40,$E9				; $F69C .....9@.
F6A4: 0CE103F4
F6A8: 0FE806E9  			defb $0C,$E1,$03,$F4,$0F,$E8,$06,$E9				; $F6A4 ........
F6AC: 22EA00E4
F6B0: 0E5E025E  			defb $22,$EA,$00,$E4,$0E,$5E,$02,$5E				; $F6AC "....^.^
F6B4: 10EA16E1
F6B8: 01F40F02  			defb $10,$EA,$16,$E1,$01,$F4,$0F,$02				; $F6B4 ........
F6BC: 24001203
F6C0: 240012E5  			defb $24,$00,$12,$03,$24,$00,$12,$E5				; $F6BC $...$...
F6C4: 24E10003
F6C8: E1F40FE8  			defb $24,$E1,$00,$03,$E1,$F4,$0F,$E8				; $F6C4 $.......
F6CC: 02E91AEA
F6D0: 15E4075E  			defb $02,$E9,$1A,$EA,$15,$E4,$07,$5E				; $F6CC .......^
F6D4: 5AE1E607
F6D8: E802E90F  			defb $5A,$E1,$E6,$07,$E8,$02,$E9,$0F				; $F6D4 Z.......
F6DC: 20482218
F6E0: 2348E805  			defb $20,$48,$22,$18,$23,$48,$E8,$05				; $F6DC  H".#H..
F6E4: 2578E50A
F6E8: E1E607E8  			defb $25,$78,$E5,$0A,$E1,$E6,$07,$E8				; $F6E4 %x......
F6EC: 07F00C37
F6F0: 06370635  			defb $07,$F0,$0C,$37,$06,$37,$06,$35				; $F6EC ...7.7.5
F6F4: 0CEA16E4
F6F8: 04330C30  			defb $0C,$EA,$16,$E4,$04,$33,$0C,$30				; $F6F4 .....3.0
F6FC: 18320CE4
F700: 04330CE4  			defb $18,$32,$0C,$E4,$04,$33,$0C,$E4				; $F6FC .2...3..
F704: 04350C36
F708: 06360635  			defb $04,$35,$0C,$36,$06,$36,$06,$35				; $F704 .5.6.6.5
F70C: 0CE40433
F710: 0C2F1831  			defb $0C,$E4,$04,$33,$0C,$2F,$18,$31				; $F70C ...3./.1
F714: 0CEA14E4
F718: 06330CE8  			defb $0C,$EA,$14,$E4,$06,$33,$0C,$E8				; $F714 .....3..
F71C: 053560F0
F720: 00FFE637  			defb $05,$35,$60,$F0,$00,$FF,$E6,$37				; $F71C .5`....7
F724: E80EE900
F728: E21FE306  			defb $E8,$0E,$E9,$00,$E2,$1F,$E3,$06				; $F724 ........
F72C: 1306E306
F730: 1F06E306  			defb $13,$06,$E3,$06,$1F,$06,$E3,$06				; $F72C ........
F734: FF01F40F
F738: E808E90F  			defb $FF,$01,$F4,$0F,$E8,$08,$E9,$0F				; $F734 ........
F73C: E20EEA13
F740: 022A0329  			defb $E2,$0E,$EA,$13,$02,$2A,$03,$29				; $F73C .....*.)
F744: E61EE318
F748: E4010018  			defb $E6,$1E,$E3,$18,$E4,$01,$00,$18				; $F744 ........
F74C: E318E401
F750: 0018FFF4  			defb $E3,$18,$E4,$01,$00,$18,$FF,$F4				; $F74C ........
F754: 0FE808E9
F758: 0CE631E3  			defb $0F,$E8,$08,$E9,$0C,$E6,$31,$E3				; $F754 ......1.
F75C: 06E636E3
F760: 06E638E3  			defb $06,$E6,$36,$E3,$06,$E6,$38,$E3				; $F75C ..6...8.
F764: 06E63AE3
F768: 06E638E3  			defb $06,$E6,$3A,$E3,$06,$E6,$38,$E3				; $F764 ..:...8.
F76C: 2A000CFF
F770: F40FE808  			defb $2A,$00,$0C,$FF,$F4,$0F,$E8,$08				; $F76C *.......
F774: E90CE61E
F778: E318E318  			defb $E9,$0C,$E6,$1E,$E3,$18,$E3,$18				; $F774 ........
F77C: E318E318
F780: FFE6341A  			defb $E3,$18,$E3,$18,$FF,$E6,$34,$1A				; $F77C ......4.
F784: 0000214E
F788: FC2247FC  			defb $00,$00,$21,$4E,$FC,$22,$47,$FC				; $F784 ..!N."G.
F78C: C9C397FB
F790: ED78E61F  			defb $C9,$C3,$97,$FB,$ED,$78,$E6,$1F				; $F78C .....x..
F794: FE1FC901
F798: FEFECD90  			defb $FE,$1F,$C9,$01,$FE,$FE,$CD,$90				; $F794 ........
F79C: FBC001FE
F7A0: FDCD90FB  			defb $FB,$C0,$01,$FE,$FD,$CD,$90,$FB				; $F79C ........
F7A4: C001FEFB
F7A8: CD90FBC0  			defb $C0,$01,$FE,$FB,$CD,$90,$FB,$C0				; $F7A4 ........
F7AC: 01FEF7CD
F7B0: 90FBC001  			defb $01,$FE,$F7,$CD,$90,$FB,$C0,$01				; $F7AC ........
F7B4: FEEFCD90
F7B8: FBC001FE  			defb $FE,$EF,$CD,$90,$FB,$C0,$01,$FE				; $F7B4 ........
F7BC: DFCD90FB
F7C0: C001FEBF  			defb $DF,$CD,$90,$FB,$C0,$01,$FE,$BF				; $F7BC ........
F7C4: CD90FBC0
F7C8: 01FE7FCD  			defb $CD,$90,$FB,$C0,$01,$FE,$7F,$CD				; $F7C4 ........
F7CC: 90FBC0AF
F7D0: 3249FC2A  			defb $90,$FB,$C0,$AF,$32,$49,$FC,$2A				; $F7CC ....2I.*
F7D4: 47FC7EFE
F7D8: FFC2E0FB  			defb $47,$FC,$7E,$FE,$FF,$C2,$E0,$FB				; $F7D4 G.~.....
F7DC: 214EFC7E
F7E0: 3245FC23  			defb $21,$4E,$FC,$7E,$32,$45,$FC,$23				; $F7DC !N.~2E.#
F7E4: 7E3246FC
F7E8: 23561E00  			defb $7E,$32,$46,$FC,$23,$56,$1E,$00				; $F7E4 ~2F.#V..
F7EC: 232247FC
F7F0: 3A485C1F  			defb $23,$22,$47,$FC,$3A,$48,$5C,$1F				; $F7EC #"G.:H\.
F7F4: 1F1FE607
F7F8: 3243FC4F  			defb $1F,$1F,$E6,$07,$32,$43,$FC,$4F				; $F7F4 ....2C.O
F7FC: 3A45FCB7
F800: 792802F6  			defb $3A,$45,$FC,$B7,$79,$28,$02,$F6				; $F7FC :E..y(..
F804: 103244FC
F808: 2145FC46  			defb $10,$32,$44,$FC,$21,$45,$FC,$46				; $F804 .2D.!E.F
F80C: 1B7AB3CA
F810: 40FC10F8  			defb $1B,$7A,$B3,$CA,$40,$FC,$10,$F8				; $F80C .z..@...
F814: 3A43FCD3
F818: FE461B7A  			defb $3A,$43,$FC,$D3,$FE,$46,$1B,$7A				; $F814 :C...F.z
F81C: B3CA40FC
F820: 10F83A44  			defb $B3,$CA,$40,$FC,$10,$F8,$3A,$44				; $F81C ..@...:D
F824: FCD3FE3A
F828: 49FC3CFE  			defb $FC,$D3,$FE,$3A,$49,$FC,$3C,$FE				; $F824 ...:I.<.
F82C: 082809FE
F830: 10280832  			defb $08,$28,$09,$FE,$10,$28,$08,$32				; $F82C .(...(.2
F834: 49FC18D3
F838: 2318F82B  			defb $49,$FC,$18,$D3,$23,$18,$F8,$2B				; $F834 I...#..+
F83C: 3E0018F3
F840: C38DFB07  			defb $3E,$00,$18,$F3,$C3,$8D,$FB,$07				; $F83C >.......
F844: 17494A08
F848: FD090000  			defb $17,$49,$4A,$08,$FD,$09,$00,$00				; $F844 .IJ.....
F84C: 001ADDDD
F850: 2AAFAF2A  			defb $00,$1A,$DD,$DD,$2A,$AF,$AF,$2A				; $F84C ....*..*
F854: 9595FCA6
F858: A62A8484  			defb $95,$95,$FC,$A6,$A6,$2A,$84,$84				; $F854 .....*..
F85C: 2A6E6EFC
F860: 84842A6E  			defb $2A,$6E,$6E,$FC,$84,$84,$2A,$6E				; $F85C *nn...*n
F864: 6E2A6262
F868: 2A57572A  			defb $6E,$2A,$62,$62,$2A,$57,$57,$2A				; $F864 n*bb*WW*
F86C: 62622A6E
F870: 6E2A8484  			defb $62,$62,$2A,$6E,$6E,$2A,$84,$84				; $F86C bb*nn*..
F874: 2A95952A
F878: AFAF2A95  			defb $2A,$95,$95,$2A,$AF,$AF,$2A,$95				; $F874 *..*..*.
F87C: 952A8484
F880: FC6E6F2A  			defb $95,$2A,$84,$84,$FC,$6E,$6F,$2A				; $F87C .*...no*
F884: 62632A57
F888: 58FC6E6F  			defb $62,$63,$2A,$57,$58,$FC,$6E,$6F				; $F884 bc*WX.no
F88C: 2A57582A
F890: 494AFC57  			defb $2A,$57,$58,$2A,$49,$4A,$FC,$57				; $F88C *WX*IJ.W
F894: 582A494A
F898: 2A41422A  			defb $58,$2A,$49,$4A,$2A,$41,$42,$2A				; $F894 X*IJ*AB*
F89C: 36372A41
F8A0: 422A494A  			defb $36,$37,$2A,$41,$42,$2A,$49,$4A				; $F89C 67*AB*IJ
F8A4: 2A57582A
F8A8: 41422A49  			defb $2A,$57,$58,$2A,$41,$42,$2A,$49				; $F8A4 *WX*AB*I
F8AC: 4A2A2B2C
F8B0: 2A30312A  			defb $4A,$2A,$2B,$2C,$2A,$30,$31,$2A				; $F8AC J*+,*01*
F8B4: 30312A30
F8B8: 312A3031  			defb $30,$31,$2A,$30,$31,$2A,$30,$31				; $F8B4 01*01*01
F8BC: 2A30312A
F8C0: 00FF2A28  			defb $2A,$30,$31,$2A,$00,$FF,$2A,$28				; $F8BC *01*..*(
F8C4: 292A2B2C
F8C8: 2A30319E  			defb $29,$2A,$2B,$2C,$2A,$30,$31,$9E				; $F8C4 )*+,*01.
F8CC: 00FF0A30
F8D0: 319E00FF  			defb $00,$FF,$0A,$30,$31,$9E,$00,$FF				; $F8CC ...01...
F8D4: 0A30312A
F8D8: 36372A30  			defb $0A,$30,$31,$2A,$36,$37,$2A,$30				; $F8D4 .01*67*0
F8DC: 312A2B2C
F8E0: 2A30312A  			defb $31,$2A,$2B,$2C,$2A,$30,$31,$2A				; $F8DC 1*+,*01*
F8E4: 00FF2A49
F8E8: 4A2A393A  			defb $00,$FF,$2A,$49,$4A,$2A,$39,$3A				; $F8E4 ..*IJ*9:
F8EC: 2A36372A
F8F0: 393A2A49  			defb $2A,$36,$37,$2A,$39,$3A,$2A,$49				; $F8EC *67*9:*I
F8F4: 4A2A5253
F8F8: 2A41422A  			defb $4A,$2A,$52,$53,$2A,$41,$42,$2A				; $F8F4 J*RS*AB*
F8FC: 36372A41
F900: 422A5758  			defb $36,$37,$2A,$41,$42,$2A,$57,$58				; $F8FC 67*AB*WX
F904: 2A494A2A
F908: 393A2A49  			defb $2A,$49,$4A,$2A,$39,$3A,$2A,$49				; $F904 *IJ*9:*I
F90C: 4A2A6263
F910: 2A52532A  			defb $4A,$2A,$62,$63,$2A,$52,$53,$2A				; $F90C J*bc*RS*
F914: 41422A52
F918: 532A7677  			defb $41,$42,$2A,$52,$53,$2A,$76,$77				; $F914 AB*RS*vw
F91C: 2A62632A
F920: 52532A62  			defb $2A,$62,$63,$2A,$52,$53,$2A,$62				; $F91C *bc*RS*b
F924: 632A7677
F928: 2A62632A  			defb $63,$2A,$76,$77,$2A,$62,$63,$2A				; $F924 c*vw*bc*
F92C: 52532A62
F930: 632A7677  			defb $52,$53,$2A,$62,$63,$2A,$76,$77				; $F92C RS*bc*vw
F934: 2A62632A
F938: 45462A57  			defb $2A,$62,$63,$2A,$45,$46,$2A,$57				; $F934 *bc*EF*W
F93C: 582A7677
F940: 2A57582A  			defb $58,$2A,$76,$77,$2A,$57,$58,$2A				; $F93C X*vw*WX*
F944: 45462A57
F948: 582A7677  			defb $45,$46,$2A,$57,$58,$2A,$76,$77				; $F944 EF*WX*vw
F94C: 2A414254
F950: 57585452  			defb $2A,$41,$42,$54,$57,$58,$54,$52				; $F94C *ABTWXTR
F954: 53544142
F958: 54494A9E  			defb $53,$54,$41,$42,$54,$49,$4A,$9E				; $F954 STABTIJ.
F95C: 00FF0A49
F960: 4A5400FF  			defb $00,$FF,$0A,$49,$4A,$54,$00,$FF				; $F95C ...IJT..
F964: 2A494A2A
F968: 526D5462  			defb $2A,$49,$4A,$2A,$52,$6D,$54,$62				; $F964 *IJ*RmTb
F96C: 83545774
F970: 54526D54  			defb $83,$54,$57,$74,$54,$52,$6D,$54				; $F96C .TWtTRmT
F974: 57749E00
F978: FF0A5774  			defb $57,$74,$9E,$00,$FF,$0A,$57,$74				; $F974 Wt....Wt
F97C: 9E00FF0A
F980: 45441541  			defb $9E,$00,$FF,$0A,$45,$44,$15,$41				; $F97C ....ED.A
F984: 40154544
F988: 15414015  			defb $40,$15,$45,$44,$15,$41,$40,$15				; $F984 @.ED.A@.
F98C: 45441541
F990: 40154544  			defb $45,$44,$15,$41,$40,$15,$45,$44				; $F98C ED.A@.ED
F994: 15414015
F998: 45441541  			defb $15,$41,$40,$15,$45,$44,$15,$41				; $F994 .A@.ED.A
F99C: 40154544
F9A0: 15414015  			defb $40,$15,$45,$44,$15,$41,$40,$15				; $F99C @.ED.A@.
F9A4: 45441541
F9A8: 40154544  			defb $45,$44,$15,$41,$40,$15,$45,$44				; $F9A4 ED.A@.ED
F9AC: 15414015
F9B0: 45445441  			defb $15,$41,$40,$15,$45,$44,$54,$41				; $F9AC .A@.EDTA
F9B4: 40543938
F9B8: 54454454  			defb $40,$54,$39,$38,$54,$45,$44,$54				; $F9B4 @T98TEDT
F9BC: 33329E00
F9C0: FF0A3332  			defb $33,$32,$9E,$00,$FF,$0A,$33,$32				; $F9BC 32....32
F9C4: 7400FF0A
F9C8: 33322000  			defb $74,$00,$FF,$0A,$33,$32,$20,$00				; $F9C4 t...32 .
F9CC: FF0A3332
F9D0: A800FFA8  			defb $FF,$0A,$33,$32,$A8,$00,$FF,$A8				; $F9CC ..32....
F9D4: 00FFA800
F9D8: FFA8FFFF  			defb $00,$FF,$A8,$00,$FF,$A8,$FF,$FF				; $F9D4 ........
F9DC: 00000000
F9E0: 00000000  			defb $00,$00,$00,$00,$00,$00,$00,$00				; $F9DC ........
F9E4: 00000000
F9E8: 00000000  			defb $00,$00,$00,$00,$00,$00,$00,$00				; $F9E4 ........
F9EC: 00000000
F9F0: 00000000  			defb $00,$00,$00,$00,$00,$00,$00,$00				; $F9EC ........
F9F4: 00000000
F9F8: 00000000  			defb $00,$00,$00,$00,$00,$00,$00,$00				; $F9F4 ........
F9FC: 00000000
FA00: 00000000  			defb $00,$00,$00,$00,$00,$00,$00,$00				; $F9FC ........
FA04: 00000000
FA08: 00000000  			defb $00,$00,$00,$00,$00,$00,$00,$00				; $FA04 ........
FA0C: 00000000
FA10: 00000000  			defb $00,$00,$00,$00,$00,$00,$00,$00				; $FA0C ........
FA14: 00000000
FA18: 00000000  			defb $00,$00,$00,$00,$00,$00,$00,$00				; $FA14 ........
FA1C: 00000000
FA20: 00000000  			defb $00,$00,$00,$00,$00,$00,$00,$00				; $FA1C ........
FA24: 00000000
FA28: 00000000  			defb $00,$00,$00,$00,$00,$00,$00,$00				; $FA24 ........
FA2C: 00000000
FA30: 00000000  			defb $00,$00,$00,$00,$00,$00,$00,$00				; $FA2C ........
FA34: 00000000
FA38: 00000000  			defb $00,$00,$00,$00,$00,$00,$00,$00				; $FA34 ........
FA3C: 00000000
FA40: 00000000  			defb $00,$00,$00,$00,$00,$00,$00,$00				; $FA3C ........
FA44: 00000000
FA48: 00000000  			defb $00,$00,$00,$00,$00,$00,$00,$00				; $FA44 ........
FA4C: F53EFFD3
FA50: 7FD33F3E  			defb $F5,$3E,$FF,$D3,$7F,$D3,$3F,$3E				; $FA4C .>....?>
FA54: 3FD37F3C
FA58: 3286FE3E  			defb $3F,$D3,$7F,$3C,$32,$86,$FE,$3E				; $FA54 ?..<2..>
FA5C: FFD35FD3
FA60: 5FF1F322  			defb $FF,$D3,$5F,$D3,$5F,$F1,$F3,$22				; $FA5C .._._.."
FA64: 9CFFED73
FA68: A0FFE122  			defb $9C,$FF,$ED,$73,$A0,$FF,$E1,$22				; $FA64 ...s..."
FA6C: 9EFF319C
FA70: FFD5C5D9  			defb $9E,$FF,$31,$9C,$FF,$D5,$C5,$D9				; $FA6C ..1.....
FA74: E5D5C5DD
FA78: E5FDE5F5  			defb $E5,$D5,$C5,$DD,$E5,$FD,$E5,$F5				; $FA74 ........
FA7C: ED5767ED
FA80: 5F6FE508  			defb $ED,$57,$67,$ED,$5F,$6F,$E5,$08				; $FA7C .Wg._o..
FA84: F51640CD
FA88: 67FF7BFE  			defb $F5,$16,$40,$CD,$67,$FF,$7B,$FE				; $FA84 ..@.g.{.
FA8C: B4282DFE
FA90: BACA2DFF  			defb $B4,$28,$2D,$FE,$BA,$CA,$2D,$FF				; $FA8C .(-...-.
FA94: FEB8284A
FA98: FEB9284E  			defb $FE,$B8,$28,$4A,$FE,$B9,$28,$4E				; $FA94 ..(J..(N
FA9C: FEB72838
FAA0: FEB6284E  			defb $FE,$B7,$28,$38,$FE,$B6,$28,$4E				; $FA9C ..(8..(N
FAA4: FEB520DF
FAA8: CD67FF63  			defb $FE,$B5,$20,$DF,$CD,$67,$FF,$63				; $FAA4 .. ..g.c
FAAC: CD67FF6B
FAB0: 2262FF21  			defb $CD,$67,$FF,$6B,$22,$62,$FF,$21				; $FAAC .g.k"b.!
FAB4: 00CD2260
FAB8: FFC343FF  			defb $00,$CD,$22,$60,$FF,$C3,$43,$FF				; $FAB4 .."`..C.
FABC: CD67FF63
FAC0: CD67FF6B  			defb $CD,$67,$FF,$63,$CD,$67,$FF,$6B				; $FABC .g.c.g.k
FAC4: CD67FF43
FAC8: CD67FF4B  			defb $CD,$67,$FF,$43,$CD,$67,$FF,$4B				; $FAC4 .g.C.g.K
FACC: CD67FF73
FAD0: 230B78B1  			defb $CD,$67,$FF,$73,$23,$0B,$78,$B1				; $FACC .g.s#.x.
FAD4: 20F618AF
FAD8: CD67FF01  			defb $20,$F6,$18,$AF,$CD,$67,$FF,$01				; $FAD4  ....g..
FADC: FD7FED59
FAE0: 18A52188  			defb $FD,$7F,$ED,$59,$18,$A5,$21,$88				; $FADC ...Y..!.
FAE4: FF011A00
FAE8: 18182188  			defb $FF,$01,$1A,$00,$18,$18,$21,$88				; $FAE4 ......!.
FAEC: FF011A00
FAF0: 18DACD67  			defb $FF,$01,$1A,$00,$18,$DA,$CD,$67				; $FAEC .......g
FAF4: FF63CD67
FAF8: FF6BCD67  			defb $FF,$63,$CD,$67,$FF,$6B,$CD,$67				; $FAF4 .c.g.k.g
FAFC: FF43CD67
FB00: FF4BDB3F  			defb $FF,$43,$CD,$67,$FF,$4B,$DB,$3F				; $FAFC .C.g.K.?
FB04: AA0F38FA
FB08: 3EFFD35F  			defb $AA,$0F,$38,$FA,$3E,$FF,$D3,$5F				; $FB04 ..8.>.._
FB0C: 3CD35F7A
FB10: EE41577E  			defb $3C,$D3,$5F,$7A,$EE,$41,$57,$7E				; $FB0C <._z.AW~
FB14: CD77FF23
FB18: 0B78B120  			defb $CD,$77,$FF,$23,$0B,$78,$B1,$20				; $FB14 .w.#.x. 
FB1C: F63DD35F
FB20: D35F7AEE  			defb $F6,$3D,$D3,$5F,$D3,$5F,$7A,$EE				; $FB1C .=._._z.
FB24: 40D33FEE
FB28: 8057C387  			defb $40,$D3,$3F,$EE,$80,$57,$C3,$87				; $FB24 @.?..W..
FB2C: FECD67FF
FB30: 6BCD67FF  			defb $FE,$CD,$67,$FF,$6B,$CD,$67,$FF				; $FB2C ..g.k.g.
FB34: 632260FF
FB38: CD67FF6B  			defb $63,$22,$60,$FF,$CD,$67,$FF,$6B				; $FB34 c"`..g.k
FB3C: CD67C062
FB40: 2262FF7A  			defb $CD,$67,$C0,$62,$22,$62,$FF,$7A				; $FB3C .g.b"b.z
FB44: 3286FEF1
FB48: 08E17CED  			defb $32,$86,$FE,$F1,$08,$E1,$7C,$ED				; $FB44 2.....|.
FB4C: 477DED4F
FB50: F1FDE1DD  			defb $47,$7D,$ED,$4F,$F1,$FD,$E1,$DD				; $FB4C G}.O....
FB54: E1C1D1E1
FB58: D9C1D1E1  			defb $E1,$C1,$D1,$E1,$D9,$C1,$D1,$E1				; $FB54 ........
FB5C: ED7BA0FF
FB60: 00CD0165  			defb $ED,$7B,$A0,$FF,$00,$CD,$01,$65				; $FB5C .{.....e
FB64: C362FEDB
FB68: 3FAA0F38  			defb $C3,$62,$FE,$DB,$3F,$AA,$0F,$38				; $FB64 .b..?..8
FB6C: FADB1F5F
FB70: 7AD33FEE  			defb $FA,$DB,$1F,$5F,$7A,$D3,$3F,$EE				; $FB6C ..._z.?.
FB74: 8157C9D3
FB78: 1F7AD33F  			defb $81,$57,$C9,$D3,$1F,$7A,$D3,$3F				; $FB74 .W...z.?
FB7C: EE8157DB
FB80: 3FAA0F30  			defb $EE,$81,$57,$DB,$3F,$AA,$0F,$30				; $FB7C ..W.?..0
FB84: FAC9AFFE
FB88: 4400753F  			defb $FA,$C9,$AF,$FE,$44,$00,$75,$3F				; $FB84 ....D.u?
FB8C: 544C3A5C
FB90: 045D2117  			defb $54,$4C,$3A,$5C,$04,$5D,$21,$17				; $FB8C TL:\.]!.
FB94: 9B365827
FB98: 4CFE435D  			defb $9B,$36,$58,$27,$4C,$FE,$43,$5D				; $FB94 .6X'L.C]
FB9C: 2B2D2B2D
FBA0: E8FF0202  			defb $2B,$2D,$2B,$2D,$E8,$FF,$02,$02				; $FB9C +-+-....
FBA4: 42423C00
FBA8: 00444870  			defb $42,$42,$3C,$00,$00,$44,$48,$70				; $FBA4 BB<..DHp
FBAC: 48444200
FBB0: 00404040  			defb $48,$44,$42,$00,$00,$40,$40,$40				; $FBAC HDB..@@@
FBB4: 40407E00
FBB8: 0042665A  			defb $40,$40,$7E,$00,$00,$42,$66,$5A				; $FBB4 @@~..BfZ
FBBC: 4242E057
FBC0: F30DCE0B  			defb $42,$42,$E0,$57,$F3,$0D,$CE,$0B				; $FBBC BB.W....
FBC4: D350CE0B
FBC8: D4500D17  			defb $D3,$50,$CE,$0B,$D4,$50,$0D,$17				; $FBC4 .P...P..
FBCC: DC0ACE0B
FBD0: E650DB02  			defb $DC,$0A,$CE,$0B,$E6,$50,$DB,$02				; $FBCC .....P..
FBD4: DB027C38
FBD8: 725D4D00  			defb $DB,$02,$7C,$38,$72,$5D,$4D,$00				; $FBD4 ..|8r]M.
FBDC: E1500603
FBE0: 075C7C38  			defb $E1,$50,$06,$03,$07,$5C,$7C,$38				; $FBDC .P...\|8
FBE4: C057DB02
FBE8: 7C38725D  			defb $C0,$57,$DB,$02,$7C,$38,$72,$5D				; $FBE4 .W..|8r]
FBEC: 4D00FFFF
FBF0: 0E010000  			defb $4D,$00,$FF,$FF,$0E,$01,$00,$00				; $FBEC M.......
FBF4: 51009209
FBF8: 3F05761B  			defb $51,$00,$92,$09,$3F,$05,$76,$1B				; $FBF4 Q...?.v.
FBFC: 03133C3E  			defb $03,$13,$3C,$3E				 				; $FBFC ..<>
FC00:           
FC00:           CODE3END equ $ ; Marker to show end of object code
FC00:           
FC01:           #end ; terminate #target

; +++ defined symbols +++
	ERROR1		equ	$0008	; =      8
	PRINTA1		equ	$0010	; =     16
	GETCHAR		equ	$0018	; =     24
	NEXTCHAR	equ	$0020	; =     32
	MASKINT		equ	$0038	; =     56
	KEYSCAN		equ	$028E	; =    654
	BEEPER		equ	$03B5	; =    949
	BEEP		equ	$03F8	; =   1016
	LDBYTES		equ	$0556	; =   1366
	POSTORE		equ	$0ADC	; =   2780
	POFETCH		equ	$0B03	; =   2819
	POATTR		equ	$0BDB	; =   3035
	TEMPS		equ	$0D4D	; =   3405
	ROMCLS		equ	$0D6B	; =   3435
	CLSET		equ	$0DD9	; =   3545
	CLADDR		equ	$0E9B	; =   3739
	EDLOOP		equ	$0F38	; =   3896
	EDEDIT		equ	$0FA9	; =   4009
	EDERROR		equ	$107F	; =   4223
	CHANOPEN	equ	$1601	; =   5633
	STRDATA1	equ	$1727	; =   5927
	NEXT2NUM	equ	$1C79	; =   7289
	EXPT2NUM	equ	$1C7A	; =   7290
	EXPT1NUM	equ	$1C82	; =   7298
	EXPTEXP		equ	$1C8C	; =   7308
	FNDINT1		equ	$1E94	; =   7828
	FINDINT2	equ	$1E99	; =   7833
	PIXADD		equ	$22AA	; =   8874
	POINT		equ	$22CB	; =   8907
	CRGRE1		equ	$233B	; =   9019
	DRAWLINE	equ	$24B7	; =   9399
	SCANNING	equ	$24FB	; =   9467
	STKSTORE	equ	$2AB6	; =  10934
	STKFETCH	equ	$2BF1	; =  11249
	DECTOFP		equ	$2C9B	; =  11419
	STACKA		equ	$2D28	; =  11560
	STACKBC		equ	$2D2B	; =  11563
	FPTOBC		equ	$2DA2	; =  11682
	FPTOA		equ	$2DD5	; =  11733
	PRINTFP		equ	$2DE3	; =  11747
	STACKNUM	equ	$33B4	; =  13236
	DFILE		equ	$4000	; =  16384
	ATTRS		equ	$5800	; =  22528
	COMMA_CONTROL	equ	$0006	; =      6
	CHAR_ENTER	equ	$000D	; =     13
	INK_CONTROL	equ	$0010	; =     16
	PAPER_CONTROL	equ	$0011	; =     17
	INVERSE_CONTROL	equ	$0014	; =     20
	AT_CONTROL	equ	$0016	; =     22
	CHAR_SPACE	equ	$0020	; =     32
	GRAPHICS_SHIFT_3	equ	$008C	; =    140
	GRAPHICS_A	equ	$0090	; =    144
	KWRDSCREENSTR	equ	$00AA	; =    170
	KWRDAT		equ	$00AC	; =    172
	KWRDCODE	equ	$00AF	; =    175
	KWRDVAL		equ	$00B0	; =    176
	KWRDEXP		equ	$00B9	; =    185
	KWRDUSR		equ	$00C0	; =    192
	KWRDLINE	equ	$00CA	; =    202
	KWRDCAT		equ	$00CF	; =    207
	KWRDBEEP	equ	$00D7	; =    215
	KWRDINK		equ	$00D9	; =    217
	KWRDPAPER	equ	$00DA	; =    218
	KWRDBRIGHT	equ	$00DC	; =    220
	KWRDLPRINT	equ	$00E0	; =    224
	KWRDSTOP	equ	$00E2	; =    226
	KWRDREAD	equ	$00E3	; =    227
	KWRDDATA	equ	$00E4	; =    228
	KWRDRESTORE	equ	$00E5	; =    229
	KWRDBORDER	equ	$00E7	; =    231
	KWRDREM		equ	$00EA	; =    234
	KWRDLOAD	equ	$00EF	; =    239
	KWRDPAUSE	equ	$00F2	; =    242
	KWRDPOKE	equ	$00F4	; =    244
	KWRDPRINT	equ	$00F5	; =    245
	KWRDRANDOMIZE	equ	$00F9	; =    249
	KWRDCLS		equ	$00FB	; =    251
	KWRDCLEAR	equ	$00FD	; =    253
	MAINROM		equ	$0000	; =      0
	CALBAS		equ	$0010	; =     16
	SHERR		equ	$0020	; =     32
	ROMERR		equ	$0028	; =     40
	NEWVAR		equ	$0030	; =     48
	ERR6		equ	$01F0	; =    496
	NREPORTC	equ	$052F	; =   1327
	STEND		equ	$05B7	; =   1463
	END1		equ	$05C1	; =   1473
	EXPTNUM		equ	$061E	; =   1566
	NREPORT2	equ	$0663	; =   1635
	CHECKM2		equ	$066D	; =   1645
	NREPORT3	equ	$062D	; =   1581
	UNPAGE		equ	$0700	; =   1792
	NREPORTN	equ	$0906	; =   2310
	OPRSCH		equ	$0B17	; =   2839
	OPSTREAM	equ	$0B51	; =   2897
	TCHANOUT	equ	$0C3A	; =   3130
	BCHANOUT	equ	$0D07	; =   3335
	SETTMCH		equ	$10A5	; =   4261
	DELMBUF		equ	$119F	; =   4511
	RWFERR		equ	$1132	; =   4402
	GETRLP		equ	$125F	; =   4703
	RSSH2		equ	$11A3	; =   4515
	GHDRC		equ	$11A5	; =   4517
	GETMHD2		equ	$13A9	; =   5033
	RESBMAP		equ	$13E3	; =   5091
	DECSECT		equ	$13F7	; =   5111
	CHKSHDR		equ	$1426	; =   5158
	CLOSE		equ	$1718	; =   5912
	SELDRIVE	equ	$1532	; =   5426
	OUTMBUF		equ	$15B3	; =   5555
	GETMBLK		equ	$15F2	; =   5618
	DELAYBC		equ	$1652	; =   5714
	RDSECTOR	equ	$1F3F	; =   7999
	RSSH		equ	$1AC5	; =   6853
	FREESECT	equ	$1D43	; =   7491
	PRCHAR		equ	$1D71	; =   7537
	INCHK		equ	$1E49	; =   7753
	DISPHEX		equ	$14D6	; =   5334
	DISPHEX2	equ	$14ED	; =   5357
	DISPCH		equ	$14F8	; =   5368
	FALSE		equ	$0000	; =      0
	TRUE		equ	$0001	; =      1
	KSTATE		equ	$5C00	; =  23552
	LASTK		equ	$5C08	; =  23560
	REPDEL		equ	$5C09	; =  23561
	REPPER		equ	$5C0A	; =  23562
	DEFADD		equ	$5C0B	; =  23563
	KDATA		equ	$5C0D	; =  23565
	TVDATA		equ	$5C0E	; =  23566
	STRMS		equ	$5C10	; =  23568
	CHARS		equ	$5C36	; =  23606
	RASP		equ	$5C38	; =  23608
	PIP		equ	$5C39	; =  23609
	ERRNR		equ	$5C3A	; =  23610
	FLAGS		equ	$5C3B	; =  23611
	TVFLAG		equ	$5C3C	; =  23612
	ERRSP		equ	$5C3D	; =  23613
	LISTSP		equ	$5C3F	; =  23615
	MODE		equ	$5C41	; =  23617
	NEWPPC		equ	$5C42	; =  23618
	NSPPC		equ	$5C44	; =  23620
	PPC		equ	$5C45	; =  23621
	SUBPPC		equ	$5C47	; =  23623
	BORDCR		equ	$5C48	; =  23624
	EPPC		equ	$5C49	; =  23625
	VARS		equ	$5C4B	; =  23627
	DEST		equ	$5C4D	; =  23629
	CHANS		equ	$5C4F	; =  23631
	CURCHL		equ	$5C51	; =  23633
	PROG		equ	$5C53	; =  23635
	NXTLIN		equ	$5C55	; =  23637
	DATADD		equ	$5C57	; =  23639
	ELINE		equ	$5C59	; =  23641
	KCUR		equ	$5C5B	; =  23643
	CHADD		equ	$5C5D	; =  23645
	XPTR		equ	$5C5F	; =  23647
	WORKSP		equ	$5C61	; =  23649
	STKBOT		equ	$5C63	; =  23651
	STKEND		equ	$5C65	; =  23653
	BREG		equ	$5C67	; =  23655
	MEM		equ	$5C68	; =  23656
	FLAGS2		equ	$5C6A	; =  23658
	DFSZ		equ	$5C6B	; =  23659
	STOP		equ	$5C6C	; =  23660
	OLDPPC		equ	$5C6E	; =  23662
	OSPCC		equ	$5C70	; =  23664
	FLAGX		equ	$5C71	; =  23665
	STRLEN		equ	$5C72	; =  23666
	TADDR		equ	$5C74	; =  23668
	SEED		equ	$5C76	; =  23670
	FRAMES		equ	$5C78	; =  23672
	UDG		equ	$5C7B	; =  23675
	COORDS		equ	$5C7D	; =  23677
	PPOSN		equ	$5C7F	; =  23679
	PRCC		equ	$5C80	; =  23680
	ECHOE		equ	$5C82	; =  23682
	DFCC		equ	$5C84	; =  23684
	DFCCL		equ	$5C86	; =  23686
	SPOSN		equ	$5C88	; =  23688
	SPOSNL		equ	$5C8A	; =  23690
	SCRCT		equ	$5C8C	; =  23692
	ATTRP		equ	$5C8D	; =  23693
	MASKP		equ	$5C8E	; =  23694
	ATTRT		equ	$5C8F	; =  23695
	MASKT		equ	$5C90	; =  23696
	PFLAG		equ	$5C91	; =  23697
	MEMBOT		equ	$5C92	; =  23698
	SPARE2		equ	$5CB0	; =  23728
	RAMTOP		equ	$5CB2	; =  23730
	PRAMT		equ	$5CB4	; =  23732
	KSTATEOFF	equ	$FFFFFFC6	; =    -58
	LASTKOFF	equ	$FFFFFFCE	; =    -50
	REPDELOFF	equ	$FFFFFFCF	; =    -49
	REPPEROFF	equ	$FFFFFFD0	; =    -48
	DEFADDOFF	equ	$FFFFFFD1	; =    -47
	KDATAOFF	equ	$FFFFFFD3	; =    -45
	TVDATAOFF	equ	$FFFFFFD4	; =    -44
	STRMSOFF	equ	$FFFFFFD6	; =    -42
	CHARSOFF	equ	$FFFFFFFC	; =     -4
	RASPOFF		equ	$FFFFFFFE	; =     -2
	PIPOFF		equ	$FFFFFFFF	; =     -1
	ERRNROFF	equ	$0000	; =      0
	FLAGSOFF	equ	$0001	; =      1
	TVFLAGOFF	equ	$0002	; =      2
	ERRSPOFF	equ	$0003	; =      3
	LISTSPOFF	equ	$0005	; =      5
	MODEOFF		equ	$0007	; =      7
	NEWPPCOFF	equ	$0008	; =      8
	NSPPCOFF	equ	$000A	; =     10
	PPCOFF		equ	$000B	; =     11
	SUBPPCOFF	equ	$000D	; =     13
	BORDCROFF	equ	$000E	; =     14
	EPPCOFF		equ	$000F	; =     15
	VARSOFF		equ	$0011	; =     17
	DESTOFF		equ	$0013	; =     19
	CHANSOFF	equ	$0015	; =     21
	CURCHLOFF	equ	$0017	; =     23
	PROGOFF		equ	$0019	; =     25
	NXTLINOFF	equ	$001B	; =     27
	DATADDOFF	equ	$001D	; =     29
	ELINEOFF	equ	$001F	; =     31
	KCUROFF		equ	$0021	; =     33
	CHADDOFF	equ	$0023	; =     35
	XPTROFF		equ	$0025	; =     37
	WORKSPOFF	equ	$0027	; =     39
	STKBOTOFF	equ	$0029	; =     41
	STKENDOFF	equ	$002B	; =     43
	BREGOFF		equ	$002D	; =     45
	MEMOFF		equ	$002E	; =     46
	FLAGS2OFF	equ	$0030	; =     48
	DFSZOFF		equ	$0031	; =     49
	ATTRTOFF	equ	$0055	; =     85
	FLAGS3		equ	$5CB6	; =  23734
	VECTOR		equ	$5CB7	; =  23735
	SBRT		equ	$5CB9	; =  23737
	BAUD		equ	$5CC3	; =  23747
	NTSTAT		equ	$5CC5	; =  23749
	IOBORD		equ	$5CC6	; =  23750
	SERFL		equ	$5CC7	; =  23751
	SECTOR		equ	$5CC9	; =  23753
	CHADD_		equ	$5CCB	; =  23755
	NTRESP		equ	$5CCC	; =  23756
	NTDEST		equ	$5CCD	; =  23757
	NTSRCE		equ	$5CCE	; =  23758
	NTNUMB		equ	$5CD0	; =  23760
	NTTYPE		equ	$5CD2	; =  23762
	NTLEN		equ	$5CD3	; =  23763
	NTDCS		equ	$5CD4	; =  23764
	NTHDS		equ	$5CD5	; =  23765
	DSTR1		equ	$5CD6	; =  23766
	SSTR1		equ	$5CD8	; =  23768
	LSTR1		equ	$5CD9	; =  23769
	NSTR1		equ	$5CDA	; =  23770
	DSTR2		equ	$5CDE	; =  23774
	SSTR2		equ	$5CE0	; =  23776
	LSTR2		equ	$5CE1	; =  23777
	NSTR2		equ	$5CE2	; =  23778
	HD00		equ	$5CE6	; =  23782
	HD0B		equ	$5CE7	; =  23783
	HD0D		equ	$5CE9	; =  23785
	HD0F		equ	$5CEB	; =  23787
	HD11		equ	$5CED	; =  23789
	COPIES		equ	$5CEF	; =  23791
	CHREC		equ	$000D	; =     13
	CHDRIV		equ	$0019	; =     25
	HDNUMB		equ	$0029	; =     41
	HEADERFLAG	equ	$0000	; =      0
	DATAFLAG	equ	$00FF	; =    255
	L10END		equ	$002B	; =     43
	L20END		equ	$003F	; =     63
	L30END		equ	$0058	; =     88
	L40END		equ	$006A	; =    106
	PROGRAM1END	equ	$006B	; =    107
	CODE1START	equ	$FC00	; =  64512
	CODE1END	equ	$FF00	; =  65280
	CODE2START	equ	$8000	; =  32768
	CODE2END	equ	$9135	; =  37173
	CODE3START	equ	$6104	; =  24836
	CODE3END	equ	$FC00	; =  64512

