          00 01 02 03 04 05 06 07 - 08 09 0A 0B 0C 0D 0E 0F  0123456789ABCDEF

00000000  13 00 00 00 63 79 62 65 - 72 6E 6F 69 64 20 64 00  ....cybernoid d.
00000010  0A 00 64 00 49 66 00 FF - 00 0A 28 00 E7 30 0E 00  ..d.If....(..0..
00000020  00 00 00 00 3A DA 30 0E - 00 00 00 00 00 3A D9 37  ....:.0......:.7
00000030  0E 00 00 07 00 00 3A FD - 32 34 38 33 35 0E 00 00  ......:.24835...
00000040  03 61 00 0D 00 14 0E 00 - EF 22 22 AA 3A F2 30 0E  .a......."".:.0.
00000050  00 00 00 00 00 0D 00 1E - 10 00 EF 22 22 AF 32 34  ..........."".24
00000060  38 33 35 0E 00 00 03 61 - 00 0D 00 28 0E 00 F9 C0  835....a...(....
00000070  32 35 38 36 30 0E 00 00 - 04 65 00 0D 6E 13 00 00  25860....e..n...
00000080  03 63 79 62 65 72 6E 6F - 69 64 20 00 1B 00 40 00  .cybernoid ...@.
00000090  00 1B 02 1B FF 00 03 FF - E0 00 00 00 00 00 00 00  ................
000000A0  00 00 00 00 00 00 00 00 - 00 00 00 00 00 00 06 00  ................
000000B0  00 00 00 00 00 00 00 03 - FE FF F0 00 00 00 00 00  ................
000000C0  00 00 00 00 00 00 00 00 - 00 00 7F C0 00 00 27 80  ..............'.
000000D0  00 00 00 00 00 07 FF FC - 0F F1 FF FF F8 7F FF 0F  ................
000000E0  FF FF 1F FF FE 3F FF FC - 7F 8E 7F 00 07 00 2A A0  .....?........*.
000000F0  00 00 00 00 00 00 06 00 - 01 F7 8F 00 0F 07 8F C1  ................
00000100  F3 1E 61 E0 07 C0 F0 0F - 81 E0 3C 00 00 00 00 00  ..a.......<.....
00000110  00 00 00 00 00 00 00 07 - EF F7 F8 7F FF FF F0 01  ................
00000120  FF E1 FE 01 FF FC 7F 8F - FF FF FF 00 00 00 AA A0  ................
00000130  00 00 00 00 00 00 00 00 - 07 F0 31 FB F0 3F 6D 9F  ..........1..?m.
00000140  8C 6D DB 01 AD FB 07 F6 - DD F8 00 00 00 00 8A A0  .m..............
00000150  00 00 00 00 00 00 00 00 - 00 00 00 00 00 00 00 00  ................
00000160  00 00 00 00 00 00 00 00 - 00 00 00 00 00 00 0A A0  ................
00000170  00 00 00 00 00 00 00 00 - 00 00 00 00 00 00 00 34  ...............4
00000180  64 08 AA 7E 2A A9 FE C0 - 00 00 00 00 00 0A AB E8  d..~*...........
00000190  00 00 00 08 00 00 01 FF - C0 00 00 00 00 00 00 00  ................
000001A0  00 00 00 00 00 00 00 00 - 00 00 00 00 00 00 09 80  ................
000001B0  00 00 00 00 00 00 00 01 - FF FF E0 00 00 00 00 00  ................
000001C0  00 00 00 00 00 00 00 00 - 00 00 7F 80 00 00 10 50  ...............P
000001D0  00 00 00 00 00 03 FC 00 - 0F F3 FC 0F F0 FF 00 1F  ................
000001E0  C0 FE 3F C3 FC 7F 87 F8 - FF 1F 7F 00 06 80 15 50  ..?............P
000001F0  00 00 00 00 00 00 03 FC - 0F F7 FF F0 FF FF 1F FF  ................
00000200  80 3F C3 FC 7F 87 F8 FF - 1F E0 FF 00 07 00 E7 00  .?..............
00000210  30 00 60 00 00 00 00 03 - EF F7 F0 FF FF FF E0 00  0.`.............
00000220  FF C3 FC 00 FF F8 FF 1F - FF FF FF 00 00 00 55 50  ..............UP
00000230  00 00 00 00 00 00 00 00 - 03 F0 31 9B 00 30 6C D9  ..........1..0l.
00000240  8C 6C D9 81 8D FB 06 36 - CD 80 00 00 00 00 55 50  .l.....6......UP
00000250  00 00 00 00 00 00 00 00 - 00 00 00 00 00 00 00 00  ................
00000260  4C 84 C4 54 03 E0 00 00 - 00 00 00 00 00 00 51 50  L..T..........QP
00000270  00 00 00 00 00 00 00 00 - 00 00 00 00 00 00 00 10  ................
00000280  9B 61 55 7F C5 54 FE E0 - 00 00 00 00 00 15 53 A8  .aU..T........S.
00000290  00 00 00 22 00 00 00 FF - 80 3F FF C0 00 00 00 00  ...".....?......
000002A0  00 00 00 00 00 00 00 00 - 00 00 00 00 00 00 0B 80  ................
000002B0  00 00 00 00 00 00 00 00 - FF FF C0 00 00 00 00 00  ................
000002C0  00 00 00 00 00 00 00 00 - 00 00 7F 00 00 00 2A A0  ..............*.
000002D0  00 00 00 00 40 01 FE 00 - 0F F7 F8 1F E1 FE 00 3F  ....@..........?
000002E0  81 FC 7F 87 F8 FF 0F F1 - FE 3F FF 00 07 34 2A A0  .........?...4*.
000002F0  00 00 00 00 00 00 01 FE - 0F F0 1F E1 FE 00 3F FF  ..............?.
00000300  C0 7F 87 F8 FF 0F F1 FE - 3F C0 7F 00 06 81 8C 00  ........?.......
00000310  30 00 D0 00 00 00 00 01 - EF F7 E1 FF FF FF C0 00  0...............
00000320  7F 83 F8 00 7F F1 FE 3F - FF FF FF 00 00 00 8A A0  .......?........
00000330  00 00 00 00 00 00 00 00 - 01 F0 31 9B F0 30 6F D9  ..........1..0o.
00000340  8C 6C DF 81 8D 9B F6 36 - CD F8 00 00 00 00 8A A0  .l.....6........
00000350  00 00 00 00 00 00 00 00 - 00 00 00 00 00 00 00 00  ................
00000360  90 1B 2A AA 8F F8 00 00 - 00 00 00 00 00 00 AA A0  ..*.............
00000370  00 00 00 00 00 00 00 00 - 00 00 00 00 00 00 00 41  ...............A
00000380  64 02 AA 7F F8 AA 7C F0 - 00 00 00 00 00 0A AA A8  d.....|.........
00000390  00 00 00 08 00 00 00 7F - C0 1F FF 80 00 00 00 00  ................
000003A0  00 00 00 00 00 00 00 00 - 00 00 00 00 00 00 0F 00  ................
000003B0  00 00 00 00 00 FF FF FF - 7F FF 8F FF 80 03 FF F8  ................
000003C0  7F F0 00 FF E0 01 FF C0 - 3F FC 7F 00 00 00 15 50  ........?......P
000003D0  00 00 00 00 A0 00 FF 00 - 0F F7 F0 3F C3 FC 00 7F  ...........?....
000003E0  03 F8 FF 0F F1 FE 1F E3 - FC 7F FF 00 06 B4 15 50  ...............P
000003F0  00 00 00 00 00 00 00 FF - EF F0 3F C3 FC 00 7F BF  ..........?.....
00000400  E0 FF 0F F1 FE 1F E3 FC - 7F 80 7F 00 07 1D CE 73  ...............s
00000410  31 80 C3 1C E6 00 00 00 - 0F F0 00 00 00 00 00 00  1...............
00000420  00 00 00 00 00 00 00 00 - 00 00 00 00 00 00 55 50  ..............UP
00000430  00 00 00 00 00 00 00 00 - 00 F0 31 9B F0 30 6F D9  ..........1..0o.
00000440  8C 6C DF 81 8D 9B F6 36 - CD F8 00 00 00 00 55 50  .l.....6......UP
00000450  00 00 00 00 00 00 00 00 - 00 00 00 00 00 00 00 01  ................
00000460  08 64 D4 55 53 FC 00 00 - 00 00 00 00 00 00 51 50  .d.US.........QP
00000470  00 00 00 00 00 00 00 00 - 00 00 00 00 00 00 00 20  ............... 
00000480  9B 05 55 7F FE 55 33 F0 - 00 00 00 00 00 15 52 A8  ..U..U3.......R.
00000490  00 00 00 00 00 00 00 3F - E0 0F FF 00 00 00 00 00  .......?........
000004A0  00 00 00 00 00 00 00 00 - 00 00 00 00 00 00 15 40  ...............@
000004B0  00 00 00 00 00 7F FF FF - BF FF 1F FF C0 07 FF F0  ................
000004C0  FF F8 01 FF F0 03 FF E0 - 1F F8 7F 00 00 00 2A A0  ..............*.
000004D0  00 00 00 00 40 00 7F 80 - 0F F7 FF FF 87 FF F8 FF  ....@...........
000004E0  FF F1 FE 1F E3 FC 3F C7 - F8 FF FF 00 06 B4 2A A0  ......?.......*.
000004F0  00 00 00 00 00 00 00 7F - EF F0 7F 87 F8 00 FF 1F  ................
00000500  F1 FE 1F E3 FC 3F C7 F8 - FF 00 7F 00 07 35 8C D7  .....?.......5..
00000510  B3 C0 C7 B1 8D 00 00 00 - 7F F0 00 00 00 00 00 00  ................
00000520  00 00 00 00 00 00 00 00 - 00 00 00 00 00 00 8A A0  ................
00000530  00 00 00 00 00 00 00 00 - 00 70 00 00 00 00 00 00  .........p......
00000540  00 00 00 00 00 00 00 00 - 00 00 00 00 00 00 8A A0  ................
00000550  00 00 00 00 00 00 00 00 - 00 00 00 00 00 00 00 06  ................
00000560  A0 99 2A AA A8 7C 00 00 - 00 00 10 00 00 00 AA A8  ..*..|..........
00000570  00 00 00 08 00 00 00 00 - 00 00 00 00 00 00 00 03  ................
00000580  60 2A AA 7F FF AA 8F F8 - 00 00 00 00 00 2A AB A8  `*...........*..
00000590  00 00 00 00 00 00 00 1F - F0 1F FE 00 00 00 00 00  ................
000005A0  00 00 00 00 00 00 00 00 - 00 00 00 00 00 00 15 40  ...............@
000005B0  00 00 00 00 00 3F FF FF - 9F FE 3F FF E0 0F FF E1  .....?....?.....
000005C0  FF FC 03 FF F8 07 FF F0 - 0F F0 7F 00 00 00 15 50  ...............P
000005D0  00 00 00 00 00 00 3F C0 - 0F F7 FF FF 0F FF F1 FF  ......?.........
000005E0  FF E3 FC 3F C7 F8 7F 8F - F1 FF FF 00 07 1C 15 50  ...?...........P
000005F0  00 00 00 00 00 00 00 3F - EF F7 FF 0F FF FF FE 0F  .......?........
00000600  FF FC 3F C7 FF FF 8F F1 - FF FF FF 00 06 B5 8C D6  ..?.............
00000610  33 80 D6 31 8D 00 00 00 - 3F F0 FD 9B F0 3F 6F D9  3..1....?....?o.
00000620  BF 6C DF 81 8D FB F6 36 - CD F8 00 00 00 00 55 50  .l.....6......UP
00000630  00 00 00 00 00 00 00 00 - 00 30 00 00 00 00 00 00  .........0......
00000640  00 00 00 00 00 00 00 00 - 00 00 00 00 00 00 51 50  ..............QP
00000650  00 00 00 00 00 00 00 00 - 00 00 00 00 00 00 00 09  ................
00000660  43 64 95 15 55 1C 00 00 - 00 00 28 00 00 01 51 50  Cd..U.....(...QP
00000670  00 00 00 22 00 00 00 00 - 00 00 00 00 00 00 00 64  ..."...........d
00000680  88 55 55 1F FF C5 57 FC - 00 00 00 00 00 15 50 E8  .UU...W.......P.
00000690  00 00 00 00 00 00 00 0F - F8 3F FC 00 00 00 00 00  .........?......
000006A0  00 00 00 00 00 00 00 00 - 00 00 00 00 00 00 0C A0  ................
000006B0  00 00 00 00 00 1F FF FF - 0F FC 7F FF F0 1F FF C3  ................
000006C0  FF FE 07 FF FC 0F FF F8 - 1F E0 7F 00 00 00 2A A0  ..............*.
000006D0  00 00 00 00 00 00 1F E0 - 0F F7 FF FE 1F FF E3 FF  ................
000006E0  FF C7 F8 7F 8F F0 FF 1F - E3 FF FF 00 00 04 2A A0  ..............*.
000006F0  00 00 00 00 00 00 00 1F - EF F7 FE 1F FF FF FC 07  ................
00000700  FF F8 7F 87 FF FF 1F E3 - FF FF FF 00 06 9D 8C 73  ...............s
00000710  B9 C0 63 9C E6 00 00 00 - 1F F0 FD 9B F0 3F 6F D9  ..c..........?o.
00000720  BF 6E DF 81 DD FB F6 36 - ED F8 00 00 00 00 8A A0  .n.....6........
00000730  00 00 00 00 00 00 00 00 - 00 10 FF FF FF FF FF FF  ................
00000740  FF FF FF FF FF FF FF FF - FF F8 00 00 00 00 82 A0  ................
00000750  00 00 00 00 00 00 00 00 - 00 00 00 00 00 00 00 16  ................
00000760  04 99 2A 42 AA A3 FC 00 - 00 00 10 00 00 02 A8 A0  ..*B............
00000770  00 00 00 08 00 00 00 00 - 00 00 00 00 00 00 00 4B  ...............K
00000780  40 AA AA 6F FF F2 A9 FE - 00 00 00 00 00 2A AA 30  @..o.........*.0
00000790  00 00 00 00 00 00 00 07 - FC 7F F8 00 00 00 00 00  ................
000007A0  00 00 00 00 00 00 00 00 - 00 00 7F E0 00 00 18 E0  ................
000007B0  00 00 00 00 00 0F FF FE - 0F F8 FF FF F8 3F FF 87  .............?..
000007C0  FF FF 0F FF FE 1F FF FC - 3F C4 7F 00 00 00 15 50  ........?......P
000007D0  00 00 00 00 00 00 01 F0 - 0E 00 70 C0 30 F8 00 3E  ..........p.0..>
000007E0  0C 01 80 1F 18 01 0E 30 - 06 1B C3 00 00 38 15 50  .......0.....8.P
000007F0  00 00 00 00 00 00 00 0F - EF F7 FC 3F FF FF F8 03  ...........?....
00000800  FF F0 FF 03 FF FE 3F C7 - FF FF FF 00 00 00 00 00  ......?.........
00000810  00 00 00 00 00 00 00 00 - 0F F0 31 FB 00 30 6C 1F  ..........1..0l.
00000820  8C 6F D8 01 FD 9B 07 F6 - FD 80 00 00 00 00 55 50  .o............UP
00000830  00 00 00 00 00 00 00 00 - 00 00 00 00 00 00 00 00  ................
00000840  00 00 00 00 00 00 00 00 - 00 00 00 00 00 00 01 50  ...............P
00000850  00 00 00 00 00 00 00 00 - 00 00 00 00 00 00 00 28  ...............(
00000860  1B 64 55 79 55 53 FE 00 - 00 00 00 00 00 05 53 18  .dUyUS........S.
00000870  00 00 00 5D 00 00 00 00 - 00 00 00 00 00 00 00 24  ...]...........$
00000880  05 55 55 33 FF F1 54 7F - 00 00 00 00 00 15 55 40  .UU3..T.......U@
00000890  00 00 00 00 00 00 00 00 - 00 00 00 00 00 00 00 07  ................
000008A0  08 AA AA 6D FF F0 AA 9F - 00 00 00 00 08 2A A2 A0  ...m.........*..
000008B0  00 00 00 00 00 00 00 00 - 00 00 00 00 00 00 00 A0  ................
000008C0  78 8A AA 01 A0 80 00 02 - AA 00 00 02 AA AA 8A A0  x...............
000008D0  00 00 00 00 00 00 00 00 - 00 00 00 00 00 00 02 80  ................
000008E0  37 60 6A 3F C0 00 00 00 - 02 CA 00 2A AA A8 E4 AA  7`j?.......*....
000008F0  E0 00 00 00 00 00 00 00 - 00 00 00 00 01 00 32 80  ..............2.
00000900  8D 01 FC AB C0 00 00 00 - 00 BE 8A AA AA A0 6C 00  ..............l.
00000910  00 00 00 00 00 00 00 00 - 00 00 00 00 00 00 3C 80  ..............<.
00000920  26 00 7C 0A 80 10 00 00 - 00 AF 2B A2 AA 80 00 00  &.|.......+.....
00000930  00 00 00 00 00 00 00 00 - 00 00 00 00 00 00 5E 80  ..............^.
00000940  19 00 00 00 2A 00 00 00 - 00 2B CA 9A E2 00 00 00  ....*....+......
00000950  00 00 00 00 00 00 00 00 - 00 00 00 00 00 00 0C A0  ................
00000960  0A 80 00 00 02 A0 00 00 - 00 3D F2 71 A8 00 00 00  .........=.q....
00000970  00 00 00 00 00 00 00 00 - 00 00 00 00 00 00 02 A8  ................
00000980  11 80 00 00 00 2A 00 00 - 17 4A A7 DC A8 09 E0 00  .....*...J......
00000990  00 00 08 00 00 00 00 00 - 00 00 00 00 00 00 00 10  ................
000009A0  E4 55 55 3A 7F E0 15 41 - 80 00 00 00 14 55 55 40  .UU:...A.....UU@
000009B0  00 00 00 00 00 00 00 00 - 00 00 00 00 00 00 01 40  ...............@
000009C0  1E 45 54 02 83 00 00 01 - 55 00 00 05 55 55 15 40  .ET.....U...UU.@
000009D0  00 00 00 00 00 00 00 20 - 00 00 00 00 00 00 01 40  ....... .......@
000009E0  9D 81 A5 3F E0 00 00 00 - 00 65 00 55 55 54 2D 4A  ...?.....e.UUT-J
000009F0  A0 00 00 00 00 00 00 00 - 00 00 00 00 00 00 25 40  ..............%@
00000A00  5C 03 FC 55 80 00 00 00 - 00 5E 45 55 55 50 6C 00  \..U.....^EUUPl.
00000A10  00 00 00 00 00 00 00 00 - 00 00 00 00 00 00 21 40  ..............!@
00000A20  00 00 38 05 40 00 00 00 - 00 4F 95 51 55 00 00 00  ..8.@....O.QU...
00000A30  00 00 00 00 00 00 00 00 - 00 00 00 00 00 00 7E 40  ..............~@
00000A40  00 00 00 00 54 00 00 00 - 00 13 D4 5C D4 00 00 00  ....T......\....
00000A50  00 00 00 00 00 00 00 00 - 00 00 00 00 00 00 0D 50  ...............P
00000A60  00 00 00 02 01 50 00 00 - 00 DC F5 76 94 00 00 00  .....P.....v....
00000A70  00 00 00 00 00 00 00 00 - 00 00 00 00 00 00 01 50  ...............P
00000A80  00 00 00 00 00 15 00 00 - 37 95 53 DD 54 15 F0 00  ........7.S.T...
00000A90  00 00 00 00 00 00 00 00 - 00 00 00 00 00 00 00 2A  ...............*
00000AA0  78 AA AA ED 9F E0 0A AA - 00 00 00 00 28 AA AA A0  x...........(...
00000AB0  00 00 00 00 00 00 00 00 - 00 00 00 00 00 00 00 A0  ................
00000AC0  07 8A A8 0A 04 00 00 00 - AA 80 00 02 AA AA 4A A0  ..............J.
00000AD0  00 00 00 00 00 00 00 00 - 00 00 00 00 00 00 0A 80  ................
00000AE0  57 02 E2 9F E0 00 00 00 - 00 72 80 AA AA A8 0E AF  W........r......
00000AF0  E0 00 00 00 00 00 00 00 - 00 00 00 00 00 00 0A 80  ................
00000B00  10 07 FE 29 00 00 00 00 - 00 9E A2 AA AA A0 78 00  ...)..........x.
00000B10  00 00 00 00 00 00 00 00 - 00 00 00 00 00 00 1E 80  ................
00000B20  52 00 20 02 A0 00 00 00 - 00 AF A9 26 AA 80 00 00  R. ........&....
00000B30  00 00 00 00 00 00 00 00 - 00 00 00 00 00 00 7E A0  ..............~.
00000B40  29 00 00 08 2A 00 00 00 - 00 2B EA 9D 40 00 00 00  )...*....+..@...
00000B50  00 00 00 00 00 00 00 00 - 00 00 00 00 00 00 04 A0  ................
00000B60  14 80 00 00 02 A0 00 00 - 00 DA 72 F7 28 01 00 00  ..........r.(...
00000B70  00 00 00 00 00 00 00 00 - 00 00 00 00 00 00 02 A8  ................
00000B80  11 20 00 00 00 2A 80 00 - 7B 2A AD BA A8 09 F0 00  . ...*..{*......
00000B90  00 00 08 00 00 00 00 00 - 00 00 00 00 00 00 00 45  ...............E
00000BA0  1E 55 54 B8 6F C0 05 55 - 40 00 00 00 54 55 45 40  .UT.o..U@...TUE@
00000BB0  00 00 00 00 00 00 00 00 - 00 00 00 00 00 00 01 40  ...............@
00000BC0  4D E5 54 28 08 00 00 00 - 55 40 00 05 55 55 55 50  M.T(....U@..UUUP
00000BD0  00 00 00 00 00 00 00 20 - 00 00 00 00 00 00 15 40  ....... .......@
00000BE0  9C 0B 85 5F F0 00 00 00 - 00 79 41 55 55 50 0E 40  ..._.....yAUUP.@
00000BF0  00 00 00 00 00 00 00 00 - 00 00 00 00 00 00 05 40  ...............@
00000C00  40 0B FE 14 00 00 00 00 - 00 5E 51 15 55 40 70 00  @........^Q.U@p.
00000C10  00 00 00 00 00 00 00 00 - 00 00 00 00 00 00 7E 40  ..............~@
00000C20  00 00 00 01 50 00 00 00 - 00 57 95 4F 55 00 00 00  ....P....W.OU...
00000C30  00 00 00 00 00 00 00 00 - 00 00 00 00 00 00 3E 40  ..............>@
00000C40  00 00 00 00 15 00 10 00 - 00 13 E4 5D 94 00 00 00  ...........]....
00000C50  00 00 00 00 00 00 00 00 - 08 00 00 00 00 00 01 50  ...............P
00000C60  00 00 00 00 01 50 00 00 - 01 E9 64 F7 54 01 80 00  .....P....d.T...
00000C70  00 00 00 00 00 00 00 00 - 00 00 00 00 00 00 01 54  ...............T
00000C80  00 00 00 00 00 15 40 00 - 7A 55 4E BA 50 15 F0 00  ......@.zUN.P...
00000C90  00 00 00 00 00 00 00 00 - 00 00 00 00 00 00 00 28  ...............(
00000CA0  A7 2A AA EE 33 C0 02 AA - A0 00 00 00 28 AA AA A0  .*..3.......(...
00000CB0  00 00 00 00 00 00 00 00 - 00 00 00 00 00 00 00 80  ................
00000CC0  97 72 A8 A0 30 00 00 00 - 2A A0 00 0A AA AA 48 AC  .r..0...*.....H.
00000CD0  00 00 00 00 80 00 01 74 - 00 00 00 00 00 00 32 80  .......t......2.
00000CE0  10 0E 02 AF F8 00 00 00 - 00 BC A2 AA AA A8 1A A0  ................
00000CF0  00 00 00 00 00 00 00 00 - 00 00 00 00 00 00 0A 80  ................
00000D00  80 7B FF 2A 00 00 00 00 - 00 9F 24 8A AA A0 20 00  .{.*......$... .
00000D10  00 00 00 00 00 00 00 00 - 00 00 00 00 00 00 7E 80  ..............~.
00000D20  48 80 02 02 A0 00 00 00 - 00 A7 A9 2F 0A 00 00 00  H........../....
00000D30  00 00 00 00 00 00 00 00 - 00 00 00 00 00 00 3E A0  ..............>.
00000D40  24 40 00 00 0A 80 00 00 - 00 0B EA 9D C8 00 00 00  $@..............
00000D50  00 00 00 00 00 00 00 00 - 14 00 00 00 00 00 02 A0  ................
00000D60  0A 80 00 00 00 A8 00 00 - 03 F2 A9 6F 28 01 C0 00  ...........o(...
00000D70  00 00 08 00 00 00 00 00 - 00 00 00 00 00 00 02 A8  ................
00000D80  02 20 00 00 04 0A 80 00 - BC AA 9F 3A A8 29 F0 00  . .........:.)..
00000D90  00 00 00 00 00 00 00 00 - 00 00 00 00 00 00 00 56  ...............V
00000DA0  51 95 54 B8 0D C0 00 55 - 50 00 00 00 55 55 55 40  Q.T....UP...UUU@
00000DB0  00 00 00 00 00 00 00 00 - 00 00 00 00 00 00 01 40  ...............@
00000DC0  0D 99 50 80 C0 00 00 00 - 14 50 00 15 55 54 D1 4E  ..P......P..UT.N
00000DD0  00 00 00 01 40 00 00 20 - 00 00 00 00 00 00 15 40  ....@.. .......@
00000DE0  40 58 11 4F FC 00 00 00 - 00 3C 51 55 55 50 1A 40  @X.O.....<QUUP.@
00000DF0  00 00 00 00 00 00 00 00 - 00 00 00 00 00 00 05 40  ...............@
00000E00  01 A1 FF 15 00 00 00 00 - 00 5F 52 45 55 40 20 00  ........._REU@ .
00000E10  00 00 00 00 00 00 00 00 - 00 00 00 00 00 00 7E 40  ..............~@
00000E20  00 00 00 01 50 00 00 00 - 00 57 D4 4F 65 00 00 00  ....P....W.Oe...
00000E30  00 00 00 00 00 00 00 00 - 00 00 00 00 00 00 1D 40  ...............@
00000E40  00 00 00 00 15 00 00 00 - 00 15 E5 3D 90 00 00 00  ...........=....
00000E50  00 00 00 00 00 00 00 00 - 08 00 00 00 00 00 01 50  ...............P
00000E60  00 00 00 00 00 54 00 40 - 01 F5 55 AF 54 05 C0 00  .....T.@..U.T...
00000E70  00 00 00 00 00 00 00 00 - 00 00 00 00 00 00 01 54  ...............T
00000E80  00 00 00 00 00 05 40 01 - DD 55 5F 56 50 15 F8 00  ......@..U_VP...
00000E90  00 00 00 00 00 00 00 00 - 00 00 00 00 00 00 00 A7  ................
00000EA0  8A 2A AA E0 16 00 00 2A - A8 00 00 00 AA AA 8A A0  .*.....*........
00000EB0  00 00 00 00 00 00 00 00 - 00 00 00 00 00 00 02 80  ................
00000EC0  57 60 AA 03 00 00 00 00 - 0A 28 00 2A AA AA A8 AB  W`.......(.*....
00000ED0  80 00 00 00 80 00 00 00 - 00 00 00 00 01 00 12 80  ................
00000EE0  81 70 38 A7 F8 00 00 00 - 00 BD 28 AA AA A0 3A A0  .p8.......(...:.
00000EF0  00 00 00 00 00 00 00 00 - 00 00 00 00 00 00 1A 80  ................
00000F00  46 C0 FF 0A 80 80 00 00 - 00 AF 2B 22 AA 80 00 00  F.........+"....
00000F10  00 00 00 00 00 00 00 00 - 00 00 00 00 00 00 78 80  ..............x.
00000F20  28 80 00 00 A8 01 00 00 - 00 A7 CA 2E EA 00 00 00  (...............
00000F30  00 00 00 00 00 00 00 00 - 00 00 00 00 00 00 1C A0  ................
00000F40  14 40 00 00 0A 80 00 00 - 00 19 E8 9B A8 00 00 00  .@..............
00000F50  00 00 00 00 00 00 00 00 - 00 00 00 00 00 00 02 A8  ................
00000F60  02 80 00 00 00 AA 00 00 - 06 EA AB C6 A8 01 E0 00  ................
00000F70  00 00 08 00 00 00 00 00 - 00 00 00 00 00 00 02 A8  ................
00000F80  00 A0 00 00 00 02 A0 03 - DA AA 8E E7 28 2A F8 00  ............(*..
00000F90  00 00 00 00 00 00 00 00 - 00 00 00 00 00 00 00 51  ...............Q
00000FA0  E5 55 54 80 79 80 00 15 - 54 00 00 01 55 55 15 40  .UT.y...T...UU.@
00000FB0  00 00 00 00 00 00 00 00 - 00 00 00 00 00 00 01 40  ...............@
00000FC0  9D D8 15 0F 80 00 00 00 - 04 94 00 55 55 54 A5 4B  ...........UUT.K
00000FD0  E0 00 00 00 00 00 00 20 - 00 00 00 00 02 80 25 40  ....... ......%@
00000FE0  03 C0 F9 57 F0 00 00 00 - 00 3E 15 55 55 50 2E 00  ...W.....>.UUP..
00000FF0  00 00 00 00 00 00 00 00 - 00 00 00 00 00 00 19 40  ...............@
00001000  8B 00 FE 05 00 00 00 00 - 00 4F 53 95 55 40 00 00  .........OS.U@..
00001010  00 00 00 00 00 00 00 00 - 00 00 00 00 00 00 26 40  ..............&@
00001020  00 00 00 00 54 00 00 00 - 00 57 D4 46 E4 00 00 00  ....T....W.F....
00001030  00 00 00 00 00 00 00 00 - 00 00 00 00 00 00 1D 50  ...............P
00001040  00 00 00 00 05 40 01 00 - 00 39 F1 2B 90 00 00 00  .....@...9.+....
00001050  00 00 00 00 00 00 00 00 - 00 00 00 00 00 00 01 50  ...............P
00001060  00 00 00 00 00 54 00 00 - 0E D5 53 DA 54 05 E0 00  .....T....S.T...
00001070  00 00 5D 00 00 00 00 00 - 00 00 00 00 00 00 01 54  ..]............T
00001080  00 00 00 00 00 05 50 05 - E5 55 56 E3 50 54 F8 00  ......P..UV.PT..
00001090  00 00 00 00 00 00 00 00 - 00 00 00 00 00 00 00 AA  ................
000010A0  04 40 00 00 00 02 A8 0E - EA AA 89 EB 20 AA F8 00  .@.......... ...
000010B0  00 00 00 00 00 0D 2A A0 - 00 00 00 00 00 00 00 2A  ......*........*
000010C0  01 10 20 2A 00 0E 2A AA - AA AA A2 A6 85 AA 80 00  .. *..*.........
000010D0  00 00 00 00 00 00 04 AA - AA 00 00 00 00 00 00 0A  ................
000010E0  A0 54 00 2A AA A9 E2 AA - AA AA 9B D2 7F E0 00 00  .T.*............
000010F0  00 00 00 00 00 2F B8 00 - AA AA AA A0 02 AA AA A8  ...../..........
00001100  AA 08 90 2A 8F FF 08 AA - A9 FF CA AA A0 00 00 00  ...*............
00001110  00 20 00 00 00 00 00 00 - 00 29 DC AA AA AA AA AA  . .......)......
00001120  A0 7D F0 02 3F 2A 2A 32 - AA 7F FC A8 00 00 00 00  .}..?**2........
00001130  00 00 00 00 00 00 00 00 - 00 00 00 02 AA A3 00 0A  ................
00001140  AA 0A AA 6A BA A3 FF FF - 27 F2 2A 00 00 00 00 00  ...j....'.*.....
00001150  00 00 00 00 00 00 00 00 - 00 00 00 00 3F 8A 80 00  ............?...
00001160  00 0A A8 0A 9F 82 AF CA - A8 3F FE 3F FE 3F FE 3F  .........?.?.?.?
00001170  FE 3F FE 3F FE 00 00 00 - 00 00 00 00 00 00 00 00  .?.?............
00001180  3F CA AA AA AA AA AA AA - 00 63 E3 63 FF 66 33 7F  ?........c.c.f3.
00001190  E3 63 E3 63 83 01 80 00 - 00 00 00 00 00 00 01 54  .c.c...........T
000011A0  00 00 00 00 7C 01 50 0E - D5 55 45 D3 50 54 F8 00  ....|.P..UE.PT..
000011B0  00 00 00 00 00 07 55 50 - 00 00 00 00 00 00 00 55  ......UP.......U
000011C0  00 00 30 44 00 0E 15 55 - 55 55 55 0D 0D D5 40 00  ..0D...UUUU...@.
000011D0  00 00 00 00 00 00 02 55 - 55 40 00 00 00 00 00 05  .......UU@......
000011E0  40 00 03 85 55 54 E1 55 - 55 55 3D D5 7F C0 00 00  @...UT.UUU=.....
000011F0  00 00 00 00 00 2A A0 00 - 15 55 55 50 55 55 55 54  .....*...UUPUUUT
00001200  55 40 00 15 51 FF E5 55 - 53 FF 95 45 40 00 00 00  U@..Q..US..E@...
00001210  00 50 00 00 00 00 00 00 - 00 13 6F 15 55 55 55 55  .P........o.UUUU
00001220  4F 1D F7 DD 4F C4 54 F9 - 55 7F F9 50 00 00 00 00  O...O.T.U..P....
00001230  00 00 00 00 00 00 00 00 - 00 00 00 00 55 54 00 01  ............UT..
00001240  55 45 55 35 5D 1F FF FF - 57 F9 54 00 00 00 00 00  UEU5]...W.T.....
00001250  00 00 00 00 00 00 00 00 - 00 00 00 00 18 05 40 00  ..............@.
00001260  00 15 54 00 00 55 5F 95 - 52 7F FF 7F FF 7F FF 7F  ..T..U_.R.......
00001270  FF 7F FF 7F FF 00 00 00 - 00 00 00 00 00 00 00 00  ................
00001280  1F D5 55 55 55 55 55 40 - 00 63 E3 63 FF 66 33 7F  ..UUUUU@.c.c.f3.
00001290  E3 63 E3 63 C3 1F E0 00 - 00 00 00 00 01 00 00 AA  .c.c............
000012A0  04 48 00 01 83 E0 A8 2F - 2A AA AA CB 20 AA F8 00  .H...../*... ...
000012B0  00 00 00 00 00 06 AA AA - 00 00 00 00 00 00 00 2A  ...............*
000012C0  81 12 1C 48 00 0F 0A AA - AA AA A2 AD 0D E2 80 00  ...H............
000012D0  00 00 00 00 00 00 01 AA - AA A0 00 00 00 00 00 AA  ................
000012E0  A0 45 C1 F8 AA AA E0 AA - AA AA 7C 0A 7F C0 00 00  .E........|.....
000012F0  00 00 00 00 00 6A A0 00 - 0A A8 AA AA AA AA AA AA  .....j..........
00001300  2A A1 00 02 AA 3F EA 2A - A7 FF AA 8A A0 00 00 00  *....?.*........
00001310  00 20 00 00 00 00 00 00 - 00 0E B6 A0 2A AA AA AA  . ..........*...
00001320  AF A0 F7 DC A3 C2 A3 FC - AA 00 02 A0 00 00 00 00  ................
00001330  00 00 00 00 00 00 00 00 - 00 00 00 00 2A AA 00 00  ............*...
00001340  0A A2 AA 9A AC BF FE 7E - 27 FC AA 00 00 00 00 00  .......~'.......
00001350  00 00 00 00 00 00 00 00 - 00 00 00 00 00 0A 80 00  ................
00001360  00 00 AA 80 07 AA 9F AA - 8B 63 E3 60 03 66 33 60  .........c.`.f3`
00001370  03 60 03 63 E3 00 00 00 - 00 00 00 00 00 00 00 00  .`.c............
00001380  1F EA AA AA AA AA A8 00 - 00 63 E3 63 FF 66 33 63  .........c.c.f3c
00001390  E3 63 E3 63 E3 6C 50 00 - 00 00 00 00 02 80 00 54  .c.c.lP........T
000013A0  00 00 00 06 24 11 54 77 - 15 55 45 15 80 55 78 00  ....$.Tw.UE..Ux.
000013B0  00 00 00 00 00 01 55 55 - 00 00 00 00 00 00 00 15  ......UU........
000013C0  00 00 1F 80 03 FF 05 55 - 55 55 55 1A 1D F8 00 00  .......UUUU.....
000013D0  00 00 00 00 00 00 00 45 - 55 50 00 00 00 00 15 45  .......EUP.....E
000013E0  50 00 01 FF 15 54 C0 55 - 55 54 FD C4 3F 80 00 00  P....T.UUT..?...
000013F0  00 00 00 00 00 00 00 00 - 05 54 55 55 55 55 55 55  .........TUUUUUU
00001400  15 54 00 09 55 4F F5 55 - 53 FF 55 15 40 00 00 00  .T..UO.US.U.@...
00001410  00 00 00 00 00 00 00 00 - 00 01 DC 55 01 55 55 55  ...........U.UUU
00001420  43 BE 03 DE 00 15 53 FC - 55 55 55 50 00 00 00 00  C.....S.UUUP....
00001430  00 00 00 00 00 00 00 00 - 00 00 00 00 15 55 00 00  .............U..
00001440  01 51 55 4C 4E 7F F8 FC - 57 FD 54 00 00 00 00 00  .QULN...W.T.....
00001450  00 00 00 00 00 00 00 00 - 00 00 00 00 00 05 00 00  ................
00001460  00 00 15 55 50 55 3F 54 - 54 63 E3 60 03 66 33 60  ...UPU?TTc.`.f3`
00001470  03 60 03 61 E3 00 00 00 - 00 00 00 00 00 00 00 00  .`.a............
00001480  0F E5 55 55 55 55 40 00 - 00 63 E3 63 FF 66 33 63  ..UUUU@..c.c.f3c
00001490  E3 63 E3 63 E3 1B 48 00 - 00 00 00 00 01 00 00 AA  .c.c..H.........
000014A0  00 A8 00 08 A0 58 AA F6 - AA AA AA A9 A0 AA 70 00  .....X........p.
000014B0  00 00 00 00 00 01 AA AA - 80 00 00 00 00 00 00 2A  ...............*
000014C0  80 22 03 F8 1F FE 0A AA - AA AA A0 3A 9E FE 00 00  .".........:....
000014D0  00 00 00 00 00 00 00 32 - AA A8 00 00 AA AA AA A2  .......2........
000014E0  A0 01 40 7F E2 AA 40 AA - AA 89 FA 48 BF 00 00 00  ..@...@....H....
000014F0  00 00 00 00 00 00 00 00 - 02 AA 2A AA AA AA AA AA  ..........*.....
00001500  82 AA A0 0E 2A A1 F2 2A - AB FE 00 2A 80 00 00 00  ....*..*...*....
00001510  00 00 00 00 00 00 00 00 - 00 00 B8 AA A8 2A AA AA  .............*..
00001520  A4 3E F8 00 2A AA AB FE - 2A AA AA A0 00 00 00 00  .>..*...*.......
00001530  00 00 00 00 00 00 00 00 - 00 00 00 00 62 AA A0 00  ............b...
00001540  00 28 2A A7 27 7F C1 F8 - A7 FE A8 00 00 00 00 00  .(*.'...........
00001550  00 00 00 00 00 00 00 00 - 00 00 00 00 00 00 00 00  ................
00001560  00 00 02 AA 2A AA 7E 02 - AA 63 E3 63 FF 66 33 63  ....*.~..c.c.f3c
00001570  E3 63 E3 60 E3 00 00 00 - 00 00 00 00 00 00 00 00  .c.`............
00001580  07 F2 AA AA AA AA 80 00 - 00 63 E3 60 03 60 03 60  .........c.`.`.`
00001590  03 60 03 63 E3 3C D4 00 - 00 00 00 00 00 00 00 55  .`.c.<.........U
000015A0  00 00 00 12 1F 38 55 79 - 55 55 45 15 41 55 30 00  .....8UyUUE.AU0.
000015B0  00 00 00 00 00 00 55 55 - 50 00 00 00 00 00 00 15  ......UUP.......
000015C0  40 00 04 3F 80 02 05 55 - 55 55 53 D5 3E FC 00 00  @..?...UUUS.>...
000015D0  00 00 00 00 00 00 00 09 - 55 55 00 00 55 55 55 51  ........UU..UUUQ
000015E0  50 00 00 0F FC 55 01 55 - 55 25 F5 15 40 00 00 00  P....U.UU%..@...
000015F0  00 00 00 00 00 00 00 00 - 00 55 55 55 55 55 55 55  .........UUUUUUU
00001600  58 55 55 57 95 54 39 15 - 51 FF FE 55 00 00 00 00  XUUW.T9.Q..U....
00001610  00 00 00 00 00 00 00 00 - 00 00 14 55 54 41 55 55  ...........UTAUU
00001620  51 40 FB EF 55 55 45 FF - 55 55 55 40 00 00 00 00  Q@..UUE.UUU@....
00001630  00 00 00 00 00 00 00 00 - 00 00 00 00 F9 55 50 00  .............UP.
00001640  00 54 15 51 CA 3F 15 F1 - 57 FF 50 00 00 00 00 00  .T.Q.?..W.P.....
00001650  00 00 00 00 00 00 00 00 - 00 00 00 00 00 00 00 00  ................
00001660  00 00 00 55 15 55 01 55 - 55 63 E3 63 FF 66 33 63  ...U.U.UUc.c.f3c
00001670  FF 63 E3 60 63 00 00 00 - 00 00 00 00 00 00 00 00  .c.`c...........
00001680  01 F5 55 55 55 54 00 00 - 00 63 E3 60 03 60 03 60  ..UUUT...c.`.`.`
00001690  03 60 03 63 E3 16 AA 80 - 00 00 00 00 00 00 00 AA  .`.c............
000016A0  00 28 00 10 E0 FC 2A 7A - AA AA A2 AB 41 2A B0 00  .(....*z....A*..
000016B0  00 00 00 00 00 00 22 AA - A8 00 00 00 00 00 00 2A  ......"........*
000016C0  80 02 02 81 FF F8 02 AA - AA AA AB D4 BF 78 00 00  .............x..
000016D0  00 00 00 00 00 7F F8 06 - AA A8 00 00 2A AA AA AA  ............*...
000016E0  A8 0A 80 23 FF 82 80 AA - AA 6B F2 AA A8 00 00 00  ...#.....k......
000016F0  00 00 00 00 00 00 00 00 - 00 2A 22 AA AA AA AA AA  .........*".....
00001700  9F 02 AA A3 E2 AA 82 AA - A9 FF FE AA 00 00 00 00  ................
00001710  00 00 00 00 00 00 00 00 - 00 00 08 2A AA BE 0A AA  ...........*....
00001720  A8 AA 01 EF 6A AA 1D FF - 28 2A 8A 80 00 00 00 00  ....j...(*......
00001730  00 00 00 00 00 00 00 00 - 00 00 00 01 FE 2A A0 00  .............*..
00001740  00 2A 82 AA F1 DC AB F2 - A7 FF 20 00 00 00 00 00  .*........ .....
00001750  00 00 00 00 00 00 00 00 - 00 00 00 00 00 00 00 00  ................
00001760  3E 68 00 0A A2 A0 AA AA - AA 60 03 60 03 66 33 60  >h.......`.`.f3`
00001770  03 63 E3 62 23 00 00 00 - 00 00 00 00 00 00 00 00  .c.b#...........
00001780  00 F2 AA AA AA A0 00 00 - 00 7F FF 7F FF 7F FF 7F  ................
00001790  FF 7F FF 7F FF 09 95 40 - 00 00 00 00 00 00 00 55  .......@.......U
000017A0  00 00 40 29 00 1C 55 35 - 55 55 55 12 85 95 40 00  ..@)..U5UUU...@.
000017B0  00 00 00 00 00 00 19 55 - 54 00 00 00 00 00 00 15  .......UT.......
000017C0  40 00 01 54 00 03 01 55 - 55 55 4B C9 7F 00 00 00  @..T...UUUK.....
000017D0  00 00 00 00 00 20 08 01 - 55 51 55 40 05 55 55 51  ..... ..UQU@.UUQ
000017E0  54 00 00 14 7F F8 55 55 - 54 F7 E5 55 50 00 00 00  T.....UUT..UP...
000017F0  00 00 00 00 00 00 00 00 - 00 14 F1 55 55 55 55 55  ...........UUUUU
00001800  4F 7C 05 50 FC 55 55 05 - 54 FF FD 54 00 00 00 00  O|.P.UU.T..T....
00001810  00 00 00 00 00 00 00 00 - 00 00 00 05 55 4F 01 55  ............UO.U
00001820  54 15 54 00 75 54 FF FF - 13 C5 15 00 00 00 00 00  T.T.uT..........
00001830  00 00 00 00 00 00 00 00 - 00 00 00 00 FF 95 40 00  ..............@.
00001840  00 15 41 55 7F E9 57 E5 - 57 00 00 00 00 00 00 00  ..AU..W.W.......
00001850  00 00 00 00 00 00 00 00 - 00 00 00 00 00 00 00 00  ................
00001860  3F 95 55 50 00 15 55 55 - 54 60 03 60 03 66 33 60  ?.UP..UUT`.`.f3`
00001870  03 63 E3 63 03 00 00 00 - 00 00 00 00 00 00 00 00  .c.c............
00001880  00 35 55 55 55 00 00 00 - 00 3F FE 3F FE 3F FE 3F  .5UUU....?.?.?.?
00001890  FE 3F FE 3F FE 47 47 47 - 47 47 47 47 47 47 47 47  .?.?.GGGGGGGGGGG
000018A0  47 47 47 47 47 47 47 47 - 47 47 47 47 47 47 46 46  GGGGGGGGGGGGGGFF
000018B0  46 46 46 46 46 47 47 47 - 47 47 47 47 47 47 47 47  FFFFFGGGGGGGGGGG
000018C0  47 47 47 47 47 47 47 47 - 47 47 47 47 47 47 46 46  GGGGGGGGGGGGGGFF
000018D0  46 46 46 46 46 47 47 47 - 47 47 47 47 47 47 47 47  FFFFFGGGGGGGGGGG
000018E0  47 47 47 47 47 47 47 47 - 47 47 47 47 47 47 46 46  GGGGGGGGGGGGGGFF
000018F0  46 46 46 46 46 44 44 44 - 44 44 44 44 44 44 44 44  FFFFFDDDDDDDDDDD
00001900  44 44 44 44 44 44 44 44 - 44 44 44 44 44 44 44 44  DDDDDDDDDDDDDDDD
00001910  44 44 44 44 44 44 44 44 - 44 44 44 44 44 44 44 44  DDDDDDDDDDDDDDDD
00001920  44 44 44 44 44 44 44 44 - 44 44 44 44 44 44 46 46  DDDDDDDDDDDDDDFF
00001930  46 46 46 46 46 47 47 47 - 47 47 47 47 47 47 47 47  FFFFFGGGGGGGGGGG
00001940  47 47 47 47 47 47 47 47 - 47 47 47 47 47 47 46 46  GGGGGGGGGGGGGGFF
00001950  46 46 46 46 46 45 45 45 - 45 45 45 45 45 45 45 45  FFFFFEEEEEEEEEEE
00001960  45 45 45 46 46 46 46 46 - 46 46 46 46 46 46 46 46  EEEFFFFFFFFFFFFF
00001970  46 46 46 46 46 45 45 45 - 45 45 45 45 45 45 45 45  FFFFFEEEEEEEEEEE
00001980  45 45 45 46 46 46 46 46 - 46 46 46 46 46 46 46 46  EEEFFFFFFFFFFFFF
00001990  46 46 46 46 46 45 45 45 - 45 45 45 45 45 45 45 45  FFFFFEEEEEEEEEEE
000019A0  45 45 45 46 46 46 46 46 - 46 46 46 46 46 46 46 46  EEEFFFFFFFFFFFFF
000019B0  46 46 46 46 46 45 45 45 - 45 45 45 45 45 45 45 45  FFFFFEEEEEEEEEEE
000019C0  45 45 45 46 46 46 46 46 - 46 46 46 46 46 46 46 46  EEEFFFFFFFFFFFFF
000019D0  46 46 46 46 46 45 45 45 - 45 45 45 45 45 45 45 45  FFFFFEEEEEEEEEEE
000019E0  45 45 45 46 46 46 46 46 - 46 46 46 46 46 46 46 46  EEEFFFFFFFFFFFFF
000019F0  46 46 46 46 46 45 45 45 - 45 45 45 45 45 45 45 45  FFFFFEEEEEEEEEEE
00001A00  45 45 45 46 46 46 46 46 - 46 46 46 46 46 46 46 46  EEEFFFFFFFFFFFFF
00001A10  46 46 46 46 46 45 45 45 - 45 45 45 45 45 45 45 45  FFFFFEEEEEEEEEEE
00001A20  45 45 45 46 46 46 46 46 - 46 46 46 46 46 46 46 46  EEEFFFFFFFFFFFFF
00001A30  46 46 46 46 46 45 45 45 - 45 45 45 45 45 45 45 45  FFFFFEEEEEEEEEEE
00001A40  45 45 45 45 46 46 46 46 - 46 46 46 46 46 46 46 46  EEEEFFFFFFFFFFFF
00001A50  46 46 46 46 46 45 45 45 - 45 45 45 45 45 45 45 45  FFFFFEEEEEEEEEEE
00001A60  45 45 45 45 46 46 46 46 - 46 46 46 46 46 46 46 46  EEEEFFFFFFFFFFFF
00001A70  46 46 46 46 46 45 45 45 - 45 45 45 45 45 45 45 45  FFFFFEEEEEEEEEEE
00001A80  45 45 45 45 45 46 46 46 - 46 46 46 46 46 46 46 46  EEEEEFFFFFFFFFFF
00001A90  46 46 46 46 46 45 45 45 - 45 45 45 45 45 45 45 45  FFFFFEEEEEEEEEEE
00001AA0  45 45 45 45 45 45 46 46 - 46 46 46 46 46 46 46 46  EEEEEEFFFFFFFFFF
00001AB0  46 46 46 46 46 45 45 45 - 45 45 45 45 45 45 45 45  FFFFFEEEEEEEEEEE
00001AC0  45 45 45 45 45 45 46 46 - 46 46 46 46 46 46 46 46  EEEEEEFFFFFFFFFF
00001AD0  46 46 46 46 46 45 45 45 - 45 45 45 45 45 45 45 45  FFFFFEEEEEEEEEEE
00001AE0  45 45 45 45 45 45 45 46 - 46 46 46 46 46 46 46 46  EEEEEEEFFFFFFFFF
00001AF0  46 46 46 46 46 45 45 45 - 45 45 45 45 45 45 45 45  FFFFFEEEEEEEEEEE
00001B00  45 45 45 45 45 45 45 46 - 46 46 46 46 46 46 46 46  EEEEEEEFFFFFFFFF
00001B10  46 46 46 46 46 45 46 46 - 46 45 45 45 45 45 45 45  FFFFFEFFFEEEEEEE
00001B20  45 45 45 45 45 45 45 45 - 46 46 46 46 46 46 46 46  EEEEEEEEFFFFFFFF
00001B30  46 46 46 46 46 45 45 45 - 45 45 45 45 45 45 45 45  FFFFFEEEEEEEEEEE
00001B40  45 45 45 45 45 45 45 45 - 46 46 46 46 46 46 46 46  EEEEEEEEFFFFFFFF
00001B50  46 46 46 46 46 45 45 45 - 45 45 45 45 45 45 45 45  FFFFFEEEEEEEEEEE
00001B60  45 45 45 45 45 45 45 45 - 45 47 47 47 47 47 47 47  EEEEEEEEEGGGGGGG
00001B70  47 47 47 47 47 45 45 45 - 45 45 45 45 45 45 45 45  GGGGGEEEEEEEEEEE
00001B80  45 45 45 45 45 45 45 45 - 45 47 47 47 47 47 47 47  EEEEEEEEEGGGGGGG
00001B90  47 47 47 47 47 3A 13 00 - 00 03 63 79 62 65 72 6E  GGGGG:....cybern
00001BA0  6F 69 64 20 FC 9E 03 61 - 00 00 40 FE 9E FF 3E 00  oid ...a..@...>.
00001BB0  00 00 00 00 00 00 00 00 - 00 00 00 00 00 00 00 00  ................
00001BC0  00 00 00 00 00 00 00 00 - 00 00 00 00 00 00 00 00  ................
00001BD0  00 00 00 00 00 00 00 00 - 00 00 00 00 00 00 00 00  ................
00001BE0  00 00 00 00 00 00 00 00 - 00 00 00 00 00 00 00 00  ................
00001BF0  00 00 00 00 00 00 00 00 - 00 00 00 00 00 00 00 00  ................
00001C00  00 00 00 00 00 00 00 00 - 00 00 00 00 00 00 00 00  ................
00001C10  00 00 00 00 00 00 00 00 - 00 00 00 00 00 00 00 00  ................
00001C20  00 00 00 00 00 00 00 00 - 00 00 00 00 00 00 00 00  ................
00001C30  00 00 00 00 00 00 00 00 - 00 00 00 00 00 00 00 00  ................
00001C40  00 00 00 00 00 DB 02 4D - 00 04 65 00 00 03 65 28  .......M..e...e(
00001C50  FE 1C 5B 00 00 00 00 00 - 00 00 00 00 00 00 00 00  ..[.............
00001C60  00 00 00 00 00 00 00 00 - 00 00 00 00 00 00 00 00  ................
00001C70  00 00 00 00 00 00 00 00 - 00 00 00 00 00 00 00 00  ................
00001C80  00 00 00 00 00 00 00 00 - 00 00 00 00 00 00 00 00  ................
00001C90  00 00 00 00 00 00 00 00 - 00 00 00 00 00 00 00 00  ................
00001CA0  00 00 00 00 00 00 00 00 - 00 00 00 00 00 00 00 00  ................
00001CB0  00 00 00 00 00 00 00 00 - 00 00 00 00 00 00 00 00  ................
00001CC0  00 00 00 00 00 00 00 00 - 00 00 00 00 00 00 00 00  ................
00001CD0  00 00 00 00 00 00 00 00 - 00 00 00 00 00 00 00 00  ................
00001CE0  00 00 00 00 00 00 00 00 - 00 00 00 00 00 00 00 00  ................
00001CF0  00 00 00 00 00 00 00 00 - 00 00 00 00 00 00 00 00  ................
00001D00  00 00 00 00 00 00 00 00 - 00 00 00 00 00 00 00 00  ................
00001D10  00 00 00 00 00 00 00 00 - 00 00 00 00 00 00 00 00  ................
00001D20  00 00 00 00 00 00 00 00 - 00 00 00 00 00 00 00 00  ................
00001D30  00 00 00 00 00 00 00 00 - 00 00 00 00 00 00 00 00  ................
00001D40  00 00 00 00 00 00 00 00 - 00 00 00 00 00 00 00 00  ................
00001D50  00 00 00 00 00 00 00 00 - 00 00 00 00 00 00 00 00  ................
00001D60  00 00 00 00 00 00 00 00 - 00 00 00 00 00 00 00 00  ................
00001D70  00 00 00 00 00 00 00 00 - 00 00 00 00 00 00 00 00  ................
00001D80  00 00 00 00 00 00 00 00 - 00 00 00 00 00 00 00 00  ................
00001D90  00 00 00 00 00 00 00 00 - 00 00 00 00 00 00 00 00  ................
00001DA0  00 00 00 00 00 00 00 00 - 00 00 00 00 00 00 00 00  ................
00001DB0  00 00 00 00 00 00 00 00 - 00 00 00 00 00 00 00 00  ................
00001DC0  00 00 00 00 00 00 00 00 - 00 00 00 00 00 00 00 00  ................
00001DD0  00 00 00 00 00 00 00 00 - 00 00 00 00 00 00 00 00  ................
00001DE0  00 00 00 00 00 00 00 00 - 00 00 00 00 00 00 00 00  ................
00001DF0  00 00 00 00 00 00 00 00 - 00 00 00 00 00 00 00 00  ................
00001E00  00 00 00 00 00 00 00 00 - 00 00 00 00 00 00 00 00  ................
00001E10  00 00 00 00 00 00 00 00 - 00 00 00 00 00 00 00 00  ................
00001E20  00 00 00 00 00 00 00 00 - 00 00 00 00 00 00 00 00  ................
00001E30  00 00 00 00 00 00 00 00 - 00 00 00 00 00 00 00 00  ................
00001E40  00 00 00 00 00 00 00 00 - 00 00 00 00 00 00 00 00  ................
00001E50  00 00 00 00 00 00 00 00 - 00 00 00 00 00 00 00 00  ................
00001E60  00 00 00 00 00 00 00 00 - 00 00 00 00 00 00 00 00  ................
00001E70  00 00 00 00 00 00 00 00 - 00 00 00 00 00 00 00 00  ................
00001E80  00 00 00 00 00 00 00 00 - 00 00 00 00 00 00 00 00  ................
00001E90  00 00 00 00 00 00 00 00 - 00 00 00 00 00 00 00 00  ................
00001EA0  00 00 00 00 00 00 00 00 - 00 00 00 00 00 00 00 00  ................
00001EB0  00 00 00 00 00 00 00 00 - 00 00 00 00 00 00 00 00  ................
00001EC0  00 00 00 00 00 00 00 00 - 00 00 00 00 00 00 00 00  ................
00001ED0  00 00 00 00 00 00 00 00 - 00 00 00 00 00 00 00 00  ................
00001EE0  00 00 00 00 00 00 00 00 - 00 00 00 00 00 00 00 00  ................
00001EF0  00 00 00 00 00 00 00 00 - 00 00 00 00 00 00 00 00  ................
00001F00  00 00 00 00 00 00 00 00 - 00 00 00 00 00 00 00 00  ................
00001F10  00 00 00 00 00 00 00 00 - 00 00 00 00 00 00 00 00  ................
00001F20  00 00 00 00 00 00 00 00 - 00 00 00 00 00 00 00 00  ................
00001F30  00 00 00 00 00 00 00 00 - 00 00 00 00 00 00 00 00  ................
00001F40  00 00 00 00 00 00 00 00 - 00 00 00 00 00 00 00 00  ................
00001F50  00 00 00 00 00 00 00 00 - 00 00 00 00 00 00 00 00  ................
00001F60  00 00 00 00 00 00 00 00 - 00 00 00 00 00 00 00 00  ................
00001F70  00 00 00 00 00 00 00 00 - 00 00 00 00 00 00 00 00  ................
00001F80  00 00 00 00 00 00 00 00 - 00 00 00 00 00 00 00 00  ................
00001F90  00 00 00 00 00 00 00 00 - 00 00 00 00 00 00 00 00  ................
00001FA0  00 00 00 00 00 00 00 00 - 00 00 00 00 00 00 00 F3  ................
00001FB0  31 00 00 CD B4 70 21 00 - 5B 11 01 5B 36 00 01 03  1....p!.[..[6...
00001FC0  0A ED B0 AF 32 A5 81 32 - FA 7B D3 FE 3A 6E 38 D6  ....2..2.{..:n8.
00001FD0  FF 28 02 3E 01 32 99 85 - B7 C2 3F 65 3E C9 32 38  .(.>.2....?e>.28
00001FE0  EF 32 3B EF 32 42 EF CD - 38 87 CD 3B EF 1E 01 CD  .2;.2B..8..;....
00001FF0  42 EF FB CD FC 7B CD 1E - 67 CD A6 81 CD E7 66 3E  B....{..g.....f>
00002000  04 32 D3 78 21 F9 78 11 - FA 78 01 05 00 36 30 ED  .2.x!.x..x...60.
00002010  B0 AF CD 65 74 3A 1A 71 - FE 02 30 03 C3 6A 65 AF  ...et:.q..0..je.
00002020  32 1A 71 21 EA 65 34 21 - 44 8E 36 FF 22 42 8E CD  2.q!.e4!D.6."B..
00002030  8F 68 CD AC 68 CD B8 75 - CD 50 7A CD EA 7A CD D2  .h..h..u.Pz..z..
00002040  7C CD 4A 7B CD 10 7C CD - 69 70 CD AC 87 CD 69 8A  |.J{..|.ip....i.
00002050  CD 1D 7F CD E7 7F CD DA - 8A CD D7 89 CD 23 89 CD  .............#..
00002060  84 75 CD 3C 8D CD D7 8C - CD 40 90 CD 67 92 CD F0  .u.<.....@..g...
00002070  97 CD 0F 97 CD E2 9B CD - B4 98 CD 4E A0 CD 66 80  ...........N..f.
00002080  CD 86 A0 CD DB 8E CD 27 - 7E CD FE 79 CD 0B 66 CD  .......'~..y..f.
00002090  EB 65 C3 6A 65 00 3E FE - DB FE E6 01 C0 3E 7F DB  .e.je.>......>..
000020A0  FE E6 02 C0 01 F4 01 CD - 6A 67 CD 72 66 20 FB CD  ........jg.rf ..
000020B0  2B 66 B7 28 FA C9 3E F7 - DB FE E6 1F C0 C3 04 65  +f.(..>........e
000020C0  E6 F1 C2 DF 0A 0A E0 45 - 57 48 49 43 48 20 4C 45  .......EWHICH LE
000020D0  56 45 4C 20 3F FF C5 E5 - 21 49 66 16 FE 7A DB FE  VEL ?...!If..z..
000020E0  1E 01 06 05 0F 30 09 23 - CB 23 10 F8 CB 02 38 ED  .....0.#.#....8.
000020F0  7E E1 C1 C9 01 5A 58 43 - 56 41 53 44 46 47 51 57  ~....ZXCVASDFGQW
00002100  45 52 54 31 32 33 34 35 - 30 39 38 37 36 50 4F 49  ERT1234509876POI
00002110  55 59 0D 4C 4B 4A 48 20 - 02 4D 4E 42 00 AF DB FE  UY.LKJH .MNB....
00002120  2F E6 1F C9 E5 D5 C5 3C - F5 2A A8 66 11 07 00 19  /......<.*.f....
00002130  5D 54 29 29 4D 44 29 09 - 19 22 A8 66 7D AC 5F 16  ]T))MD)..".f}._.
00002140  00 F1 21 00 00 06 08 29 - 17 30 01 19 10 F9 7C C1  ..!....).0....|.
00002150  D1 E1 C9 00 00 0E 00 21 - FF 5A 11 FE 5A 71 01 00  .......!.Z..Zq..
00002160  03 ED B8 36 00 01 FF 17 - ED B8 C9 0E 00 21 80 58  ...6.........!.X
00002170  71 11 81 58 01 7F 02 ED - B0 21 80 40 06 A0 C5 E5  q..X.....!.@....
00002180  5D 54 13 36 00 01 1F 00 - ED B0 E1 CD 4C 67 C1 10  ]T.6........Lg..
00002190  ED C9 21 00 63 36 00 11 - 01 63 01 1F 00 ED B0 21  ..!.c6...c.....!
000021A0  00 64 36 00 11 01 64 01 - 1F 00 ED B0 DD 21 20 63  .d6...d......! c
000021B0  FD 21 20 64 21 80 40 06 - A0 DD 74 00 FD 75 00 CD  .! d!.@...t..u..
000021C0  4C 67 DD 23 FD 23 10 F1 - C9 DD 21 00 63 FD 21 00  Lg.#.#....!.c.!.
000021D0  64 21 00 40 06 C0 DD 74 - 00 FD 75 00 CD 4C 67 DD  d!.@...t..u..Lg.
000021E0  23 FD 23 10 F1 C9 F5 6A - 26 63 7E 24 6E 67 7B E6  #.#....j&c~$ng{.
000021F0  7C 0F 0F 85 6F F1 C9 24 - 7C E6 07 C0 7D C6 20 6F  |...o..$|...}. o
00002200  D8 7C D6 08 67 C9 7C 25 - E6 07 C0 7D D6 20 6F D8  .|..g.|%...}. o.
00002210  7C C6 08 67 C9 C5 D5 E5 - 21 00 00 11 00 00 ED B0  |..g....!.......
00002220  E1 D1 C1 C9 F5 D5 7A E6 - F8 6F 26 00 29 29 7B E6  ......z..o&.)){.
00002230  7C 0F 0F 5F 16 00 19 D1 - F1 C9 D5 CD 79 67 11 00  |.._........yg..
00002240  5F 19 D1 C9 D5 CD 79 67 - 11 00 58 19 D1 C9 D5 CD  _.....yg..X.....
00002250  79 67 11 00 5B 19 D1 C9 - 21 00 58 11 00 5B 01 00  yg..[...!.X..[..
00002260  03 ED B0 C9 F5 C5 E5 DD - E5 87 87 6F 26 00 01 EE  ...........o&...
00002270  67 09 E5 DD E1 DD 7E 02 - 32 05 68 DD 86 00 ED 44  g.....~.2.h....D
00002280  3C 32 07 68 DD 7E 03 32 - 0E 68 DD 86 01 ED 44 3C  <2.h.~.2.h....D<
00002290  32 10 68 DD E1 E1 C1 F1 - C9 04 08 04 08 08 10 08  2.h.............
000022A0  10 08 10 04 08 08 10 01 - 01 00 00 08 10 7B 91 D6  .............{..
000022B0  08 FE F0 3E 00 D8 7A 90 - D6 10 FE E0 3E 00 D8 3C  ...>..z.....>..<
000022C0  C9 16 01 21 A6 68 0E FE - 23 06 DF ED 78 E6 02 20  ...!.h..#...x.. 
000022D0  01 72 23 06 DF ED 78 E6 - 01 20 01 72 23 06 FB ED  .r#...x.. .r#...
000022E0  78 E6 01 20 01 72 23 06 - 7F ED 78 E6 01 C0 72 C9  x.. .r#...x...r.
000022F0  01 FE EF ED 78 2F E6 1F - 57 CD 8A 68 32 AA 68 CD  ....x/..W..h2.h.
00002300  8A 68 32 A9 68 CD 8A 68 - CD 8A 68 32 A8 68 CD 8A  .h2.h..h..h2.h..
00002310  68 32 A7 68 C9 0E 1F ED - 50 CD 8A 68 32 A8 68 CD  h2.h....P..h2.h.
00002320  8A 68 32 A7 68 CD 8A 68 - CD 8A 68 32 A9 68 CD 8A  .h2.h..h..h2.h..
00002330  68 32 AA 68 C9 AF CB 3A - 17 C9 21 00 00 22 A7 68  h2.h...:..!..".h
00002340  22 A9 68 3A AB 68 B7 CA - 16 68 FE 01 CA 45 68 C3  ".h:.h...h...Eh.
00002350  6A 68 00 00 00 00 00 3A - 94 8F B7 C0 32 6F 69 ED  jh.....:....2oi.
00002360  5B 69 69 ED 53 08 6A 2A - A7 68 7C AD 28 4B CB 45  [ii.S.j*.h|.(K.E
00002370  20 25 3A 6B 69 FE FF 3E - 01 32 6B 69 20 06 32 6F   %:ki..>.2ki .2o
00002380  69 C3 0E 69 7B FE 78 CC - B4 71 CD 72 69 20 2A 1C  i..i{.x..q.ri *.
00002390  3E 01 32 6F 69 18 22 3A - 6B 69 FE 01 3E FF 32 6B  >.2oi.":ki..>.2k
000023A0  69 20 06 32 6F 69 C3 0E - 69 7B B7 CC B4 71 CD 9C  i .2oi..i{...q..
000023B0  69 20 06 1D 3E 01 32 6F - 69 3A A9 68 B7 28 19 3E  i ..>.2oi:.h.(.>
000023C0  FE 32 6C 69 7A FE 20 CC - B4 71 CD E6 69 20 20 15  .2liz. ..q..i  .
000023D0  15 3E 01 32 6F 69 18 17 - 3E 02 32 6C 69 7A FE B0  .>.2oi..>.2liz..
000023E0  CC B4 71 CD C4 69 20 07 - 14 14 3E 01 32 6F 69 3A  ..q..i ...>.2oi:
000023F0  6F 69 B7 CA 46 6A ED 4B - 69 69 ED 53 69 69 3A 6B  oi..Fj.Kii.Sii:k
00002400  69 2E 01 3C 20 01 2C 7D - 2A 6D 69 CD FD A1 22 6D  i..< .,}*mi..."m
00002410  69 C3 0A 6A 40 58 01 02 - F9 C6 01 00 00 C5 D5 E5  i..j@X..........
00002420  7B E6 03 3E 00 20 1B 7B - FE 78 3E 00 30 14 CD 8F  {..>. .{.x>.0...
00002430  67 2C 2C 01 20 00 7E 09 - B6 5F 7A E6 07 7B 28 02  g,,. .~.._z..{(.
00002440  09 B6 B7 E1 D1 C1 C9 C5 - D5 E5 7B E6 03 3E 00 20  ..........{..>. 
00002450  19 7B B7 3E 00 28 13 CD - 8F 67 2D 01 20 00 7E 09  .{.>.(...g-. .~.
00002460  B6 5F 7A E6 07 7B 28 02 - 09 B6 B7 E1 D1 C1 C9 C5  ._z..{(.........
00002470  D5 E5 7A E6 07 3E 00 20 - 13 CD 8F 67 01 40 00 09  ..z..>. ...g.@..
00002480  7E 2C B6 57 7B E6 03 7A - 28 02 2C B6 B7 E1 D1 C1  ~,.W{..z(.,.....
00002490  C9 C5 D5 E5 7A E6 07 3E - 00 20 13 CD 8F 67 01 E0  ....z..>. ...g..
000024A0  FF 09 7E 2C B6 57 7B E6 - 03 7A 28 02 2C B6 B7 E1  ..~,.W{..z(.,...
000024B0  D1 C1 C9 00 00 3A EE 6A - B7 CA 46 6A 2A EF 6A ED  .....:.j..Fj*.j.
000024C0  4B F1 6A ED 5B 69 69 3A - 6B 69 FE FF 28 13 7B D6  K.j.[ii:ki..(.{.
000024D0  08 5F ED 53 F1 6A 3E 07 - CD FD A1 22 EF 6A C3 46  ._.S.j>....".j.F
000024E0  6A 7B C6 08 5F ED 53 F1 - 6A 3E 08 CD FD A1 22 EF  j{.._.S.j>....".
000024F0  6A 3A F3 6A B7 28 6E ED - 5B F6 6A 3A 94 8F B7 C2  j:.j.(n.[.j:....
00002500  87 6A 3A 6B 69 FE FF 3A - F8 6A 28 0A FE 17 38 02  .j:ki..:.j(...8.
00002510  3E FF 3C C3 71 6A B7 20 - 02 3E 18 3D 32 F8 6A 87  >.<.qj. .>.=2.j.
00002520  6F 26 00 01 F9 6A 09 ED - 5B 69 69 7E 83 5F 23 7E  o&...j..[ii~._#~
00002530  82 57 ED 4B F6 6A ED 53 - F6 6A 2A F4 6A 3E 11 CD  .W.K.j.S.j*.j>..
00002540  FD A1 22 F4 6A 3E 7B BB - D4 BF 8A 3E 01 CD B9 67  ..".j>{....>...g
00002550  CD 75 9A 28 07 D5 1E 21 - CD 42 EF D1 1C 1C 14 14  .u.(...!.B......
00002560  14 14 CD 9A 6C 0E 47 3A - 94 7E B7 28 0C 3D 32 94  ....l.G:.~.(.=2.
00002570  7E 3A EA 65 E6 07 F6 40 - 4F ED 5B 69 69 CD 46 A4  ~:.e...@O.[ii.F.
00002580  3A EE 6A B7 28 07 ED 5B - F1 6A CD 46 A4 3A F3 6A  :.j.(..[.j.F.:.j
00002590  B7 C8 ED 5B F6 6A C3 46 - A4 00 00 00 00 00 00 00  ...[.j.F........
000025A0  00 00 00 00 00 E0 04 E2 - 08 E6 0B EB 0D F1 0F F8  ................
000025B0  0F 00 0F 08 0D 0F 0B 15 - 08 1A 04 1E 00 20 FC 1E  ............. ..
000025C0  F8 1A F5 15 F3 0F F1 08 - F1 00 F1 F8 F3 F1 F5 EB  ................
000025D0  F8 E6 FC E2 7E 23 FE 61 - D2 37 6B CD 4A 6C 1C C3  ....~#.a.7k.Jl..
000025E0  29 6B FE 90 D2 47 6B D6 - 78 82 57 7E 83 5F 23 C3  )k...Gk.x.W~._#.
000025F0  29 6B FE CF D2 54 6B 14 - D6 AF 83 5F C3 29 6B FE  )k...Tk...._.)k.
00002600  DF D2 6D 6B D6 CF FE 08 - DA 64 6B D6 08 F6 40 47  ..mk.....dk...@G
00002610  79 E6 38 B0 4F C3 29 6B - FE DF C2 79 6B 56 23 5E  y.8.O.)k...ykV#^
00002620  23 C3 29 6B FE E0 C2 83 - 6B 4E 23 C3 29 6B FE E1  #.)k....kN#.)k..
00002630  C2 8F 6B 46 23 E5 C5 C3 - 29 6B FE E2 C2 9F 6B C1  ..kF#...)k....k.
00002640  10 04 F1 C3 29 6B E1 C3 - 8A 6B FE E3 C2 B5 6B 7E  ....)k...k....k~
00002650  23 E5 66 6F C5 D5 CD 29 - 6B D1 C1 E1 23 C3 29 6B  #.fo...)k...#.)k
00002660  FE E4 C2 C7 6B 46 23 7E - CD 4A 6C 1C 10 FA 23 C3  ....kF#~.Jl...#.
00002670  29 6B FE E5 C2 D9 6B 46 - 23 7E CD 4A 6C 14 10 FA  )k....kF#~.Jl...
00002680  23 C3 29 6B FE E6 20 0D - 7E 32 55 6C 23 7E 32 56  #.)k.. .~2Ul#~2V
00002690  6C 23 C3 29 6B FE E7 20 - 19 E5 2A 55 6C E5 21 F1  l#.)k.. ..*Ul.!.
000026A0  C2 22 55 6C 3E 20 CD 4A - 6C 1C E1 22 55 6C E1 C3  ."Ul> .Jl.."Ul..
000026B0  29 6B FE E8 20 08 7E 32 - 82 6C 23 C3 29 6B FE E9  )k.. .~2.l#.)k..
000026C0  20 03 C3 29 6B FE EA 20 - 03 C3 29 6B FE EB C0 C5   ..)k.. ..)k....
000026D0  E5 6E 26 00 29 01 44 6C - 09 7E 23 66 6F 22 31 6B  .n&.).Dl.~#fo"1k
000026E0  22 BE 6B 22 D0 6B 22 FC - 6B E1 C1 23 C3 29 6B 4A  ".k".k".k..#.)kJ
000026F0  6C 87 6C 87 6C F5 D5 E5 - C5 6F 26 00 29 29 29 01  l.l.l....o&.))).
00002700  00 00 09 E5 7A E6 F8 F6 - 40 47 7A 60 E6 07 0F 0F  ....z...@Gz`....
00002710  0F 83 6F D1 06 08 1A 13 - 77 24 10 FA 25 C1 7C 0F  ..o.....w$..%.|.
00002720  0F 0F E6 03 F6 58 67 71 - 11 00 07 19 36 00 E1 D1  .....Xgq....6...
00002730  F1 C9 C9 3E 06 CD 79 66 - D6 03 4F 3E 0C CD 79 66  ...>..yf..O>..yf
00002740  3C ED 44 47 C9 F5 C5 D5 - E5 DD E5 42 4B 0D 0D 05  <.DG.......BK...
00002750  05 05 05 DD 21 FC 6C DD - 7E 00 FE FF 28 3B DD 7E  ....!.l.~...(;.~
00002760  04 B7 28 3C DD 7E 02 32 - FE 67 DD 7E 03 32 FF 67  ..(<.~.2.g.~.2.g
00002770  3E 04 CD B9 67 DD 5E 00 - DD 56 01 CD 02 68 B7 28  >...g.^..V...h.(
00002780  1F DD 36 04 00 ED 4B FE - 67 3E F8 81 4F 3E F0 80  ..6...K.g>..O>..
00002790  47 CD 4D 6D 1E 1E CD 42 - EF DD E1 E1 D1 C1 F1 C9  G.Mm...B........
000027A0  11 08 00 DD 19 18 B0 4C - 44 09 48 2C 28 48 4C 29  .......LD.H,(HL)
000027B0  0D 0A 24 33 3A 09 4F 52 - 09 30 0D 0A 09 4C 44 09  ..$3:.OR.0...LD.
000027C0  4C 2C 41 0D 0A 09 49 4E - 43 09 43 0D 0A 0D 0A 09  L,A...INC.C.....
000027D0  4C 44 09 41 2C 28 44 45 - 29 0D 0A 09 58 4F 52 09  LD.A,(DE)...XOR.
000027E0  28 48 4C 29 0D 0A 24 39 - 3A 09 4C 44 09 28 48 4C  (HL)..$9:.LD.(HL
000027F0  29 2C 41 0D 0A 09 49 FF - DD 5E 00 DD 56 01 D5 DD  ),A...I..^..V...
00002800  7E 05 CD 3E 8A DD 5E 06 - DD 56 07 CD D4 78 CD 8E  ~..>..^..V...x..
00002810  78 D1 DD 7E 02 E6 F8 0F - 0F 0F 47 DD 7E 03 E6 F0  x..~......G.~...
00002820  0F 0F 0F 0F 4F D5 C5 CD - 8F 67 7E B7 C4 96 6D 23  ....O....g~...m#
00002830  23 7B C6 08 5F 10 F3 C1 - D1 7A C6 10 57 0D 20 E5  #{.._....z..W. .
00002840  C9 C5 D5 E5 21 F9 C6 CD - DB A4 CD EA 88 6F 26 00  ....!........o&.
00002850  29 29 01 B9 E9 09 CD E0 - 6D 4E CD 8B 6E CD 8B 6E  ))......mN..n..n
00002860  23 7B C6 04 5F 4E CD 8B - 6E CD 8B 6E 23 D6 04 5F  #{.._N..n..n#.._
00002870  7A C6 08 57 4E CD 8B 6E - CD 8B 6E 23 7B C6 04 5F  z..WN..n..n#{.._
00002880  4E CD 8B 6E CD 8B 6E E1 - D1 C1 C9 F5 C5 D5 E5 CD  N..n..n.........
00002890  A3 67 AF E5 77 2C 77 11 - 1F 00 19 77 2C 77 E1 11  .g..w,w....w,w..
000028A0  00 04 19 77 2C 77 11 1F - 00 19 77 2C 77 E1 D1 C1  ...w,w....w,w...
000028B0  F1 C9 F5 C5 E5 21 52 6E - 4F 7E FE FF 79 28 09 BE  .....!RnO~..y(..
000028C0  28 0A 01 08 00 09 18 F0 - E1 C1 F1 C9 DD 77 04 23  (............w.#
000028D0  7E 83 DD 77 00 23 7E 82 - DD 77 01 23 7E DD 77 02  ~..w.#~..w.#~.w.
000028E0  23 7E DD 77 03 23 7E DD - 77 05 23 7E DD 77 06 23  #~.w.#~.w.#~.w.#
000028F0  7E DD 77 07 01 08 00 DD - 09 E1 C1 F1 C9 27 00 00  ~.w..........'..
00002900  10 20 3A 16 79 23 00 00 - 10 20 38 0A 79 2B 00 00  . :.y#... 8.y+..
00002910  10 20 39 10 79 30 00 00 - 10 20 3A 16 79 46 00 00  . 9.y0... :.yF..
00002920  08 10 39 10 79 47 00 00 - 08 10 39 10 79 A0 00 00  ..9.yG....9.y...
00002930  10 30 3A 16 79 FF F5 D5 - E5 C5 01 06 00 21 C4 6E  .0:.y........!.n
00002940  7E B7 28 07 FE FF 28 22 - 09 18 F5 3E 01 CD 79 66  ~.(...("...>..yf
00002950  C6 02 77 08 23 73 23 72 - 23 CD 88 6C 71 23 70 08  ..w.#s#r#..lq#p.
00002960  CD BD 80 C1 C5 23 79 E6 - 47 77 C1 E1 D1 F1 C9 0A  .....#y.Gw......
00002970  09 45 58 09 44 45 2C 48 - 4C 0D 0A 09 50 4F 50 09  .EX.DE,HL...POP.
00002980  48 4C 0D 0A 09 4C 44 09 - 41 2C 28 44 45 29 0D 0A  HL...LD.A,(DE)..
00002990  09 4F 52 09 41 0D 0A 09 - 4A 52 09 4E 5A 2C 24 33  .OR.A...JR.NZ,$3
000029A0  0D 0A 09 4C 44 09 28 48 - 4C 29 2C 43 0D 0A 24 33  ...LD.(HL),C..$3
000029B0  3A 09 49 4E 43 09 48 4C - 0D 0A 09 49 4E 43 09 44  :.INC.HL...INC.D
000029C0  45 0D 0A 09 4C 44 09 41 - 2C 28 44 45 29 0D 0A 09  E...LD.A,(DE)...
000029D0  4F 52 09 41 0D 0A 09 4A - 52 09 4E 5A 2C 24 34 0D  OR.A...JR.NZ,$4.
000029E0  0A 09 4C 44 09 28 48 4C - 29 2C 43 0D 0A 24 34 3A  ..LD.(HL),C..$4:
000029F0  09 49 4E 43 09 48 4C 0D - 0A 09 49 4E 43 09 44 45  .INC.HL...INC.DE
00002A00  0D 0A 09 4C 44 09 41 2C - 28 44 45 29 0D 0A 09 4F  ...LD.A,(DE)...O
00002A10  52 09 41 0D 0A 09 4A 52 - 09 4E 5A 2C 24 35 0D 0A  R.A...JR.NZ,$5..
00002A20  09 4C 44 09 28 48 4C 29 - 2C 43 0D 0A 24 35 3A 09  .LD.(HL),C..$5:.
00002A30  4C 44 09 44 45 2C 33 30 - 0D 0A 09 41 44 44 09 48  LD.DE,30...ADD.H
00002A40  4C 2C 44 45 0D 0A 09 44 - 4A 4E 5A 09 24 32 0D 0A  L,DE...DJNZ.$2..
00002A50  09 50 4F 50 09 48 4C 0D - 0A 09 50 4F 50 09 44 45  .POP.HL...POP.DE
00002A60  0D 0A 09 50 4F 50 09 42 - 43 0D 0A 09 50 4F 50 09  ...POP.BC...POP.
00002A70  41 46 0D 0A 09 52 45 54 - 0D 0A 0D 0A 41 54 52 32  AF...RET....ATR2
00002A80  32 32 3A 09 50 55 53 48 - 09 41 46 09 09 3B 53 41  22:.PUSH.AF..;SA
00002A90  4D 45 20 41 53 20 41 42 - 4F 56 45 20 42 55 54 20  ME AS ABOVE BUT 
00002AA0  44 45 41 4C 53 20 57 49 - 54 48 20 54 57 4F 20 43  DEALS WITH TWO C
00002AB0  4F 4C 4F 55 52 53 20 28 - 42 2B 43 29 0D 0A 09 50  OLOURS (B+C)...P
00002AC0  55 53 48 09 42 43 09 09 - 3B 43 20 4F 4E 20 54 48  USH.BC..;C ON TH
00002AD0  45 20 4C 45 46 54 20 41 - 4E 44 20 42 20 4F 4E 20  E LEFT AND B ON 
00002AE0  54 48 45 20 52 49 47 48 - 54 0D 0A 09 50 55 53 48  THE RIGHT...PUSH
00002AF0  09 44 45 0D 0A 09 50 55 - 53 48 09 48 4C 0D 0A 09  .DE...PUSH.HL...
00002B00  4C 44 09 41 2C 45 0D 0A - 09 43 50 09 31 32 38 0D  LD.A,E...CP.128.
00002B10  0A 09 4A FF 21 C4 6E 7E - 47 FE FF C8 B7 20 06 01  ..J.!.n~G.... ..
00002B20  06 00 09 18 F2 E5 23 E5 - 5E 23 56 78 CD BD 80 23  ......#.^#Vx...#
00002B30  7B 86 5F FE 78 30 1E 23 - 34 7E 82 57 FE B8 30 15  {._.x0.#4~.W..0.
00002B40  23 4E E1 73 23 72 78 CD - BD 80 CD AD A4 E1 01 06  #N.s#rx.........
00002B50  00 09 C3 6C 70 E1 E1 36 - 00 01 06 00 09 18 B8 3E  ...lp..6.......>
00002B60  C3 32 FD FD 21 D3 70 22 - FE FD 21 00 FE 36 FD 11  .2..!.p"..!..6..
00002B70  01 FE 01 01 01 ED B0 ED - 5E 3E FE ED 47 C9 F5 C5  ........^>..G...
00002B80  D5 E5 DD E5 FD E5 D9 08 - F5 C5 D5 E5 21 1A 71 34  ............!.q4
00002B90  3A 0A 83 B7 CC 3B EF 3A - 0A 83 B7 28 17 3A 99 85  :....;.:...(.:..
00002BA0  B7 20 0E 3A 1B 71 EE 01 - 32 1B 71 CC BA 85 C3 09  . .:.q..2.q.....
00002BB0  71 CD 38 EF E1 D1 C1 F1 - 08 D9 FD E1 DD E1 E1 D1  q.8.............
00002BC0  C1 F1 FB ED 4D 00 00 AA - A5 25 A6 82 A6 D3 A6 42  ....M....%.....B
00002BD0  A7 BD A7 C0 A7 2D A8 A9 - A8 03 A9 71 A9 CB A9 CE  .....-.....q....
00002BE0  A9 32 AA A1 AA 19 AB 98 - AB 03 AC 06 AC 95 AC 08  .2..............
00002BF0  AD 83 AD FB AD 79 AE D2 - AE 40 AF CD AF 37 B0 C6  .....y...@...7..
00002C00  B0 45 B1 B8 B1 2D B2 86 - B2 DA B2 5B B3 D8 B3 4C  .E...-.....[...L
00002C10  B4 C4 B4 22 B5 8F B5 06 - B6 99 B6 9C B6 16 B7 8B  ..."............
00002C20  B7 DA B7 11 B8 4F B8 C0 - B8 28 B9 91 B9 FF B9 62  .....O...(.....b
00002C30  BA C9 BA 1D BB 86 BB 18 - BC 76 BC D7 BC 3D BD C9  .........v...=..
00002C40  BD 33 BE B4 BE 16 BF 5E - BF CC BF 3C C0 AB C0 05  .3.....^...<....
00002C50  C1 A5 C1 45 C2 AC C2 FD - C2 75 C3 91 77 00 00 7B  ...E.....u..w..{
00002C60  FE 78 28 0D B7 28 0A 3A - 71 69 BA C2 D6 71 C3 CD  .x(..(.:qi...q..
00002C70  71 3A 70 69 BB C2 D6 71 - E1 23 23 23 3E 01 B7 E5  q:pi...q.###>...
00002C80  C9 E1 3A 6B 69 FE FF 7B - 28 0A FE 78 20 0F 3E 01  ..:ki..{(..x .>.
00002C90  1E 00 18 25 B7 20 06 3E - FF 1E 78 18 1C 3A 6C 69  ...%. .>..x..:li
00002CA0  FE FE 7A 28 0A FE B0 C0 - 3A 4C 74 16 20 18 0A FE  ..z(....:Lt. ...
00002CB0  20 C0 3A 4C 74 ED 44 16 - B0 ED 53 69 69 ED 53 70   .:Lt.D...Sii.Sp
00002CC0  69 ED 5B 4B 74 83 32 4B - 74 AF 32 94 7E 32 0D 80  i.[Kt.2Kt.2.~2..
00002CD0  32 EA 65 32 B3 80 3E FF - 32 47 9B 32 D5 9B 3E 32  2.e2..>.2G.2..>2
00002CE0  32 D4 9B 21 53 07 22 B2 - 71 21 F9 C6 22 6D 69 22  2..!S.".q!.."mi"
00002CF0  EF 6A 22 F4 6A 21 42 91 - 36 FF 22 40 91 21 1E 92  .j".j!B.6."@.!..
00002D00  36 FF 22 65 92 CD 57 74 - CD 92 88 CD C0 66 3A 4B  6."e..Wt.....f:K
00002D10  74 01 1C 71 CD 4D 74 11 - 00 20 7E 23 B7 28 10 FE  t..q.Mt.. ~#.(..
00002D20  FF 28 22 E5 CD 48 A5 CD - 7F A5 CD 8F 67 77 E1 7B  .("..H......gw.{
00002D30  C6 08 5F FE 80 C2 6F 72 - 7A FE B0 28 36 C6 10 57  .._...orz..(6..W
00002D40  1E 00 C3 6F 72 46 23 7E - 23 4F B7 28 0D E5 CD 48  ...orF#~#O.(...H
00002D50  A5 CD 7F A5 CD 8F 67 77 - 4F E1 7B C6 08 5F FE 80  ......gwO.{.._..
00002D60  C2 C2 72 7A FE B0 28 0B - C6 10 57 1E 00 79 10 D9  ..rz..(...W..y..
00002D70  C3 6F 72 CD 2E 74 DD 21 - FC 6C 11 00 20 CD 8F 67  .or..t.!.l.. ..g
00002D80  7E FE E9 38 05 36 00 C3 - EC 72 B7 C4 2A 73 CD 48  ~..8.6...r..*s.H
00002D90  87 CD 07 6E CD AA 73 CD - D6 8F CD B1 91 CD 68 9B  ...n..s.......h.
00002DA0  CD D6 A1 7B C6 08 5F FE - 80 C2 D2 72 7A FE B0 28  ...{.._....rz..(
00002DB0  08 C6 10 57 1E 00 C3 D2 - 72 DD 36 00 FF CD AD 67  ...W....r.6....g
00002DC0  CD D8 9B 3E 01 32 D3 9B - ED 5B 69 69 ED 53 F1 6A  ...>.2...[ii.S.j
00002DD0  42 4B C3 53 69 FE E9 D0 - F5 D5 E5 11 05 00 47 21  BK.Si.........G!
00002DE0  6D 73 7E 19 FE FF 28 1E - B8 20 F7 ED 52 23 EB E1  ms~...(.. ..R#..
00002DF0  E5 1A 77 23 13 1A 77 13 - 01 1F 00 09 1A 77 23 13  ..w#..w......w#.
00002E00  1A 77 E1 D1 F1 C9 E1 E5 - 23 36 01 11 1F 00 19 36  .w......#6.....6
00002E10  01 23 36 01 E1 D1 F1 C9 - 0F 00 00 01 01 0D 00 00  .#6.............
00002E20  01 01 35 01 01 00 00 37 - 01 01 00 00 80 00 01 01  ..5....7........
00002E30  01 82 01 00 01 01 83 00 - 00 00 00 84 00 00 00 00  ................
00002E40  89 00 00 00 00 8A 00 00 - 00 00 95 01 00 01 00 97  ................
00002E50  00 01 00 01 FF F5 D5 E5 - 21 F4 73 47 7E 23 FE FF  ........!.sG~#..
00002E60  CA F0 73 B8 28 04 23 C3 - B1 73 E5 C5 6E 26 00 4D  ..s.(.#..s..n&.M
00002E70  44 29 29 09 01 13 74 09 - E5 FD E1 FD 6E 02 FD 66  D))...t.....n..f
00002E80  03 73 23 72 23 FD 4E 04 - 0D 0D 06 00 09 36 FF FD  .s#r#.N......6..
00002E90  75 02 FD 74 03 C1 E1 23 - C3 B1 73 E1 D1 F1 C9 2E  u..t...#..s.....
00002EA0  00 2F 00 8D 00 8E 00 8F - 00 90 00 27 01 32 01 52  ./.........'.2.R
00002EB0  01 94 01 98 01 46 02 47 - 02 81 03 83 04 FF 33 75  .....F.G......3u
00002EC0  00 00 02 1C 8E 00 00 02 - 79 98 00 00 02 A3 75 00  ........y.....u.
00002ED0  00 02 44 76 00 00 02 00 - 00 01 05 00 DD 21 13 74  ..Dv.........!.t
00002EE0  DD 7E 00 6F DD 66 01 B4 - C8 36 FF DD 75 02 DD 74  .~.o.f...6..u..t
00002EF0  03 DD 09 C3 35 74 00 00 - 6F 26 00 29 09 7E 23 66  ....5t..o&.).~#f
00002F00  6F C9 21 00 5F 11 01 5F - 01 FF 03 36 00 ED B0 C9  o.!._.._...6....
00002F10  32 E1 74 87 87 87 6F 26 - 00 01 C9 74 09 5E 23 56  2.t...o&...t.^#V
00002F20  23 ED 53 69 69 ED 53 70 - 69 7E 32 4C 74 23 7E 32  #.Sii.Spi~2Lt#~2
00002F30  4B 74 23 5E 23 56 ED 53 - 1D 7A ED 53 1B 7A 23 7E  Kt#^#V.S.z.S.z#~
00002F40  32 6B 69 AF 32 D3 79 32 - 43 76 32 EE 6A 32 F3 6A  2ki.2.y2Cv2.j2.j
00002F50  32 94 8F 32 1A 71 21 00 - 00 22 73 79 CD 35 79 CD  2..2.q!.."sy.5y.
00002F60  AA 66 CD FF 77 CD 1E 72 - ED 5B 69 69 42 4B CD 53  .f..w..r.[iiBK.S
00002F70  69 C3 E7 66 20 90 06 00 - F4 01 01 00 60 50 06 15  i..f .......`P..
00002F80  EE 02 FF 00 60 60 08 2B - 84 03 FF 00 00 F5 C5 D5  ....``.+........
00002F90  E5 15 15 15 15 1D 1D C3 - F3 74 F5 C5 D5 E5 4B 42  .........t....KB
00002FA0  21 33 75 7E FE FF 20 05 - E1 D1 C1 F1 C9 5F 23 56  !3u~.. ......_#V
00002FB0  23 E5 CD 02 68 B7 28 22 - CD 8F 67 7E B7 28 1B CD  #...h.("..g~.(..
00002FC0  EA 88 7E 21 F9 C6 CD DB - A4 CD E0 6D 11 04 79 CD  ..~!.......m..y.
00002FD0  D4 78 CD 8E 78 3E 04 CD - B0 85 E1 C3 F8 74 45 54  .x..x>.......tET
00002FE0  52 49 45 56 45 20 4F 4C - 44 20 43 4F 4F 52 44 53  RIEVE OLD COORDS
00002FF0  0D 0A 09 4C 44 09 41 2C - 45 0D 0A 09 41 4E 44 09  ...LD.A,E...AND.
00003000  30 31 31 31 31 31 30 30 - 42 0D 0A 09 52 52 43 41  01111100B...RRCA
00003010  0D 0A 09 52 52 43 41 0D - 0A 09 4C 44 09 28 24 33  ...RRCA...LD.($3
00003020  2B 31 29 2C 41 0D 0A 09 - 4C 44 09 43 2C 44 FF 21  +1),A...LD.C,D.!
00003030  A3 75 7E FE FF C8 5F 1C - 1C 23 56 7A D6 08 57 23  .u~..._..#Vz..W#
00003040  3E 01 CD 79 66 C6 42 4F - CD 8B 6E C3 87 75 49 54  >..yf.BO..n..uIT
00003050  45 20 41 44 44 52 45 53 - 53 0D 0A 09 45 58 58 0D  E ADDRESS...EXX.
00003060  0A 0D FF ED 5B 44 76 7B - FE FF C8 3A 43 76 B7 CA  ....[Dv{...:Cv..
00003070  DC 75 3D 32 43 76 C0 CD - 47 76 3A E1 74 3C FE 03  .u=2Cv..Gv:.t<..
00003080  C2 65 74 AF C3 65 74 2A - 69 69 7A D6 10 BC D0 7B  .et..et*iiz....{
00003090  2C 2C BD D0 C6 08 2D 2D - 2D 2D BD D8 21 F9 C6 3E  ,,....----..!..>
000030A0  83 CD DB A4 3E 0C CD A2 - 9F 7B C6 08 5F 21 F9 C6  ....>....{.._!..
000030B0  3E 84 CD DB A4 3E 0D CD - A2 9F 7A D6 10 57 7B D6  >....>....z..W{.
000030C0  04 5F 3E 0E CD A2 9F 3E - FF 32 94 8F 3E 40 32 43  ._>....>.2..>@2C
000030D0  76 ED 5B 69 69 42 4B 21 - F9 C6 22 6D 69 22 EF 6A  v.[iiBK!.."mi".j
000030E0  22 F4 6A CD 53 69 AF 32 - EE 6A 32 F3 6A C9 00 00  ".j.Si.2.j2.j...
000030F0  00 FF CD C0 66 AF 32 6A - 69 3E 4A 32 4B 74 CD 1E  ....f.2ji>J2Kt..
00003100  72 11 38 10 3E 0C CD A2 - 9F 7B C6 08 5F 3E 0D CD  r.8.>....{.._>..
00003110  A2 9F 7A D6 10 57 7B D6 - 04 5F 3E 0E CD A2 9F 06  ..z..W{.._>.....
00003120  60 C5 76 76 CD 4E A0 CD - 86 A0 C1 10 F4 3A D3 79  `.vv.N.......:.y
00003130  FE 11 D2 BB 76 2A 73 79 - 11 DC 05 A7 ED 52 38 26  ....v*sy.....R8&
00003140  21 6D 79 11 1A 77 01 05 - 00 ED B0 21 CC 76 CD 29  !my..w.....!.v.)
00003150  6B 21 D3 78 34 11 72 79 - CD D4 78 CD 8F 68 3A AA  k!.x4.ry..x..h:.
00003160  68 B7 CA B0 76 C9 21 30 - 77 CD 29 6B CD 8F 68 3A  h...v.!0w.)k..h:
00003170  AA 68 B7 CA C1 76 C9 E6 - F1 C2 E0 45 DF 13 03 57  .h...v.....E...W
00003180  45 4C 4C 20 44 4F 4E 45 - 20 43 59 42 45 52 4E 4F  ELL DONE CYBERNO
00003190  49 44 20 50 49 4C 4F 54 - 21 7A E4 59 4F 55 52 20  ID PILOT!z.YOUR 
000031A0  53 4B 49 4C 4C 20 48 41 - 53 20 45 41 52 4E 45 44  SKILL HAS EARNED
000031B0  20 41 4E 4F 54 48 45 52 - 7A E3 43 52 41 46 54 20   ANOTHERz.CRAFT 
000031C0  41 4E 44 20 DD 30 30 30 - 30 30 30 DC 20 42 4F 4E  AND .000000. BON
000031D0  55 53 20 50 4F 49 4E 54 - 53 2E FF E6 F1 C2 E0 43  US POINTS......C
000031E0  DF 13 03 59 4F 55 20 48 - 41 56 45 20 46 41 49 4C  ...YOU HAVE FAIL
000031F0  45 44 20 54 4F 20 52 45 - 54 52 45 49 56 45 7A E2  ED TO RETREIVEz.
00003200  41 20 43 41 52 47 4F 20 - 56 41 4C 55 45 20 4F 46  A CARGO VALUE OF
00003210  20 31 35 30 30 20 57 49 - 54 48 49 4E 20 54 48 45   1500 WITHIN THE
00003220  7A E4 54 49 4D 45 20 41 - 4C 4C 4F 43 41 54 45 44  z.TIME ALLOCATED
00003230  20 2D 20 42 41 44 20 4C - 55 43 4B FF FF 06 00 87   - BAD LUCK.....
00003240  00 00 87 FF 0C 00 87 00 - 00 87 FF 09 00 0B 00 00  ................
00003250  8B 00 00 8B FF 09 00 0A - 00 00 87 00 00 87 FF 09  ................
00003260  00 09 00 00 87 00 00 87 - 00 46 46 FF 05 00 06 07  .........FF.....
00003270  08 00 88 89 8A 88 00 4C - 4D 46 00 00 FF 05 14 9A  .......LMF......
00003280  FF 04 9B 9C FF 05 14 FF - 30 00 E5 CD 44 11 C2 B5  ........0...D...
00003290  0A CD EF 0B CD E1 0B E1 - 18 E8 19 11 00 40 19 E5  .............@..
000032A0  36 FA 23 35 23 35 97 32 - 6E 0A 21 14 78 CD 29 6B  6.#5#5.2n.!.x.)k
000032B0  CD 8E 78 CD AF 78 CD C8 - 78 CD A9 79 C3 72 7B DF  ..x..x..x..y.r{.
000032C0  00 00 E6 D1 C5 DE 18 DC - E4 1E 19 DE 1A DF 03 00  ................
000032D0  DE 1B DC E4 1E 1C DE 1D - DF 01 01 DE 00 01 AD 02  ................
000032E0  03 DF 01 06 DC 0A DB 0B - AD 0C D3 0D DF 01 0F DE  ................
000032F0  04 DD 05 AD DD 06 D5 07 - 78 02 DA 08 D2 09 DF 01  ........x.......
00003300  18 DA 0E D2 0F AD 10 D9 - 11 DF 01 00 DC 1E AE 1E  ................
00003310  DF 01 1F DC 1E AE 1E DF - 00 05 E3 7F 78 DF 00 0E  ............x...
00003320  E3 7F 78 DF 00 17 E3 7F - 78 FF DE 1F D4 23 AD DE  ..x.....x....#..
00003330  20 AE D6 21 AE 22 D4 24 - FF F5 C5 D5 E5 0E 45 21   ..!.".$......E!
00003340  F1 C2 22 55 6C 21 F9 78 - 11 08 01 06 06 7E CD 4A  .."Ul!.x.....~.J
00003350  6C 1C 23 10 F8 E1 D1 C1 - F1 C9 21 F1 C2 22 55 6C  l.#.......!.."Ul
00003360  0E 43 21 6C 79 11 08 02 - 06 06 7E CD 4A 6C 1C 23  .C!ly.....~.Jl.#
00003370  10 F8 C9 3A D3 78 11 03 - 02 0E 46 C3 77 79 00 F5  ...:.x....F.wy..
00003380  C5 D5 E5 0E 00 21 FE 78 - 06 06 1A 86 D6 30 81 FE  .....!.x.....0..
00003390  3A 0E 01 38 04 D6 0A 18 - 01 0D 77 2B 1B 10 EB E1  :..8......w+....
000033A0  D1 C1 F1 C9 30 30 30 30 - 30 30 30 30 30 30 32 35  ....000000000025
000033B0  30 30 30 31 30 30 30 30 - 30 32 35 30 30 30 30 35  0001000002500005
000033C0  30 30 30 30 31 30 30 30 - 30 30 32 30 30 30 30 30  0000100000200000
000033D0  35 30 30 30 30 31 30 30 - 30 30 30 32 30 30 30 30  5000010000020000
000033E0  2A 73 79 DD 21 6D 79 FD - 21 62 79 3E 30 FD 5E 00  *sy.!my.!by>0.^.
000033F0  FD 56 01 B7 ED 52 38 03 - 3C 18 F8 19 DD 77 00 DD  .V...R8.<....w..
00003400  23 FD 23 FD 23 DD 7E 00 - FE FF C8 18 DE 10 27 E8  #.#.#.~.......'.
00003410  03 64 00 0A 00 01 00 30 - 30 30 30 30 30 FF 00 00  .d.....000000...
00003420  00 00 C5 E5 21 F1 C2 22 - 55 6C 06 64 CD 91 79 06  ....!.."Ul.d..y.
00003430  0A CD 91 79 06 01 CD 91 - 79 E1 C1 C9 2E 00 90 38  ...y....y......8
00003440  03 2C 18 FA 80 F5 78 FE - 64 28 07 7D C6 30 CD 4A  .,....x.d(.}.0.J
00003450  6C 1C F1 C9 21 BE 79 CD - 29 6B 3A D3 79 B7 C8 1E  l...!.y.)k:.y...
00003460  7B 47 CD D4 79 1D 10 FA - C9 DF 01 1D E6 D1 C5 E0  {G..y...........
00003470  05 12 DC 13 AB D3 14 DB - 15 D4 16 DC 17 FF 00 F5  ................
00003480  C5 E5 7B E6 03 6F 26 00 - 01 FA 79 09 4E 21 20 40  ..{..o&...y.N! @
00003490  7B E6 FC 0F 0F 85 6F 06 - 10 79 A6 77 CD 4C 67 10  {.....o..y.w.Lg.
000034A0  F8 E1 C1 F1 C9 3F CF F3 - FC 2A 1B 7A 2B 22 1B 7A  .....?...*.z+".z
000034B0  7D B4 C0 2A 1D 7A 22 1B - 7A 3A D3 79 FE 11 C8 3C  }..*.z".z:.y...<
000034C0  32 D3 79 C3 A9 79 00 00 - 00 00 F5 C5 E5 7B E6 03  2.y..y.......{..
000034D0  6F 26 00 01 4C 7A 09 4E - CD 3B 67 79 AE 77 7C 0F  o&..Lz.N.;gy.w|.
000034E0  0F 0F E6 03 67 01 00 5B - 09 7E B7 20 06 01 00 FD  ....g..[.~. ....
000034F0  09 36 47 E1 C1 F1 C9 C0 - 30 0C 03 3A 94 8F B7 C0  .6G.....0..:....
00003500  3A AA 68 B7 20 04 32 E9 - 7A C9 3A E9 7A B7 28 06  :.h. .2.z.:.z.(.
00003510  3C C8 32 E9 7A C9 3C 32 - E9 7A ED 5B 69 69 3A B4  <.2.z.<2.z.[ii:.
00003520  7A EE 04 32 B4 7A 82 57 - 3A 6B 69 FE FF 3E 05 20  z..2.z.W:ki..>. 
00003530  02 3E 01 83 5F 3A 6B 69 - 87 87 CD B5 7A 3A EE 6A  .>.._:ki....z:.j
00003540  B7 C8 ED 5B 69 69 3A 6B - 69 FE FF 3E 0E 0E 04 28  ...[ii:ki..>...(
00003550  04 3E FA 0E FC 83 5F 7A - C6 04 57 79 C3 B5 7A 0A  .>...._z..Wy..z.
00003560  08 7B FE 7C D0 21 36 7B - CB 7E C0 23 23 7E 23 B7  .{.|.!6{.~.##~#.
00003570  20 F6 08 2B 77 2B 72 2B - 73 3E 05 CD B0 85 E5 D5   ..+w+r+s>......
00003580  1E 1A CD 42 EF D1 CD 8F - 67 7E B6 E1 CA 1F 7A 23  ...B....g~....z#
00003590  23 36 00 C9 00 3E 03 CD - B9 67 21 36 7B 5E CB 7B  #6...>...g!6{^.{
000035A0  C0 23 56 23 7E 23 B7 28 - F4 4B 83 FE 7C 30 23 08  .#V#~#.(.K..|0#.
000035B0  E5 CD 8F 67 7E E1 B7 20 - 19 CD 75 9A C2 27 7B 08  ...g~.. ..u..'{.
000035C0  5F 2B 2B 2B 77 23 23 23 - CD 1F 7A 59 CD 1F 7A C3  _+++w###..zY..z.
000035D0  F2 7A CD 1F 7A 2B 36 00 - 23 CD BF 8A CD EF 74 18  .z..z+6.#.....t.
000035E0  BC 0A 09 4C 44 09 48 2C - 30 0D 0A 09 41 44 44 09  ...LD.H,0...ADD.
000035F0  48 4C 2C FF 00 3E F7 DB - FE E6 1F FE 1F 20 05 AF  HL,..>....... ..
00003600  32 49 7B C9 57 3A 49 7B - B7 C0 3C 32 49 7B 7A 01  2I{.W:I{..<2I{z.
00003610  00 05 0F 30 04 0C 10 FA - C9 79 32 FA 7B 0E 47 3A  ...0.....y2.{.G:
00003620  FA 7B 21 F1 C2 22 55 6C - 87 87 87 87 6F 26 00 11  .{!.."Ul....o&..
00003630  AA 7B 19 11 11 01 06 06 - 7E CD 4A 6C 23 1C 10 F8  .{......~.Jl#...
00003640  11 05 00 19 11 11 02 7E - CD 77 79 23 23 23 23 7E  .......~.wy####~
00003650  1E 15 C3 77 79 42 4F 4D - 42 53 20 20 20 20 20 20  ...wyBOMBS      
00003660  00 5C 7C 14 14 4D 49 4E - 45 53 20 20 20 20 20 20  .\|..MINES      
00003670  00 CE 7D 14 14 53 48 49 - 45 4C 44 20 20 20 20 20  ..}..SHIELD     
00003680  00 76 7E 01 01 42 4F 55 - 4E 43 45 20 20 20 20 20  .v~..BOUNCE     
00003690  00 95 7E 05 05 53 45 45 - 4B 45 52 20 20 20 20 20  ..~..SEEKER     
000036A0  00 0E 80 05 05 00 00 11 - 10 00 06 05 DD 21 AA 7B  .............!.{
000036B0  DD 7E 0E DD 77 0B DD 19 - 10 F6 C9 3A 94 8F B7 C0  .~..w......:....
000036C0  ED 5B 69 69 7B FE 79 D0 - 7A FE B1 D0 FE 20 D8 3A  .[ii{.y.z.... .:
000036D0  E9 7A FE 05 D8 2A FA 7B - 29 29 29 29 01 B5 7B 09  .z...*.{))))..{.
000036E0  7E B7 C8 E5 23 7E 23 66 - 6F AF 32 54 7C E9 E1 3A  ~...#~#fo.2T|..:
000036F0  54 7C B7 C8 7E 3D 77 11 - 11 02 0E 47 C3 77 79 00  T|..~=w....G.wy.
00003700  AF 32 54 7C C3 43 7C 21 - 75 7D 3A 6C 69 FE 02 CA  .2T|.C|!u}:li...
00003710  6A 7C 21 85 7D DD 21 95 - 7D 3A EA 65 E6 03 C2 43  j|!.}.!.}:.e...C
00003720  7C 01 07 00 DD 7E 00 FE - FF CA 43 7C DD 7E 02 B7  |....~....C|.~..
00003730  28 05 DD 09 C3 79 7C 3E - 02 CD B0 85 D5 E5 DD E5  (....y|>........
00003740  1E 18 CD 42 EF DD E1 E1 - D1 DD 36 02 10 DD 75 03  ...B......6...u.
00003750  DD 74 04 2A 69 69 11 02 - 04 19 DD 75 00 DD 74 01  .t.*ii.....u..t.
00003760  3A 6B 69 87 DD 77 05 EB - FE FE 3E 01 28 01 AF DD  :ki..w....>.(...
00003770  77 06 CD BD 80 3E 01 32 - 54 7C C3 43 7C 3E 02 CD  w....>.2T|.C|>..
00003780  B9 67 DD 21 95 7D DD 7E - 00 FE FF C8 DD 7E 02 B7  .g.!.}.~.....~..
00003790  20 08 01 07 00 DD 09 C3 - DB 7C DD 4E 02 06 00 DD   ........|.N....
000037A0  6E 03 DD 66 04 2B 09 0D - 28 03 DD 71 02 DD 5E 00  n..f.+..(..q..^.
000037B0  DD 56 01 79 FE 0B 30 08 - 3A EA 65 E6 01 CC BF 8A  .V.y..0.:.e.....
000037C0  DD 7E 06 CD BD 80 DD 7E - 05 47 E5 CD 8F 67 7E E1  .~.....~.G...g~.
000037D0  B7 20 30 78 83 FE 7C 30 - 2A 5F DD 77 00 DD 7E 01  . 0x..|0*_.w..~.
000037E0  57 CD 5D 81 20 1D 7E 82 - 57 FE B8 30 16 CD 75 9A  W.]. .~.W..0..u.
000037F0  20 11 DD 72 01 DD 7E 06 - 0E 47 CD AD A4 CD BD 80   ..r..~..G......
00003800  C3 E7 7C AF DD 77 02 CD - 9A 6C 3E 01 CD B9 67 CD  ..|..w...l>...g.
00003810  E2 74 CD E2 74 CD E2 74 - 3E 02 CD B9 67 C3 E7 7C  .t..t..t>...g..|
00003820  06 04 04 03 03 03 02 02 - 02 01 01 01 00 00 00 00  ................
00003830  FA FC FC FD FD FD FE FE - FE FF FF FF 00 00 00 00  ................
00003840  C2 16 6C DD 56 0D DD 5E - 0C DD 72 05 DD 73 04 C9  ..l.V..^..r..s..
00003850  00 00 00 00 00 00 00 38 - 00 00 00 64 00 0A 00 00  .......8...d....
00003860  00 00 0A 00 00 00 04 00 - 00 00 12 00 00 00 00 00  ................
00003870  00 00 00 00 00 00 00 00 - FF ED 5B 69 69 14 14 14  ..........[ii...
00003880  14 1C 1C AF CD B9 67 21 - 57 7E 7E FE FF 28 13 4F  ......g!W~~..(.O
00003890  23 46 23 7E 23 B7 28 F2 - CD 02 68 B7 C2 43 7C C3  #F#~#.(...h..C|.
000038A0  DF 7D 21 57 7E 7E FE FF - CA 43 7C 23 23 7E B7 28  .}!W~~...C|##~.(
000038B0  04 23 C3 FA 7D 36 01 2B - 72 2B 73 3E 04 CD BD 80  .#..}6.+r+s>....
000038C0  32 54 7C 3E 03 CD B0 85 - D5 1E 1F CD 42 EF D1 C3  2T|>........B...
000038D0  43 7C 3E 02 CD B9 67 0E - 47 21 57 7E 7E FE FF C8  C|>...g.G!W~~...
000038E0  5F 23 56 23 7E 23 B7 CA - 31 7E CD AD A4 CD 75 9A  _#V#~#..1~....u.
000038F0  CA 31 7E 2B 36 00 23 3E - 04 CD BD 80 CD BF 8A C3  .1~+6.#>........
00003900  31 7E A1 06 42 06 E8 05 - 93 05 43 05 F7 04 B0 04  1~..B.....C.....
00003910  6D 04 2D 04 F1 03 B8 03 - 83 03 50 03 21 03 F4 02  m.-.......P.!...
00003920  FF 3A 94 7E B7 C2 43 7C - 3E 04 CD B0 85 D5 1E 16  .:.~..C|>.......
00003930  CD 42 EF D1 3E 5A 32 94 - 7E 32 54 7C C3 43 7C 00  .B..>Z2.~2T|.C|.
00003940  3A 0D 80 B7 C2 43 7C 3E - 96 32 0D 80 3E 01 CD B0  :....C|>.2..>...
00003950  85 D5 1E 1C CD 42 EF D1 - ED 5B 69 69 7B E6 FC 5F  .....B...[ii{.._
00003960  7A E6 F8 57 0E 02 06 04 - CD E4 7E 0E FE 06 04 7B  z..W......~....{
00003970  C6 04 5F CD E4 7E 0E FE - 06 FC 7A C6 08 57 CD E4  .._..~....z..W..
00003980  7E 0E 02 06 FC 7B D6 04 - 5F CD E4 7E C3 43 7C 21  ~....{.._..~.C|!
00003990  08 7F 7E FE FF C8 23 23 - 23 23 7E 23 B7 20 F3 2B  ..~...####~#. .+
000039A0  36 01 2B 70 2B 71 2B 72 - 2B 73 3E 05 CD BD 80 32  6.+p+q+r+s>....2
000039B0  54 7C C9 01 CE 01 CF 01 - D9 01 E3 01 ED 01 F7 01  T|..............
000039C0  01 02 0B 02 12 02 28 FF - 3E 02 CD B9 67 21 08 7F  ......(.>...g!..
000039D0  7E FE FF C8 5E 23 56 23 - 4E 23 46 23 7E 23 B7 28  ~...^#V#N#F#~#.(
000039E0  EF 79 FE FE 28 0A CD 15 - 81 B7 C4 97 7F C3 4C 7F  .y..(.........L.
000039F0  CD 39 81 B7 C4 97 7F 78 - FE FC 28 0A CD 5D 81 B7  .9.....x..(..]..
00003A00  C4 BF 7F C3 62 7F CD 81 - 81 B7 C4 BF 7F 3E 05 CD  ....b........>..
00003A10  BD 80 79 83 5F 78 82 57 - E5 2B 2B 70 2B 71 2B 72  ..y._x.W.++p+q+r
00003A20  2B 73 E1 3E 05 CD BD 80 - 0E 47 CD AD A4 CD 75 9A  +s.>.....G....u.
00003A30  3A 0D 80 B7 CA 25 7F FE - 0A D2 25 7F CD BF 8A C3  :....%....%.....
00003A40  25 7F 79 ED 44 4F CD BF - 8A 3E 01 CD B9 67 CD E2  %.y.DO...>...g..
00003A50  74 CD E2 74 CD E2 74 3E - 02 CD B9 67 C5 D5 E5 1E  t..t..t>...g....
00003A60  1D CD 42 EF E1 D1 C1 C3 - 9A 6C 78 ED 44 47 CD BF  ..B......lx.DG..
00003A70  8A 3E 01 CD B9 67 CD E2 - 74 CD E2 74 CD E2 74 3E  .>...g..t..t..t>
00003A80  02 CD B9 67 C5 D5 E5 1E - 1D CD 42 EF E1 D1 C1 C3  ...g......B.....
00003A90  9A 6C 3A 0D 80 B7 C8 3D - 32 0D 80 C0 21 08 7F 7E  .l:....=2...!..~
00003AA0  FE FF C8 5F 23 56 23 23 - 23 7E 36 00 23 B7 28 EF  ..._#V###~6.#.(.
00003AB0  3E 05 CD BD 80 C3 F4 7F - 00 DD 21 B1 80 DD 7E 02  >.........!...~.
00003AC0  B7 C2 43 7C 01 08 00 FD - 21 FC 6C FD 7E 00 FE FF  ..C|....!.l.~...
00003AD0  20 11 3E 78 CD 79 66 4F - 3E 90 CD 79 66 C6 20 47   .>x.yfO>..yf. G
00003AE0  C3 49 80 FD 7E 04 B7 20 - 05 FD 09 C3 20 80 FD 4E  .I..~.. .... ..N
00003AF0  00 FD 46 01 21 F9 C6 DD - 75 0A DD 74 0B ED 5B 69  ..F.!...u..t..[i
00003B00  69 CD 71 8B 3E 01 32 54 - 7C 1E 17 CD 42 EF C3 43  i.q.>.2T|...B..C
00003B10  7C DD 21 B1 80 DD 7E 02 - B7 C8 DD 4E 00 DD 46 01  |.!...~....N..F.
00003B20  26 05 CD CA 8B 28 22 25 - 20 F8 DD 6E 0A DD 66 0B  &....("% ..n..f.
00003B30  3E 11 CD FD A1 14 14 14 - 14 1C 1C CD BF 8A DD 75  >..............u
00003B40  0A DD 74 0B 0E 47 C3 46 - A4 DD 6E 0A DD 66 0B AF  ..t..G.F..n..f..
00003B50  CD FD A1 1C 1C 14 14 14 - 14 C3 9A 6C 01 02 67 01  ...........l..g.
00003B60  C8 80 C8 FF 01 8F 01 08 - F5 C5 D5 E5 87 87 87 87  ................
00003B70  6F 26 00 29 29 4A 7B E6 - 7C 0F 0F 32 EF 80 32 02  o&.))J{.|..2..2.
00003B80  81 7B E6 03 87 87 87 87 - 5F 16 00 19 11 61 EC 19  .{......_....a..
00003B90  EB 06 04 26 64 69 7E 25 - 66 F6 00 6F 0C 1A 13 AE  ...&di~%f..o....
00003BA0  77 2C 1A 13 AE 77 26 64 - 69 7E 25 66 F6 00 6F 0C  w,...w&di~%f..o.
00003BB0  1A 13 AE 77 2C 1A 13 AE - 77 10 D8 E1 D1 C1 F1 C9  ...w,...w.......
00003BC0  C5 D5 E5 7B FE 7A 30 17 - E6 03 3E 00 20 11 CD 8F  ...{.z0...>. ...
00003BD0  67 2C 01 20 00 7E 5F 7A - E6 07 7B 28 02 09 B6 B7  g,. .~_z..{(....
00003BE0  E1 D1 C1 C9 C5 D5 E5 7B - FE 04 38 17 E6 03 3E 00  .......{..8...>.
00003BF0  20 11 CD 8F 67 2D 01 20 - 00 7E 5F 7A E6 07 7B 28   ...g-. .~_z..{(
00003C00  02 09 B6 B7 E1 D1 C1 C9 - C5 D5 E5 7A FE B8 30 17  ...........z..0.
00003C10  E6 07 3E 00 20 11 CD 8F - 67 01 20 00 09 7E 57 7B  ..>. ...g. ..~W{
00003C20  E6 03 7A 28 02 2C B6 B7 - E1 D1 C1 C9 C5 D5 E5 7A  ..z(.,.........z
00003C30  FE 20 38 17 E6 07 3E 00 - 20 11 CD 8F 67 01 E0 FF  . 8...>. ...g...
00003C40  09 7E 57 7B E6 03 7A 28 - 02 2C B6 B7 E1 D1 C1 C9  .~W{..z(.,......
00003C50  00 CD AA 66 CD 4F 84 21 - 35 82 CD 29 6B 3A 99 85  ...f.O.!5..)k:..
00003C60  B7 20 13 3A A5 81 B7 20 - 0D F3 CD 86 FB CD 8D FB  . .:... ........
00003C70  FB 3E 01 32 A5 81 CD 72 - 66 C2 CB 81 01 F4 01 C5  .>.2...rf.......
00003C80  CD F5 84 CD E5 82 CD 2B - 66 C1 FE 31 38 46 FE 37  .......+f..18F.7
00003C90  30 42 FE 31 C8 FE 32 CA - 0C 83 FE 36 20 21 3A 0A  0B.1..2....6 !:.
00003CA0  83 EE 01 32 0A 83 C5 CD - 3B EF 1E 01 CD 42 EF C1  ...2....;....B..
00003CB0  CD E5 82 CD 72 66 C4 F5 - 84 C2 05 82 C3 29 82 D6  ....rf.......)..
00003CC0  33 5F 3A AB 68 BB 28 0C - 7B 32 AB 68 C5 21 35 82  3_:.h.(.{2.h.!5.
00003CD0  CD 29 6B C1 0B 78 B1 C2 - D4 81 CD 33 94 C3 A6 81  .)k..x.....3....
00003CE0  EB 00 E6 F1 C2 DF 09 08 - E0 45 42 59 20 52 41 46  .........EBY RAF
00003CF0  46 41 45 4C 45 20 43 45 - 43 43 4F DA DF 0B 06 4D  FAELE CECCO....M
00003D00  55 53 49 43 20 42 59 20 - 44 41 56 45 20 52 4F 47  USIC BY DAVE ROG
00003D10  45 52 53 DF 0D 09 DA 31 - 20 DB 53 54 41 52 54 20  ERS....1 .START 
00003D20  47 41 4D 45 79 F4 DA 32 - 20 DB 44 45 46 49 4E 45  GAMEy..2 .DEFINE
00003D30  20 4B 45 59 53 79 F3 DA - 33 20 DB 4B 45 59 42 4F   KEYSy..3 .KEYBO
00003D40  41 52 44 79 F6 DA 34 20 - DB 49 4E 54 45 52 46 41  ARDy..4 .INTERFA
00003D50  43 45 20 32 79 F3 DA 35 - 20 DB 4B 45 4D 50 53 54  CE 2y..5 .KEMPST
00003D60  4F 4E 79 F6 DA 36 20 DB - 53 4F 55 4E 44 20 4F 4E  ONy..6 .SOUND ON
00003D70  2F 4F 46 46 DF 14 04 D9 - 43 59 42 45 52 4E 4F 49  /OFF....CYBERNOI
00003D80  44 20 2A 20 31 39 38 38 - 20 48 45 57 53 4F 4E FF  D * 1988 HEWSON.
00003D90  C5 3A AB 68 C6 0F 87 87 - 87 57 1E 2C CD 99 67 3A  .:.h.....W.,..g:
00003DA0  0B 83 3C 32 0B 83 E6 07 - C6 40 77 5D 54 1C 01 0F  ..<2.....@w]T...
00003DB0  00 ED B0 C1 C9 01 00 CD - AA 66 CD 4F 84 AF 32 AB  .........f.O..2.
00003DC0  68 21 FA 83 CD 29 6B DD - 21 1D 68 FD 21 F1 83 11  h!...)k.!.h.!...
00003DD0  0F 0C 06 04 C5 3E 3F 0E - 44 CD 4A 6C D5 CD 72 66  .....>?.D.Jl..rf
00003DE0  C4 F5 84 C2 32 83 CD 2B - 66 B7 CC F5 84 CA 3B 83  ....2..+f.....;.
00003DF0  DD 72 02 DD 73 06 11 0A - 00 DD 19 FD 77 00 FD 23  .r..s.......w..#
00003E00  D1 21 C1 83 FE 20 20 03 - 21 C5 83 FE 0D 20 03 21  .!...  .!.... .!
00003E10  CD 83 FE 01 20 03 21 D5 - 83 FE 02 20 03 21 E2 83  .... .!.... .!..
00003E20  32 C1 83 0E 44 CD 29 6B - C1 10 A9 01 50 C3 CD 6A  2...D.)k....P..j
00003E30  67 CD 6A 67 21 F1 83 11 - F6 83 06 04 1A BE C2 A6  g.jg!...........
00003E40  81 23 13 10 F7 3A 4F 8F - EE 35 32 4F 8F C2 A6 81  .#...:O..52O....
00003E50  3E 04 CD B0 85 1E 22 CD - 42 EF 06 64 CD F5 84 10  >.....".B..d....
00003E60  FB CD 3B EF 1E 01 CD 42 - EF C3 A6 81 3F 7A FF FF  ..;....B....?z..
00003E70  53 50 41 43 45 7A FB FF - 45 4E 54 45 52 7A FB FF  SPACEz..ENTERz..
00003E80  43 41 50 53 20 53 48 49 - 46 54 7A F6 FF 53 59 4D  CAPS SHIFTz..SYM
00003E90  42 4F 4C 20 53 48 49 46 - 54 7A F4 FF 00 00 00 00  BOL SHIFTz......
00003EA0  00 59 58 45 53 E0 43 DF - 09 07 E6 F1 C2 53 45 4C  .YXES.C......SEL
00003EB0  45 43 54 20 4B 45 59 20 - 46 4F 52 2E 2E 2E 2E DC  ECT KEY FOR.....
00003EC0  7B EE 4C 45 46 54 7A FC - 52 49 47 48 54 7A FB 55  {.LEFTz.RIGHTz.U
00003ED0  50 20 20 7A FC 46 49 52 - 45 70 04 E5 09 20 DF 14  P  z.FIREp... ..
00003EE0  04 D9 43 59 42 45 52 4E - 4F 49 44 20 2A 20 31 39  ..CYBERNOID * 19
00003EF0  38 38 20 48 45 57 53 4F - 4E FF 11 00 00 3E 10 CD  88 HEWSON....>..
00003F00  48 A5 CD 7F A5 11 78 00 - 3E 11 CD 48 A5 CD 7F A5  H.....x.>..H....
00003F10  11 00 B0 3E 12 CD 48 A5 - CD 7F A5 11 78 B0 3E 13  ...>..H.....x.>.
00003F20  CD 48 A5 CD 7F A5 11 00 - 10 CD B5 84 11 78 10 CD  .H...........x..
00003F30  B5 84 11 08 00 CD C6 84 - 11 08 B0 CD C6 84 11 1C  ................
00003F40  10 21 D7 84 0E 03 06 0A - 7E 23 CD 48 A5 CD 7F A5  .!......~#.H....
00003F50  7B C6 08 5F 10 F2 1E 1C - 7A C6 10 57 0D 20 E7 C9  {.._....z..W. ..
00003F60  06 0A 3E 15 CD 48 A5 CD - 7F A5 7A C6 10 57 10 F2  ..>..H....z..W..
00003F70  C9 06 0E 3E 14 CD 48 A5 - CD 7F A5 7B C6 08 5F 10  ...>..H....{.._.
00003F80  F2 C9 00 6D 6E 00 00 00 - 00 00 6F 70 5A 5B 5C 5D  ...mn.....opZ[\]
00003F90  5E 5F 60 61 62 63 00 64 - 65 66 67 68 69 6A 6B 6C  ^_`abc.defghijkl
00003FA0  76 F5 C5 D5 E5 A7 21 02 - 41 16 0E E5 06 04 CB 1E  v.....!.A.......
00003FB0  2C CB 1E 2C CB 1E 2C CB - 1E 2C CB 1E 2C CB 1E 2C  ,..,..,..,..,..,
00003FC0  CB 1E 2C 10 E9 E1 30 02 - CB FE CD 4C 67 15 C2 00  ..,...0....Lg...
00003FD0  85 21 40 40 11 40 41 46 - 23 4E 2B EB C5 01 3E 01  .!@@.@AF#N+...>.
00003FE0  ED A0 ED A0 08 2D 2D 5D - 54 CD 4C 67 08 EA 35 85  .....--]T.Lg..5.
00003FF0  C1 EB 70 23 71 11 BE 57 - 01 40 01 21 40 40 ED A0  ..p#q..W.@.!@@..
00004000  ED A0 08 1B 1B 2B 2B CD - 4C 67 EB CD 5B 67 EB 08  .....++.Lg..[g..
00004010  EA 53 85 A7 21 DD 51 16 - 0E E5 06 04 CB 16 2D CB  .S..!.Q.......-.
00004020  16 2D CB 16 2D CB 16 2D - CB 16 2D CB 16 2D CB 16  .-..-..-..-..-..
00004030  2D 10 E9 E1 30 02 CB C6 - CD 4C 67 15 C2 6E 85 E1  -...0....Lg..n..
00004040  D1 C1 F1 C9 01 00 00 00 - 00 00 00 00 00 00 00 00  ................
00004050  00 00 00 00 00 00 00 00 - 00 00 00 E5 21 9B 85 BE  ............!...
00004060  30 01 77 E1 C9 21 9A 85 - 3A 9B 85 FE FF 28 59 4F  0.w..!..:....(YO
00004070  3E FF 32 9B 85 7E A7 28 - 03 B9 38 4C 71 79 A7 CA  >.2..~.(..8Lqy..
00004080  0B 87 3D 07 07 07 5F 16 - 00 21 10 87 19 11 9E 85  ..=..._..!......
00004090  01 07 00 ED B0 7E E6 0F - 12 13 AE 0F 0F 0F 0F 12  .....~..........
000040A0  21 A4 85 4E 21 A7 85 3A - 9E 85 77 23 3A A0 85 77  !..N!..:..w#:..w
000040B0  3A A5 85 32 A9 85 CB 79 - D9 21 A7 85 5D 54 28 03  :..2...y.!..]T(.
000040C0  11 A8 85 D9 06 01 18 11 - 7E A7 CA 0B 87 2A AA 85  ........~....*..
000040D0  ED 5B AC 85 D9 ED 4B AE - 85 2A 9C 85 D9 0E 02 3E  .[....K..*.....>
000040E0  18 46 D3 FE D9 2B D9 10 - FB EB 3E 00 0D 20 F2 D9  .F...+....>.. ..
000040F0  CB 7C 28 E8 CB 79 28 10 - 21 A7 85 3A 9F 85 86 77  .|(..y(.!..:...w
00004100  23 3A A1 85 86 77 18 12 - 21 A7 85 3A 9F 85 CB 40  #:...w..!..:...@
00004110  20 06 21 A8 85 3A A1 85 - 86 77 21 A9 85 35 C2 FE   .!..:...w!..5..
00004120  86 21 A3 85 35 CA 0B 87 - 21 A2 85 5E 21 9F 85 7E  .!..5...!..^!..~
00004130  83 77 21 A1 85 7E 83 77 - CB 69 28 08 21 A5 85 35  .w!..~.w.i(.!..5
00004140  20 02 36 01 CB 59 28 0F - CB 79 20 04 CB 40 28 07   .6..Y(..y ..@(.
00004150  21 9F 85 7E ED 44 77 CB - 61 28 0F CB 79 20 04 CB  !..~.Dw.a(..y ..
00004160  40 28 07 21 A1 85 7E ED - 44 77 CB 71 28 0C 21 A7  @(.!..~.Dw.q(.!.
00004170  85 3A 9E 85 77 23 3A A0 - 85 77 D9 21 A7 85 11 A8  .:..w#:..w.!....
00004180  85 3A A5 85 D9 CB 79 20 - 1D 3A A3 85 41 CB 3F 30  .:....y .:..A.?0
00004190  06 20 02 CB 18 CB 18 CB - 40 D9 3A A5 85 20 04 EB  . ......@.:.. ..
000041A0  3A A6 85 5D 54 D9 32 A9 - 85 ED 43 AE 85 D9 22 AA  :..]T.2...C...".
000041B0  85 ED 53 AC 85 C9 AF 32 - 9A 85 C9 80 FE 01 01 00  ..S....2........
000041C0  03 87 03 0F 01 00 00 00 - 04 07 08 50 FB 00 00 00  ...........P....
000041D0  06 67 05 70 08 50 FA 00 - 05 14 13 32 FE 00 00 00  .g.p.P.....2....
000041E0  05 07 02 21 90 01 22 9C - 85 3E FF 32 9B 85 3C 32  ...!.."..>.2..<2
000041F0  9A 85 C9 F5 C5 D5 E5 DD - E5 21 47 88 4F 7E FE FF  .........!G.O~..
00004200  CA A5 87 79 BE 28 06 01 - 04 00 09 18 EF DD 21 14  ...y.(........!.
00004210  88 DD CB 00 7E 20 39 08 - DD 7E 01 B7 28 08 08 01  ....~ 9..~..(...
00004220  0A 00 DD 09 18 EB 08 E5 - CD 39 A5 DD 75 06 DD 74  .........9..u..t
00004230  07 E1 DD 73 00 DD 72 01 - 23 7E DD 77 02 DD 77 04  ...s..r.#~.w..w.
00004240  23 7E DD 77 03 DD 77 05 - 23 7E DD 77 08 DD 77 09  #~.w..w.#~.w..w.
00004250  DD E1 E1 D1 C1 F1 C9 DD - 21 14 88 DD 5E 00 CB 7B  ........!...^..{
00004260  C0 DD 7E 01 B7 C8 57 4B - CD 8F 67 59 7E B7 CA 0C  ..~...WK..gY~...
00004270  88 DD 56 01 42 DD 7E 09 - B7 20 39 DD 7E 08 DD 77  ..V.B.~.. 9.~..w
00004280  09 DD 6E 04 DD 66 05 7E - FE FF 20 0D DD 6E 02 DD  ..n..f.~.. ..n..
00004290  66 03 DD 75 04 DD 74 05 - 7E 23 DD 75 04 DD 74 05  f..u..t.~#.u..t.
000042A0  DD 6E 06 DD 66 07 CD DB - A4 DD 75 06 DD 74 07 47  .n..f.....u..t.G
000042B0  CD 8F 67 70 DD 35 09 11 - 0A 00 DD 19 C3 B0 87 FC  ..gp.5..........
000042C0  00 00 54 FC A8 00 54 FC - 00 00 54 A8 00 00 00 00  ..T...T...T.....
000042D0  00 00 CF CF CF CF CF CF - CF CF 0F 0F 0F 0F 0F 0F  ................
000042E0  0F 0F 4F 05 0F 0F 0A 05 - 0F 0F C3 C3 C3 C3 C3 C3  ..O.............
000042F0  C3 FF 1D 60 88 03 20 64 - 88 03 1F 68 88 03 22 6C  ...`.. d...h.."l
00004300  88 03 52 70 88 05 53 81 - 88 05 FF 1D 1E 1F FF 20  ..Rp..S........ 
00004310  21 22 FF 1F 1E 1D FF 22 - 21 20 FF 52 52 52 52 52  !"....."! .RRRRR
00004320  52 54 56 58 58 58 58 58 - 58 56 54 FF 53 53 53 53  RTVXXXXXXVT.SSSS
00004330  53 53 55 57 59 59 59 59 - 59 59 57 55 FF 21 AC 88  SSUWYYYYYYWU.!..
00004340  5E 23 56 7B B2 C8 23 4E - 23 46 23 E5 62 6B 13 36  ^#V{..#N#F#.bk.6
00004350  00 ED B0 E1 C3 95 88 57 - 7E 1D 00 95 7D 37 00 36  .......W~...}7.6
00004360  7B 11 00 C4 6E A3 01 14 - 88 31 00 08 7F 13 00 16  {...n....1......
00004370  8B 59 00 6E 89 31 00 0B - 8C 8B 00 96 8A 27 00 FC  .Y.n.1.......'..
00004380  6C 4F 00 0B 8A 31 00 9F - 97 4F 00 B3 99 77 00 02  lO...1...O...w..
00004390  A0 3B 00 00 00 F5 C5 E5 - 21 6E 89 7E FE FF 28 2A  .;......!n.~..(*
000043A0  B7 01 05 00 09 20 F4 ED - 42 36 09 23 73 23 72 23  ..... ..B6.#s#r#
000043B0  01 F9 C6 71 23 70 D5 FD - E5 DD E5 1E 1B CD 42 EF  ...q#p........B.
000043C0  3E 04 CD B0 85 DD E1 FD - E1 D1 E1 C1 F1 C9 DD 21  >..............!
000043D0  6E 89 DD 7E 00 FE FF C8 - B7 28 2E DD 5E 01 DD 56  n..~.....(..^..V
000043E0  02 6F 26 00 3D DD 77 00 - 01 64 89 09 7E DD 6E 03  .o&.=.w..d..~.n.
000043F0  DD 66 04 42 4B CD FD A1 - DD 75 03 DD 74 04 3E 06  .f.BK....u..t.>.
00004400  CD 79 66 C6 41 4F CD 46 - A4 11 05 00 DD 19 18 C2  .yf.AO.F........
00004410  00 0C 0C 0B 0B 0A 0A 09 - 09 2A 7F 00 00 7B DF 45  .........*...{.E
00004420  AA 3F AA 55 A2 15 AA 55 - A2 15 AA 15 A2 15 AA 15  .?.U...U........
00004430  A2 15 2A 15 A2 51 2A 15 - A2 51 3F 51 A2 F3 B7 00  ..*..Q*..Q?Q....
00004440  00 F3 51 2A 51 A2 51 F3 - F3 A2 00 FF F5 C5 D5 E5  ..Q*Q.Q.........
00004450  DD E5 62 6B 11 05 00 DD - 21 0B 8A 08 DD 7E 00 FE  ..bk....!....~..
00004460  FF 28 18 B7 28 05 DD 19 - C3 B1 89 08 DD 77 00 DD  .(..(........w..
00004470  75 01 DD 74 02 DD 71 03 - DD 70 04 DD E1 E1 D1 C1  u..t..q..p......
00004480  F1 C9 DD 21 0B 8A DD 7E - 00 FE FF C8 B7 20 08 11  ...!...~..... ..
00004490  05 00 DD 19 C3 DB 89 DD - 35 00 DD 5E 01 DD 7E 03  ........5..^..~.
000044A0  CD 79 66 83 5F DD 56 02 - DD 7E 04 CD 79 66 82 57  .yf._.V..~..yf.W
000044B0  CD EA 88 C3 E4 89 F3 F3 - F3 F3 00 00 00 00 80 80  ................
000044C0  80 80 00 00 00 00 F3 F3 - F3 F3 00 00 00 00 00 00  ................
000044D0  00 00 45 CF 00 00 55 FF - 80 00 55 FF 80 00 55 FF  ..E...U...U...U.
000044E0  D5 00 15 3F D5 AA 15 3F - FF F5 C5 D5 E5 21 96 8A  ...?...?.....!..
000044F0  4F 7E FE FF CA 64 8A 23 - 23 23 7E 23 B7 20 F2 2B  O~...d.###~#. .+
00004500  36 28 2B 71 2B 72 2B 73 - 79 21 F9 C6 CD DB A4 E1  6(+q+r+sy!......
00004510  D1 C1 F1 C9 21 96 8A 7E - FE FF C8 5F 23 56 23 4E  ....!..~..._#V#N
00004520  23 7E 23 B7 CA 6C 8A 2B - 35 23 79 E5 21 F9 C6 CC  #~#..l.+5#y.!...
00004530  DB A4 E1 3A EA 65 E6 07 - F6 40 4F CD AD A4 C3 6C  ...:.e...@O....l
00004540  8A 00 00 45 22 00 00 45 - 22 00 00 45 22 00 CF CF  ...E"..E"..E"...
00004550  9B 33 00 00 00 00 45 CF - 33 22 45 CF 33 22 00 00  .3....E.3"E.3"..
00004560  00 00 00 CF 33 00 00 CF - 33 FF CB 7B C0 E5 21 16  ....3...3..{..!.
00004570  8B CB 7E 20 0E 23 23 7E - B7 23 20 F5 2B 36 0A 2B  ..~ .##~.# .+6.+
00004580  72 2B 73 E1 C9 21 16 8B - 5E CB 7B C0 23 56 23 7E  r+s..!..^.{.#V#~
00004590  23 B7 28 F4 E5 2B 35 6F - 26 00 01 0A 8B 09 23 7E  #.(..+5o&.....#~
000045A0  CD BD 80 2B 7E CD BD 80 - 3E 05 CD 79 66 C6 42 4F  ...+~...>..yf.BO
000045B0  CD AD A4 E1 18 D2 09 08 - 08 08 03 08 06 08 07 06  ................
000045C0  09 00 00 45 22 00 00 00 - 00 00 00 00 00 00 00 45  ...E"..........E
000045D0  22 00 00 45 22 00 00 45 - 22 00 00 00 00 00 00 04  "..E"..E".......
000045E0  80 00 00 04 80 00 00 04 - 80 00 00 00 00 00 00 CF  ................
000045F0  33 00 00 CF 33 00 00 CF - 33 00 00 00 00 00 45 CF  3...3...3.....E.
00004600  33 22 45 CF 33 22 00 00 - 00 00 CF CF 9B 33 00 00  3"E.3".......3..
00004610  00 00 00 45 22 00 00 45 - 22 00 00 FF F5 C5 D5 E5  ...E"..E".......
00004620  62 6B A7 ED 42 28 49 63 - 6A 78 41 4F 11 01 01 78  bk..B(IcjxAO...x
00004630  94 30 04 16 FF ED 44 47 - 79 95 30 04 1E FF ED 44  .0....DGy.0....D
00004640  4F B0 C8 79 B8 DD 74 00 - DD 75 01 62 6B DD 74 04  O..y..t..u.bk.t.
00004650  DD 75 03 2E 00 38 04 65 - 6B 48 47 DD 74 06 DD 75  .u...8.ekHG.t..u
00004660  05 DD 70 02 78 CB 3F DD - 77 07 DD 70 09 DD 71 08  ..p.x.?.w..p..q.
00004670  E1 D1 C1 F1 C9 C5 E5 DD - 46 09 DD 4E 08 DD 6E 07  ........F..N..n.
00004680  7D 81 38 03 B8 38 0C 90 - DD 77 07 DD 56 04 DD 5E  }.8..8...w..V..^
00004690  03 18 09 DD 77 07 DD 56 - 06 DD 5E 05 DD 66 00 DD  ....w..V..^..f..
000046A0  6E 01 7C 82 67 7D 83 6F - 55 5C DD 35 02 DD 73 00  n.|.g}.oU\.5..s.
000046B0  DD 72 01 E1 C1 C9 A0 DA - 00 50 A0 45 00 50 A0 45  .r.......P.E.P.E
000046C0  A0 B0 00 00 8A A0 00 00 - DA 20 00 00 14 20 00 00  ......... ... ..
000046D0  00 00 00 00 00 10 00 00 - 00 50 00 A0 00 B0 00 F0  .........P......
000046E0  F0 20 10 50 20 00 10 10 - 00 00 50 20 00 00 50 A0  . .P .....P ..P.
000046F0  00 00 50 B0 00 00 10 20 - 00 00 00 50 00 00 50 00  ..P.... ...P..P.
00004700  A0 00 10 20 A0 00 00 A0 - A0 00 00 A0 A0 00 00 00  ... ............
00004710  9E 20 00 00 9E 00 00 00 - 9E 00 00 00 DA 00 00 45  . .............E
00004720  DA 00 00 45 78 00 00 45 - 78 20 00 45 78 45 00 9E  ...Ex..Ex .ExE..
00004730  78 45 00 9E F0 45 00 9E - F0 45 45 78 F0 20 45 78  xE...E...EEx. Ex
00004740  F0 20 FF F5 C5 D5 E5 DD - E5 08 DD 21 0B 8C DD 7E  . .........!...~
00004750  00 FE FF 28 26 DD 7E 02 - B7 28 0A D5 11 0E 00 DD  ...(&.~..(......
00004760  19 D1 C3 A3 8C 08 DD 75 - 0B DD 77 0A DD 74 0C CD  .......u..w..t..
00004770  BD 80 CD 71 8B DD 7E 02 - DD 77 0D DD E1 E1 D1 C1  ...q..~..w......
00004780  F1 C9 DD 21 0B 8C DD 7E - 00 FE FF C8 DD 7E 02 B7  ...!...~.....~..
00004790  20 08 11 0E 00 DD 19 C3 - DB 8C DD 5E 00 DD 56 01   ..........^..V.
000047A0  DD 7E 0A CD BD 80 DD 46 - 0B CD CA 8B 28 2F 10 F9  .~.....F....(/..
000047B0  DD 7E 0D DD 96 02 FE 14 - 38 07 CD 8F 67 7E B7 20  .~......8...g~. 
000047C0  1C DD 7E 0A CD BD 80 D5 - 14 14 14 14 1C 1C 3E 03  ..~...........>.
000047D0  CD 31 8E D1 DD 4E 0C CD - AD A4 C3 E7 8C DD 36 02  .1...N........6.
000047E0  00 CD BF 8A C3 E7 8C 21 - 1C 8E 7E FE FF C8 5F 23  .......!..~..._#
000047F0  56 23 E5 CD 8F 67 7E B7 - 20 04 E1 C3 3F 8D 32 7A  V#...g~. ...?.2z
00004800  8D 21 7B 8D 4F 7E FE FF - CA 4F 8D B9 28 09 C5 01  .!{.O~...O..(...
00004810  05 00 09 C1 C3 5A 8D 23 - 7E 83 5F 23 7E 82 57 23  .....Z.#~._#~.W#
00004820  7E 23 66 6F E9 00 27 00 - 00 95 8D 32 00 08 95 8D  ~#fo..'....2....
00004830  58 06 05 C8 8D 94 FF 04 - F7 8D 98 07 04 0F 8E FF  X...............
00004840  3E 0C CD 79 66 B7 C2 4F - 8D ED 4B 69 69 3E 1F CD  >..yf..O..Kii>..
00004850  79 66 81 D6 0C FE 7C 30 - 01 4F 3E 3F CD 79 66 80  yf....|0.O>?.yf.
00004860  D6 18 47 3A E1 74 C6 02 - 6F 26 44 3E 0A CD 98 8C  ..G:.t..o&D>....
00004870  C3 4F 8D 3E 06 CD 79 66 - B7 C2 4F 8D ED 4B 69 69  .O.>..yf..O..Kii
00004880  3E 1F CD 79 66 81 D6 0C - FE 7C 30 01 4F 3E 3F CD  >..yf....|0.O>?.
00004890  79 66 80 D6 18 47 2E 02 - 26 42 3E 05 CD 98 8C C3  yf...G..&B>.....
000048A0  4F 8D 3E 16 CD 79 66 B7 - C2 4F 8D 0E 00 42 26 42  O.>..yf..O...B&B
000048B0  2E 02 3E 05 CD 98 8C C3 - 4F 8D 3E 16 CD 79 66 B7  ..>.....O.>..yf.
000048C0  C2 4F 8D 0E 7B 18 E6 B0 - 30 20 00 30 30 00 FC 22  .O..{...0 .00.."
000048D0  03 02 FC 22 03 03 FC 33 - 54 A9 FC FF E5 2A 42 8E  ..."...3T....*B.
000048E0  77 23 73 23 72 23 36 FF - 22 42 8E E1 C9 44 8E 56  w#s#r#6."B...D.V
000048F0  B9 22 00 00 00 00 45 03 - FC 33 45 8A ED 11 45 00  ."....E..3E...E.
00004900  A8 11 45 03 FC 33 45 03 - FC 33 45 8A ED 11 45 00  ..E..3E..3E...E.
00004910  A8 11 45 03 FC 33 00 00 - 00 00 45 3C 3C 30 45 3C  ..E..3....E<<0E<
00004920  78 30 45 3C F0 30 45 3C - B0 30 45 3C B0 30 00 9E  x0E<.0E<.0E<.0..
00004930  B0 20 00 9E 30 20 00 45 - 30 00 00 00 00 00 00 00  . ..0 .E0.......
00004940  00 00 00 00 00 00 00 00 - 00 00 00 00 00 00 9E 78  ...............x
00004950  F0 A0 28 00 00 20 28 78 - 20 20 28 B0 00 20 28 A0  ..(.. (x  (.. (.
00004960  00 20 28 00 00 20 A0 78 - 20 20 A0 B0 00 20 A0 A0  . (.. .x  ... ..
00004970  00 20 A0 00 00 20 A0 78 - 20 20 A0 B0 00 20 A0 A0  . ... .x  ... ..
00004980  00 20 A0 00 00 FF 3A 94 - 8F B7 20 77 ED 5B 69 69  . ....:... w.[ii
00004990  2A B2 71 2B 7C B5 CA 0C - 8F 22 B2 71 3A 94 7E B7  *.q+|....".q:.~.
000049A0  C0 21 44 8E 7E FE FF C8 - CD B9 67 23 4E 23 46 CD  .!D.~.....g#N#F.
000049B0  02 68 23 B7 CA F9 8E 3E - 64 32 94 8F 7B D6 08 5F  .h#....>d2..{.._
000049C0  7A D6 10 57 01 10 20 3E - 14 CD A1 89 CD A1 89 ED  z..W.. >........
000049D0  5B 69 69 42 4B 21 F9 C6 - 22 6D 69 22 EF 6A 22 F4  [iiBK!.."mi".j".
000049E0  6A CD 53 69 21 F9 C6 22 - 6D 69 22 EF 6A 22 F4 6A  j.Si!.."mi".j".j
000049F0  AF 32 EE 6A 32 F3 6A 21 - D3 78 35 1E 20 CD 42 EF  .2.j2.j!.x5. .B.
00004A00  C3 C8 78 3D 32 94 8F C0 - 3A D3 78 B7 CA 95 8F 21  ..x=2...:.x....!
00004A10  53 07 22 B2 71 3E 32 32 - 94 7E CD FC 7B CD 72 7B  S.".q>22.~..{.r{
00004A20  ED 5B 70 69 ED 53 69 69 - 42 4B C3 53 69 E6 F1 C2  .[pi.SiiBK.Si...
00004A30  DF 0A 0A E0 46 47 45 54 - 20 52 45 41 44 59 FF 00  ....FGET READY..
00004A40  1E 22 CD 42 EF 21 F1 C2 - 22 55 6C 21 CD 8F 01 45  .".B.!.."Ul!...E
00004A50  09 11 0B 0E C5 7E CD 4A - 6C 23 1C 01 10 27 CD 6A  .....~.Jl#...'.j
00004A60  67 C1 10 F0 CD 1E 67 01 - 00 00 3E 07 CD 6A 67 3D  g.....g...>..jg=
00004A70  20 FA CD 4F 95 C3 33 94 - 47 41 4D 45 20 4F 56 45   ..O..3.GAME OVE
00004A80  52 FE F0 D8 FE F8 D0 F5 - C5 D5 E5 DD E5 DD 2A 40  R.............*@
00004A90  91 21 F9 C6 DD 75 03 DD - 74 04 DD 75 08 DD 74 09  .!...u..t..u..t.
00004AA0  DD 73 00 DD 72 01 DD 36 - 02 3E D6 F0 87 6F 26 00  .s..r..6.>...o&.
00004AB0  01 30 90 09 7E 82 57 23 - 7E DD 77 0A DD 73 05 DD  .0..~.W#~.w..s..
00004AC0  72 06 3E 42 DD 77 07 11 - 0B 00 DD 19 DD 36 00 FF  r.>B.w.......6..
00004AD0  DD 22 40 91 DD E1 E1 D1 - C1 F1 C9 3C FF 37 FF 32  ."@........<.7.2
00004AE0  FF 2D FF 3C 01 37 01 32 - 01 2D 01 DD 21 42 91 DD  .-.<.7.2.-..!B..
00004AF0  7E 00 FE FF C8 DD 7E 0A - FE FF CA 5D 90 C3 CA 90  ~.....~....]....
00004B00  11 0B 00 DD 19 C3 44 90 - DD 5E 00 DD 56 01 42 4B  ......D..^..V.BK
00004B10  CD E6 69 C4 37 91 DD 7E - 0A 82 57 DD 72 01 3A EA  ..i.7..~..W.r.:.
00004B20  65 E6 03 DD 86 02 DD 6E - 03 DD 66 04 CD DB A4 DD  e......n..f.....
00004B30  75 03 DD 74 04 3E 01 CD - 31 8E 01 47 07 CD 7B A4  u..t.>..1..G..{.
00004B40  DD 5E 05 DD 56 06 42 4B - DD 7E 0A 82 57 DD 72 06  .^..V.BK.~..W.r.
00004B50  3A EA 65 E6 03 DD 86 07 - DD 6E 08 DD 66 09 CD DB  :.e......n..f...
00004B60  A4 DD 75 08 DD 74 09 3E - 01 CD 31 8E 01 47 07 CD  ..u..t.>..1..G..
00004B70  7B A4 C3 55 90 DD 5E 05 - DD 56 06 42 4B CD C4 69  {..U..^..V.BK..i
00004B80  C4 37 91 DD 7E 0A 82 57 - DD 72 06 3A EA 65 E6 03  .7..~..W.r.:.e..
00004B90  DD 86 07 DD 6E 08 DD 66 - 09 CD DB A4 DD 75 08 DD  ....n..f.....u..
00004BA0  74 09 3E 01 CD 31 8E 01 - 47 07 CD 7B A4 DD 5E 00  t.>..1..G..{..^.
00004BB0  DD 56 01 42 4B DD 7E 0A - 82 57 DD 72 01 3A EA 65  .V.BK.~..W.r.:.e
00004BC0  E6 03 DD 86 02 DD 6E 03 - DD 66 04 CD DB A4 DD 75  ......n..f.....u
00004BD0  03 DD 74 04 3E 01 CD 31 - 8E 01 47 07 CD 7B A4 C3  ..t.>..1..G..{..
00004BE0  55 90 DD 7E 0A ED 44 DD - 77 0A C9 42 91 00 00 00  U..~..D.w..B....
00004BF0  00 00 00 00 00 00 00 00 - 00 00 00 00 00 00 00 00  ................
00004C00  00 00 00 00 00 00 00 00 - 00 00 00 00 00 00 00 00  ................
00004C10  00 00 00 00 00 00 00 00 - 00 00 00 00 00 00 00 00  ................
00004C20  00 00 00 00 00 00 00 00 - 00 00 00 00 00 00 00 00  ................
00004C30  00 00 00 00 00 00 00 00 - 00 00 00 00 00 00 00 00  ................
00004C40  00 00 00 00 00 00 00 00 - 00 00 00 00 00 00 00 00  ................
00004C50  00 00 00 00 00 00 00 00 - 00 00 00 FF FE F8 D8 F5  ................
00004C60  C5 D5 E5 DD E5 DD 2A 65 - 92 21 F9 C6 DD 75 05 DD  ......*e.!...u..
00004C70  74 06 21 FE 91 D6 F8 87 - 87 6F 26 00 01 FE 91 09  t.!......o&.....
00004C80  7E 83 DD 77 00 23 7E 82 - DD 77 01 23 7E DD 77 02  ~..w.#~..w.#~.w.
00004C90  23 7E DD 77 03 11 07 00 - DD 19 DD 36 00 FF DD 22  #~.w.......6..."
00004CA0  65 92 DD E1 E1 D1 C1 F1 - C9 00 04 01 01 02 00 02  e...............
00004CB0  01 00 FC 03 01 FE 00 04 - 01 00 04 01 02 02 00 02  ................
00004CC0  02 00 FC 03 02 FE 00 04 - 02 20 45 78 B0 20 8A 00  ......... Ex. ..
00004CD0  00 10 CF 3C F0 30 CF 3C - F0 30 00 00 00 00 45 78  ...<.0.<.0....Ex
00004CE0  B0 20 45 78 B0 20 45 78 - B0 20 45 78 B0 20 45 78  . Ex. Ex. Ex. Ex
00004CF0  B0 20 45 78 B0 20 45 78 - B0 20 45 78 B0 20 45 78  . Ex. Ex. Ex. Ex
00004D00  B0 20 45 78 B0 20 45 78 - B0 20 45 78 B0 20 45 FF  . Ex. Ex. Ex. E.
00004D10  00 00 DD 21 1E 92 DD 7E - 00 FE FF C8 DD 7E 02 B7  ...!...~.....~..
00004D20  20 08 01 07 00 DD 09 C3 - 6B 92 DD 5E 00 DD 56 01   .......k..^..V.
00004D30  DD 7E 04 B7 C2 76 93 DD - 7E 02 FE 01 28 1F FE 02  .~...v..~...(...
00004D40  28 32 FE 03 28 45 CD 21 - 94 28 05 3E 03 C3 F7 92  (2..(E.!.(.>....
00004D50  CD FC 93 3E 00 C2 F7 92 - 3E 01 C3 F7 92 CD FC 93  ...>....>.......
00004D60  28 05 3E 04 C3 F7 92 CD - 0F 94 3E 00 C2 F7 92 3E  (.>.......>....>
00004D70  02 C3 F7 92 CD 0F 94 28 - 05 3E 01 C3 F7 92 CD EA  .......(.>......
00004D80  93 3E 00 C2 F7 92 3E 03 - C3 F7 92 CD EA 93 28 05  .>....>.......(.
00004D90  3E 02 C3 F7 92 CD 21 94 - 3E 00 C2 F7 92 3E 04 C3  >.....!.>....>..
00004DA0  F7 92 67 DD 6E 02 DD 46 - 03 B7 28 03 DD 77 02 DD  ..g.n..F..(..w..
00004DB0  7E 02 FE 01 20 07 78 ED - 44 83 5F 18 19 FE 02 20  ~... .x.D._.... 
00004DC0  06 78 87 82 57 18 0F FE - 03 20 05 78 83 5F 18 06  .x..W.... .x._..
00004DD0  78 ED 44 87 82 57 DD 7E - 04 B7 20 18 7C B7 28 14  x.D..W.~.. .|.(.
00004DE0  CD D0 93 20 0F DD 36 04 - 01 DD 75 02 DD 5E 00 DD  ... ..6...u..^..
00004DF0  56 01 18 2D DD 4E 00 DD - 46 01 DD 73 00 DD 72 01  V..-.N..F..s..r.
00004E00  DD 6E 05 DD 66 06 DD 7E - 02 C6 02 CD FD A1 3E 01  .n..f..~......>.
00004E10  CD 31 8E DD 75 05 DD 74 - 06 0E 47 CD 46 A4 C3 77  .1..u..t..G.F..w
00004E20  92 DD 7E 02 FE 01 CA 9A - 93 FE 02 CA AC 93 FE 03  ..~.............
00004E30  CA BE 93 CD 21 94 47 CD - FC 93 B0 CA F7 92 DD 36  ....!.G........6
00004E40  04 00 C3 7F 92 CD FC 93 - 47 CD 0F 94 B0 CA F7 92  ........G.......
00004E50  DD 36 04 00 C3 7F 92 CD - 0F 94 47 CD EA 93 B0 CA  .6........G.....
00004E60  F7 92 DD 36 04 00 C3 7F - 92 CD EA 93 47 CD 21 94  ...6........G.!.
00004E70  B0 CA F7 92 DD 36 04 00 - C3 7F 92 C5 E5 CD FC 93  .....6..........
00004E80  67 CD EA 93 6F CD 21 94 - 47 CD 0F 94 4F AF B4 B5  g...o.!.G...O...
00004E90  B0 B1 E1 C1 C9 D5 7B FE - 78 30 09 1C 1C 14 14 14  ......{.x0......
00004EA0  14 CD 15 81 B7 D1 C9 D5 - 7B B7 3E 01 28 09 1C 1C  ........{.>.(...
00004EB0  14 14 14 14 CD 39 81 B7 - D1 C9 D5 7A FE B0 30 09  .....9.....z..0.
00004EC0  1C 1C 14 14 14 14 CD 5D - 81 B7 D1 C9 D5 7A FE 20  .......].....z. 
00004ED0  38 09 1C 1C 14 14 14 14 - CD 81 81 B7 D1 C9 CD AA  8...............
00004EE0  66 CD 4F 84 21 7C 94 CD - 29 6B 21 F1 C2 22 55 6C  f.O.!|..)k!.."Ul
00004EF0  21 9C 94 06 0A 0E 47 11 - 08 0B C5 06 10 7E CD 4A  !.....G......~.J
00004F00  6C 23 1C 10 F8 C1 14 1E - 08 10 EF CD 72 66 C4 F5  l#..........rf..
00004F10  84 C2 60 94 01 AF 00 C5 - CD F5 84 CD 2B 66 B7 C1  ..`.........+f..
00004F20  C0 0B 78 B1 C8 18 F0 E6 - F1 C2 DF 09 05 E0 44 43  ..x...........DC
00004F30  59 42 45 52 4E 4F 49 44 - 20 48 41 4C 4C 20 4F 46  YBERNOID HALL OF
00004F40  20 46 41 4D 45 FF 00 52 - 41 46 46 41 45 4C 45 20   FAME..RAFFAELE 
00004F50  20 30 31 35 30 30 30 53 - 55 52 59 41 4E 49 20 20   015000SURYANI  
00004F60  20 30 31 30 30 30 30 42 - 4F 4E 4E 49 45 20 20 20   010000BONNIE   
00004F70  20 30 30 35 30 30 30 51 - 55 45 45 4E 20 20 20 20   005000QUEEN    
00004F80  20 30 30 32 35 30 30 4E - 49 43 4B 20 42 4F 59 20   002500NICK BOY 
00004F90  20 30 30 31 30 30 30 53 - 41 4E 44 52 41 20 20 20   001000SANDRA   
00004FA0  20 30 30 31 30 30 30 44 - 41 56 49 44 2E 50 2E 20   001000DAVID.P. 
00004FB0  20 30 30 31 30 30 30 53 - 48 41 52 4B 59 20 20 20   001000SHARKY   
00004FC0  20 30 30 31 30 30 30 45 - 4D 49 4C 59 20 20 20 20   001000EMILY    
00004FD0  20 30 30 31 30 30 30 4F - 4E 49 4F 4E 20 20 20 20   001000ONION    
00004FE0  20 30 30 31 30 30 30 FF - 01 A8 00 8B 01 A8 45 01   001000.......E.
00004FF0  01 A8 45 02 A8 A8 45 02 - 00 00 DD 21 9C 94 DD CB  ..E...E....!....
00005000  00 7E C2 48 96 DD E5 11 - 0A 00 DD 19 21 F9 78 06  .~.H........!.x.
00005010  06 DD 7E 00 BE CA 37 96 - D2 3E 96 E1 E5 3E FF 01  ..~...7..>...>..
00005020  E8 03 ED B1 21 E8 03 A7 - ED 42 E5 C1 11 4B 95 21  ....!....B...K.!
00005030  3B 95 ED B8 3E FF 32 3C - 95 E1 E5 11 0A 00 19 EB  ;...>.2<........
00005040  21 F9 78 01 06 00 ED B0 - CD AA 66 1E 28 CD 42 EF  !.x.......f.(.B.
00005050  21 D0 96 11 D1 96 01 07 - 00 36 20 ED B0 CD 4F 84  !........6 ...O.
00005060  21 64 96 CD 29 6B 11 0C - 0F 21 D0 96 0E 44 3E 3F  !d..)k...!...D>?
00005070  CD 4A 6C 01 E8 03 CD 6A - 67 CD 72 66 C4 F5 84 20  .Jl....jg.rf... 
00005080  F8 D5 CD 2B 66 B7 CC F5 - 84 28 F7 D1 FE 0D 28 3A  ...+f....(....(:
00005090  FE 01 28 07 FE 02 20 23 - D5 18 E7 7B FE 13 20 09  ..(... #...{.. .
000050A0  7E FE 20 28 04 36 20 18 - C3 7B FE 0C 28 BE 3E 2D  ~. (.6 ..{..(.>-
000050B0  0E 47 CD 4A 6C 2B 36 20 - 1D 18 B1 77 0E 46 CD 4A  .G.Jl+6 ...w.F.J
000050C0  6C 7B FE 13 28 AD 23 1C - 18 A2 D1 21 D0 96 01 08  l{..(.#....!....
000050D0  00 ED B0 CD 72 66 C4 F5 - 84 C2 28 96 CD 33 94 C3  ....rf....(..3..
000050E0  04 65 23 DD 23 05 C2 66 - 95 DD E1 11 10 00 DD 19  .e#.#..f........
000050F0  C3 53 95 CD 72 66 C2 48 - 96 01 52 03 76 C5 CD 2B  .S..rf.H..R.v..+
00005100  66 C1 B7 C2 04 65 0B 78 - B1 C2 51 96 C3 04 65 EB  f....e.x..Q...e.
00005110  00 DF 09 08 E0 46 E6 F1 - C2 43 4F 4E 47 52 41 54  .....F...CONGRAT
00005120  55 4C 41 54 49 4F 4E 53 - 21 7A ED DB 50 4C 45 41  ULATIONS!z..PLEA
00005130  53 45 20 45 4E 54 45 52 - 20 59 4F 55 52 20 4E 41  SE ENTER YOUR NA
00005140  4D 45 DF 0F 0C DE 2D 2D - 2D 2D 2D 2D 2D 2D 7B F2  ME....--------{.
00005150  DC 50 52 45 53 53 20 43 - 41 50 53 20 54 4F 20 44  .PRESS CAPS TO D
00005160  45 4C 45 54 45 7A ED DD - 50 52 45 53 53 20 45 4E  ELETEz..PRESS EN
00005170  54 45 52 20 54 4F 20 45 - 4E 44 FF 20 20 20 20 20  TER TO END.     
00005180  20 20 20 DD 21 9F 97 67 - DD 7E 00 FE FF C8 DD 7E     .!..g.~.....~
00005190  02 B7 28 0A C5 01 08 00 - DD 09 C1 C3 DD 96 DD 73  ..(............s
000051A0  00 DD 72 01 DD 74 02 11 - F9 C6 DD 73 03 DD 72 04  ..r..t.....s..r.
000051B0  DD 75 05 DD 71 06 DD 70 - 07 C9 DD 21 9F 97 DD 7E  .u..q..p...!...~
000051C0  00 FE FF C8 DD 7E 02 B7 - C2 28 97 01 08 00 DD 09  .....~...(......
000051D0  C3 13 97 DD 5E 00 DD 56 - 01 42 4B DD 6E 03 DD 66  ....^..V.BK.n..f
000051E0  04 DD 7E 05 E6 80 20 0F - 7A FE B0 CA 87 97 CD C4  ..~... .z.......
000051F0  69 C2 87 97 C3 58 97 7A - FE 20 CA 87 97 CD E6 69  i....X.z. .....i
00005200  C2 87 97 DD 7E 05 82 57 - DD 72 01 DD 7E 02 CD DB  ....~..W.r..~...
00005210  A4 D5 7B C6 02 5F 7A C6 - 04 57 3E 02 CD 31 8E D1  ..{.._z..W>..1..
00005220  DD 75 03 DD 74 04 DD 4E - 06 DD 46 07 CD 7B A4 C3  .u..t..N..F..{..
00005230  20 97 AF DD 77 02 CD DB - A4 1D 1D 7A D6 04 57 01   ...w......z..W.
00005240  0C 18 3E 0F CD A1 89 C3 - 20 97 00 00 00 00 CF CF  ..>..... .......
00005250  45 CF CF CF 45 33 CF 8B - 45 33 CF 8B 45 8A CF 8B  E...E3..E3..E...
00005260  45 00 CF 8B 45 33 CF 03 - 45 33 45 03 45 33 01 56  E...E3..E3E.E3.V
00005270  45 33 01 56 45 33 00 FC - 45 33 00 FC 45 33 00 54  E3.VE3..E3..E3.T
00005280  45 8A 00 54 45 00 00 00 - 45 33 00 00 00 33 CF 8A  E..TE...E3...3..
00005290  CF CF 33 22 9B 33 33 22 - 9B 33 FF 21 79 98 7E FE  ..3".33".3.!y.~.
000052A0  FF C8 5F 23 56 23 E5 CD - 8F 67 7E B7 20 04 E1 C3  .._#V#...g~. ...
000052B0  F3 97 32 25 98 01 05 00 - 21 26 98 BE 28 04 09 C3  ..2%....!&..(...
000052C0  10 98 23 7E 83 5F 23 7E - 82 57 23 7E 23 66 6F E9  ..#~._#~.W#~#fo.
000052D0  00 46 00 00 31 98 47 00 - 00 55 98 FF 3A 69 69 BB  .F..1.G..U..:ii.
000052E0  C2 03 98 3A 25 98 21 F9 - C6 CD DB A4 CD E0 6D CD  ...:%.!.......m.
000052F0  8E 98 2E FC 01 47 45 3A - 25 98 CD D8 96 C3 03 98  .....GE:%.......
00005300  3A 69 69 BB C2 03 98 3A - 25 98 21 F9 C6 CD DB A4  :ii....:%.!.....
00005310  CD E0 6D CD 8E 98 2E 04 - 01 47 45 3A 25 98 CD D8  ..m......GE:%...
00005320  96 C3 03 98 9B 33 33 22 - 9B 33 67 00 9B 22 22 00  .....33".3g.."".
00005330  9B 22 33 22 9B 22 33 22 - FF F5 C5 DD E5 E5 01 08  ."3"."3"........
00005340  00 DD 21 FC 6C DD 6E 00 - DD 66 01 A7 ED 52 28 05  ..!.l.n..f...R(.
00005350  DD 09 C3 9A 98 DD 36 04 - 00 E1 DD E1 C1 F1 C9 DD  ......6.........
00005360  21 B3 99 DD 7E 00 FE FF - C8 B7 CA 9B 99 DD 5E 01  !...~.........^.
00005370  DD 56 02 D5 DD 4E 05 DD - 46 06 DD 7E 07 B7 20 20  .V...N..F..~..  
00005380  0A FE E2 CA 02 99 FE E1 - CA 11 99 FE E0 CA 20 99  .............. .
00005390  83 5F 03 0A 82 57 03 DD - 71 05 DD 70 06 C3 39 99  ._...W..q..p..9.
000053A0  DD 35 07 0A 83 5F 03 0A - 82 57 C3 39 99 03 0A 3D  .5..._...W.9...=
000053B0  DD 77 07 03 DD 71 05 DD - 70 06 18 E4 DD 4E 03 DD  .w...q..p....N..
000053C0  46 04 DD 71 05 DD 70 06 - C3 D5 98 03 DD 71 05 DD  F..q..p......q..
000053D0  70 06 C5 ED 4B 69 69 3E - 05 2E 02 26 42 CD 98 8C  p...Kii>...&B...
000053E0  C1 C3 D5 98 C1 DD 7E 0B - FE 14 30 06 DD 34 0B C3  ......~...0..4..
000053F0  6E 99 CD 8F 67 7E 2C B6 - C5 01 1F 00 09 C1 B6 2C  n...g~,........,
00005400  B6 C4 EA 88 C2 A3 99 7B - C6 08 FE 87 D2 A3 99 7A  .......{.......z
00005410  FE 11 DA A3 99 FE C0 30 - 35 DD 73 01 DD 72 02 DD  .......05.s..r..
00005420  7E 00 DD 6E 09 DD 66 0A - CD FD A1 D5 7A C6 04 57  ~..n..f.....z..W
00005430  7B C6 02 5F 3E 02 CD 31 - 8E D1 DD 75 09 DD 74 0A  {.._>..1...u..t.
00005440  DD 4E 08 CD 46 A4 11 0C - 00 DD 19 C3 B8 98 AF DD  .N..F...........
00005450  77 00 DD 6E 09 DD 66 0A - CD FD A1 C3 9B 99 00 8B  w..n..f.........
00005460  FC FC 00 45 56 00 00 45 - 56 00 00 00 8B A8 00 00  ...EV..EV.......
00005470  8B A8 00 00 45 56 00 00 - 45 56 00 00 00 8B 00 00  ....EV..EV......
00005480  00 8B 00 00 00 45 00 00 - 00 45 00 00 00 00 CF CF  .....E...E......
00005490  9B DE 03 03 45 8B FC FC - 00 8B FC A8 00 8B FC A8  ....E...........
000054A0  00 8B 00 00 00 8B 00 00 - 00 8B 00 00 00 8B 00 00  ................
000054B0  00 8B 00 00 00 8B 00 00 - 00 8B A8 00 00 8B A8 00  ................
000054C0  00 8B 56 00 00 8B 56 00 - 00 8B 8B A8 00 8B FC 00  ..V...V.........
000054D0  45 CF FC 00 45 03 FF DD - 21 B3 99 4F DD 7E 00 FE  E...E...!..O.~..
000054E0  FF C8 B7 28 0A C5 01 0C - 00 DD 09 C1 C3 31 9A DD  ...(.........1..
000054F0  71 00 DD 73 01 DD 72 02 - DD 75 03 DD 74 04 DD 75  q..s..r..u..t..u
00005500  05 DD 74 06 DD 36 07 00 - 3E 04 CD 79 66 C6 42 DD  ..t..6..>..yf.B.
00005510  77 08 11 F9 C6 DD 73 09 - DD 72 0A DD 36 0B 00 C9  w.....s..r..6...
00005520  C5 D5 E5 42 4B 21 B3 99 - 7E FE FF CA C2 9A B7 20  ...BK!..~...... 
00005530  07 11 0C 00 19 C3 7D 9A - E5 23 5E 23 56 CD 02 68  ......}..#^#V..h
00005540  E1 B7 CA 86 9A 7E 36 00 - 21 F9 C6 CD FD A1 CD EA  .....~6.!.......
00005550  88 3E 01 CD 79 66 B7 CA - B8 9A 3E 0A CD 79 66 3C  .>..yf....>..yf<
00005560  CD A2 9F 11 04 79 CD D4 - 78 CD 8E 78 AF 3C E1 D1  .....y..x..x.<..
00005570  C1 C9 DD 21 27 9B 11 00 - 20 06 14 CD 8F 67 7E B7  ...!'... ....g~.
00005580  20 09 DD 72 00 DD 23 21 - 47 9B 34 7A C6 08 57 10   ..r..#!G.4z..W.
00005590  EA C9 DD 21 27 9B 11 78 - 20 06 14 CD 8F 67 7E B7  ...!'..x ....g~.
000055A0  20 09 DD 72 00 DD 23 21 - 47 9B 34 7A C6 08 57 10   ..r..#!G.4z..W.
000055B0  EA C9 DD 21 27 9B 11 00 - 20 06 20 CD 8F 67 7E B7  ...!'... . ..g~.
000055C0  20 09 DD 73 00 DD 23 21 - 47 9B 34 7B C6 04 5F 10   ..s..#!G.4{.._.
000055D0  EA C9 8B 03 03 00 56 FC - FC A8 FC 00 DE A8 A8 00  ......V.........
000055E0  DE ED A8 45 FC 45 00 45 - FC 8B 00 DE A8 8B 00 DE  ...E.E.E........
000055F0  ED 56 00 DD 21 27 9B 11 - 00 B0 06 20 CD 8F 67 7E  .V..!'..... ..g~
00005600  B7 20 09 DD 73 00 DD 23 - 21 47 9B 34 7B C6 04 5F  . ..s..#!G.4{.._
00005610  10 EA C9 FE EC D8 FE F0 - D0 F5 C5 D5 E5 D6 EC 32  ...............2
00005620  D5 9B 87 87 6F 26 00 01 - BF 9B 09 01 04 00 11 CF  ....o&..........
00005630  9B ED B0 3A D5 9B 87 6F - 26 00 01 56 9C 09 4E 23  ...:...o&..V..N#
00005640  66 69 3E 03 CD 79 66 C6 - 0D 32 55 9C 3E 03 CD 79  fi>..yf..2U.>..y
00005650  66 87 4F 06 00 09 7E 23 - 66 6F 22 D6 9B 3A D4 9B  f.O...~#fo"..:..
00005660  D6 0A 32 D4 9B E1 D1 C1 - F1 C9 E7 9A 01 7F 48 9B  ..2...........H.
00005670  00 BE C7 9A 01 F9 07 9B - 00 11 00 00 00 00 00 00  ................
00005680  00 00 00 3A D5 9B FE FF - C8 2A CF 9B E9 3A D5 9B  ...:.....*...:..
00005690  FE FF C8 3A D3 9B 3D 32 - D3 9B B7 C0 3A D4 9B 32  ...:..=2....:..2
000056A0  D3 9B 3A 47 9B CD 79 66 - 6F 26 00 01 27 9B 09 3A  ..:G..yfo&..'..:
000056B0  D1 9B B7 3A D2 9B 28 23 - 56 5F 3A D5 9B B7 3A 69  ...:..(#V_:...:i
000056C0  69 28 0C FE 10 D8 2A D6 - 9B 3A 55 9C C3 2C 9A FE  i(....*..:U..,..
000056D0  68 D0 2A D6 9B 3A 55 9C - C3 2C 9A 5E 57 3A D5 9B  h.*..:U..,.^W:..
000056E0  FE 01 3A 6A 69 CA 49 9C - FE 40 D8 2A D6 9B 3A 55  ..:ji.I..@.*..:U
000056F0  9C C3 2C 9A FE 90 D0 2A - D6 9B 3A 55 9C C3 2C 9A  ..,....*..:U..,.
00005700  00 5E 9C 66 9C 6E 9C 76 - 9C EC 9D 26 9E 51 9E 88  .^.f.n.v...&.Q..
00005710  9E 7E 9C C3 9C E5 9C 03 - 9D C7 9E 01 9F 2C 9F 63  .~...........,.c
00005720  9F 35 9D 7A 9D 9C 9D BA - 9D E2 11 00 FE 00 FF 00  .5.z............
00005730  FF 00 FF FF FF FF FF FE - FF FE FF FD FF FD FF FD  ................
00005740  FF FD FF FD FF FD FF FE - FF FE FF FF FF FF FF 00  ................
00005750  FF 01 FF 01 FF 02 FF 02 - FF 03 FF 03 FF 03 FF 03  ................
00005760  FF 03 FF 03 FF 02 FF 02 - FF 01 FF 01 FF E1 E2 08  ................
00005770  00 FC E2 0C 00 FE E2 08 - 01 FE E2 08 00 FE E2 08  ................
00005780  FF FE E0 E2 0A FE 00 E2 - 04 02 04 E2 32 00 FE E1  ............2...
00005790  E2 0C 01 FE E2 0C FF FE - E2 0C 01 FE E2 0C FF FE  ................
000057A0  E0 E2 0C 01 FE E2 0C FF - FE E2 0C 01 FE E1 E2 12  ................
000057B0  00 FE E2 08 01 FE E2 10 - FF FE E2 08 00 FE E2 08  ................
000057C0  01 FE E2 08 01 00 E0 E2 - 08 01 02 E2 08 00 03 E2  ................
000057D0  0A 00 04 E2 08 FF 02 E2 - 08 FF FE E2 28 00 FC E1  ............(...
000057E0  E2 11 00 02 00 01 00 01 - 00 01 FF 01 FF 01 FE 01  ................
000057F0  FE 01 FD 01 FD 01 FD 01 - FD 01 FD 01 FD 01 FE 01  ................
00005800  FE 01 FF 01 FF 01 00 01 - 01 01 01 01 02 01 02 01  ................
00005810  03 01 03 01 03 01 03 01 - 03 01 03 01 02 01 02 01  ................
00005820  01 01 01 01 E1 E2 08 00 - 04 E2 0C 00 02 E2 08 01  ................
00005830  02 E2 08 00 02 E2 08 FF - 02 E0 E2 0A FE 00 E2 04  ................
00005840  02 FC E2 32 00 02 E1 E2 - 0C 01 02 E2 0C FF 02 E2  ...2............
00005850  0C 01 02 E2 0C FF 02 E0 - E2 0C 01 02 E2 0C FF 02  ................
00005860  E2 0C 01 02 E1 E2 12 00 - 02 E2 08 01 02 E2 10 FF  ................
00005870  02 E2 08 00 02 E2 08 01 - 02 E2 08 01 00 E0 E2 08  ................
00005880  01 FE E2 08 00 FD E2 0A - 00 FC E2 08 FF FE E2 08  ................
00005890  FF 02 E2 28 00 04 E1 E2 - 07 FC 00 E2 06 FE 00 E2  ...(............
000058A0  0C FF 00 E2 04 FF 02 E0 - E2 04 00 02 E2 04 01 02  ................
000058B0  E2 04 01 00 E2 04 01 FE - E2 04 00 FE E2 0A FE 00  ................
000058C0  E2 0C FF FE E2 0C FF 02 - E2 08 FE 00 E2 0A FC 00  ................
000058D0  E1 E2 0C FE 00 E2 06 FE - 04 E2 06 FE FC E2 06 FE  ................
000058E0  04 E2 0C 00 FE E2 0F 00 - 00 E0 E2 10 FF 00 E0 E2  ................
000058F0  04 FE 00 E2 04 FD 00 E2 - 0B FC 00 E1 E2 07 FC 00  ................
00005900  E2 06 FE 00 E2 0C FF 00 - E2 04 FF 02 E0 E2 08 FF  ................
00005910  FE E2 08 00 FE E2 08 01 - FE E2 08 01 00 E2 08 00  ................
00005920  02 E2 08 FF 02 E0 E2 0C - FF 00 E2 08 FE 00 E2 0D  ................
00005930  FC 00 E1 FF 00 FF 00 FF - FF FF FF FF FE FF FE FF  ................
00005940  FD FF FD FF FD FF FD FF - FD FF FD FF FE FF FE FF  ................
00005950  FF FF FF FF 00 FF 01 FF - 01 FF 02 FF 02 FF 03 FF  ................
00005960  03 FF 03 FF 03 FF 03 FF - 03 FF 02 FF 02 FF 01 FF  ................
00005970  01 E1 E2 07 04 00 E2 06 - 02 00 E2 0C 01 00 E2 04  ................
00005980  01 02 E0 E2 04 00 02 E2 - 04 FF 02 E2 04 FF 00 E2  ................
00005990  04 FF FE E2 04 00 FE E2 - 0A 02 00 E2 0C 01 FE E2  ................
000059A0  0C 01 02 E2 08 02 00 E2 - 0A 04 00 E1 E2 0C 02 00  ................
000059B0  E2 06 02 04 E2 06 02 FC - E2 06 02 04 E2 0C 00 FE  ................
000059C0  E2 0F 00 00 E0 E2 10 01 - 00 E0 E2 04 02 00 E2 04  ................
000059D0  03 00 E2 0B 04 00 E1 E2 - 07 04 00 E2 06 02 00 E2  ................
000059E0  0C 01 00 E2 04 01 02 E0 - E2 08 01 FE E2 08 00 FE  ................
000059F0  E2 08 FF FE E2 08 FF 00 - E2 08 00 02 E2 08 01 02  ................
00005A00  E0 E2 0C 01 00 E2 08 02 - 00 E2 0D 04 00 E1 01 00  ................
00005A10  01 00 01 FF 01 FF 01 FE - 01 FE 01 FD 01 FD 01 FD  ................
00005A20  01 FD 01 FD 01 FD 01 FE - 01 FE 01 FF 01 FF 01 00  ................
00005A30  01 01 01 01 01 02 01 02 - 01 03 01 03 01 03 01 03  ................
00005A40  01 03 01 03 01 02 01 02 - 01 01 01 01 E1 F5 C5 D5  ................
00005A50  E5 DD E5 4F 7B FE 79 D2 - FB 9F 7A E6 F8 57 CD 8F  ...O{.y...z..W..
00005A60  67 7E 2C B6 D5 11 1F 00 - 19 D1 B6 2C B6 C2 FB 9F  g~,........,....
00005A70  DD 21 02 A0 DD 7E 00 FE - FF CA FB 9F B7 28 0A C5  .!...~.......(..
00005A80  01 06 00 DD 09 C1 C3 C9 - 9F 79 CD 3F A0 DD 71 00  .........y.?..q.
00005A90  7E DD 77 01 7B E6 FC DD - 77 02 DD 72 03 11 F9 C6  ~.w.{...w..r....
00005AA0  DD 73 04 DD 72 05 DD E1 - E1 D1 C1 F1 C9 04 45 45  .s..r.........EE
00005AB0  4B 40 45 45 4B 40 45 45 - C3 40 45 45 C3 40 00 0A  K@EEK@EE.@EE.@..
00005AC0  82 80 00 0A 00 80 00 4B - 40 80 00 41 C0 00 00 44  .......K@..A...D
00005AD0  08 00 00 44 08 00 00 CC - 0C 00 00 CC 0C 00 44 88  ...D..........D.
00005AE0  04 08 44 88 04 08 CC 45 - 0A FF F5 C5 87 87 87 6F  ..D....E.......o
00005AF0  26 00 01 5D A1 09 C1 F1 - C9 21 02 A0 7E FE FF C8  &..].....!..~...
00005B00  B7 20 07 01 06 00 09 C3 - 51 A0 E5 23 4E 23 5E 23  . ......Q..#N#^#
00005B10  56 CD C4 69 20 17 42 14 - 72 23 7E 23 66 6F 79 4B  V..i .B.r#~#foyK
00005B20  CD DB A4 DD E1 DD E5 DD - 75 04 DD 74 05 E1 C3 58  ........u..t...X
00005B30  A0 3E 01 CD B9 67 DD 21 - 02 A0 DD 7E 00 FE FF C8  .>...g.!...~....
00005B40  B7 20 08 01 06 00 DD 09 - C3 8F A0 DD 5E 02 DD 56  . ..........^..V
00005B50  03 47 7A FE C0 78 D2 F6 - A0 CD 3F A0 D2 D4 A0 7E  .Gz..x....?....~
00005B60  23 4E 23 46 CD 7B A4 3A - 94 8F B7 20 0A ED 4B 69  #N#F.{.:... ..Ki
00005B70  69 CD 02 68 B7 20 08 01 - 06 00 DD 09 C3 8F A0 23  i..h. .........#
00005B80  5E 23 56 E5 DD E5 2A 73 - 79 19 22 73 79 CD 35 79  ^#V...*sy."sy.5y
00005B90  CD AF 78 1E 19 CD 42 EF - DD E1 E1 23 7E 23 66 6F  ..x...B....#~#fo
00005BA0  E9 DD 36 00 00 DD 4E 02 - DD 46 03 DD 6E 04 DD 66  ..6...N..F..n..f
00005BB0  05 AF CD DB A4 01 06 00 - DD 09 C3 8F A0 3A EE 6A  .............:.j
00005BC0  B7 C2 F6 A0 3E 01 32 EE - 6A ED 5B 69 69 42 4B CD  ....>.2.j.[iiBK.
00005BD0  53 69 C3 F6 A0 3A FA 7B - 87 87 87 87 26 00 6F 01  Si...:.{....&.o.
00005BE0  B5 7B 09 4E 0C 23 23 23 - 23 7E B9 DA F6 A0 2B 2B  .{.N.####~....++
00005BF0  2B 2B 71 CD 72 7B C3 F6 - A0 3A F3 6A B7 C2 F6 A0  ++q.r{...:.j....
00005C00  3E 01 32 F3 6A C3 F6 A0 - 00 00 00 00 00 00 00 00  >.2.j...........
00005C10  71 47 47 00 00 12 A1 00 - 72 45 04 32 00 F6 A0 00  qGG.....rE.2....
00005C20  73 43 42 50 00 F6 A0 00 - 74 47 46 6E 00 F6 A0 00  sCBP....tGFn....
00005C30  75 45 05 8C 00 F6 A0 00 - 72 45 05 32 00 F6 A0 00  uE......rE.2....
00005C40  73 47 46 50 00 F6 A0 00 - 74 43 42 6E 00 F6 A0 00  sGFP....tCBn....
00005C50  75 45 04 8C 00 F6 A0 00 - 76 47 46 00 00 2A A1 00  uE......vGF..*..
00005C60  77 47 07 00 00 4E A1 00 - 83 47 47 00 00 F6 A0 00  wG...N...GG.....
00005C70  84 47 07 00 00 F6 A0 00 - 8C 47 47 00 00 F6 A0 00  .G.......GG.....
00005C80  FF FE E9 D8 F5 C5 D5 E5 - 21 F6 A1 4F 7E FE FF 28  ........!..O~..(
00005C90  0B 23 23 B9 20 F6 2B 7E - 15 CD A2 9F E1 D1 C1 F1  .##. .+~........
00005CA0  C9 E9 0A EA 01 EB 0B FF - F5 C5 D5 E5 C5 6F 7B FE  .............o{.
00005CB0  AA D2 67 A3 79 FE AA D2 - 67 A3 7B FE 79 D2 9C A2  ..g.y...g.{.y...
00005CC0  79 FE 79 D2 9C A2 65 2E - 00 CB 3C CB 1D 44 4D CB  y.y...e...<..DM.
00005CD0  3C CB 1D 09 01 F9 C6 09 - 44 4D 7B E6 03 6F 26 00  <.......DM{..o&.
00005CE0  29 29 29 29 D5 54 5D 29 - 19 09 22 9A A2 D1 7B E6  )))).T]).."...{.
00005CF0  7C 0F 0F 32 66 A2 4A D9 - D1 7B E6 7C 0F 0F 32 7F  |..2f.J..{.|..2.
00005D00  A2 4A D1 D9 ED 5B 9A A2 - 06 10 26 64 69 7E 25 66  .J...[....&di~%f
00005D10  F6 00 6F 0C 1A AE 77 2C - 13 1A AE 77 2C 13 1A AE  ..o...w,...w,...
00005D20  77 13 D9 26 64 69 7E 25 - 66 F6 00 6F 0C 1A AE 77  w..&di~%f..o...w
00005D30  2C 13 1A AE 77 2C 13 1A - AE 77 13 D9 10 CC 2A 9A  ,...w,...w....*.
00005D40  A2 D1 C1 F1 C9 F9 C6 65 - 2E 00 CB 3C CB 1D 44 4D  .......e...<..DM
00005D50  CB 3C CB 1D 09 01 F9 C6 - 09 44 4D 7B E6 03 6F 26  .<.......DM{..o&
00005D60  00 29 29 29 29 D5 54 5D - 29 19 09 22 9A A2 D1 7B  .)))).T]).."...{
00005D70  E6 7C 0F 0F 32 33 A3 4A - 3E 77 32 3D A3 32 42 A3  .|..23.J>w2=.2B.
00005D80  32 38 A3 7B FE 79 38 16 - AF 32 42 A3 7B FE 7C 38  28.{.y8..2B.{.|8
00005D90  0D AF 32 3D A3 7B FE 80 - 38 04 AF 32 38 A3 D9 D1  ..2=.{..8..28...
00005DA0  3E 77 32 56 A3 32 5B A3 - 32 51 A3 7B FE 79 38 16  >w2V.2[.2Q.{.y8.
00005DB0  AF 32 5B A3 7B FE 7C 38 - 0D AF 32 56 A3 7B FE 80  .2[.{.|8..2V.{..
00005DC0  38 04 AF 32 51 A3 7B E6 - 7C 0F 0F 32 4C A3 4A D1  8..2Q.{.|..2L.J.
00005DD0  D9 ED 5B 9A A2 06 10 26 - 64 69 7E 25 66 F6 00 6F  ..[....&di~%f..o
00005DE0  0C 1A AE 77 2C 13 1A AE - 77 2C 13 1A AE 77 13 D9  ...w,...w,...w..
00005DF0  26 64 69 7E 25 66 F6 00 - 6F 0C 1A AE 77 2C 13 1A  &di~%f..o...w,..
00005E00  AE 77 2C 13 1A AE 77 13 - D9 10 CC 2A 9A A2 D1 C1  .w,...w....*....
00005E10  F1 C9 65 2E 00 CB 3C CB - 1D 44 4D CB 3C CB 1D 09  ..e...<..DM.<...
00005E20  01 F9 C6 09 44 4D 7B E6 - 03 6F 26 00 29 29 29 29  ....DM{..o&.))))
00005E30  D5 54 5D 29 19 09 22 9A - A2 D1 7B E6 7C 0F 0F 32  .T]).."...{.|..2
00005E40  12 A4 4A 21 77 2C 22 1C - A4 22 17 A4 7D 32 21 A4  ..J!w,".."..}2!.
00005E50  7B FE 80 38 1E AF 32 12 - A4 21 00 00 22 17 A4 7B  {..8..2..!.."..{
00005E60  FE FC 30 0F 21 00 00 22 - 1C A4 7B FE F8 30 04 AF  ..0.!.."..{..0..
00005E70  32 21 A4 D9 D1 7B E6 7C - 0F 0F 32 2B A4 21 77 2C  2!...{.|..2+.!w,
00005E80  22 35 A4 22 30 A4 7D 32 - 3A A4 7B FE 80 38 1E AF  "5."0.}2:.{..8..
00005E90  32 2B A4 21 00 00 22 30 - A4 7B FE FC 30 0F 21 00  2+.!.."0.{..0.!.
00005EA0  00 22 35 A4 7B FE F8 30 - 04 AF 32 3A A4 4A D1 D9  ."5.{..0..2:.J..
00005EB0  ED 5B 9A A2 06 10 26 64 - 69 7E 25 66 F6 00 6F 0C  .[....&di~%f..o.
00005EC0  1A AE 77 2C 13 1A AE 77 - 2C 13 1A AE 77 13 D9 26  ..w,...w,...w..&
00005ED0  64 69 7E 25 66 F6 00 6F - 0C 1A AE 77 2C 13 1A AE  di~%f..o...w,...
00005EE0  77 2C 13 1A AE 77 13 D9 - 10 CC 2A 9A A2 D1 C1 F1  w,...w....*.....
00005EF0  C9 F5 C5 D5 E5 06 03 7B - FE 80 38 02 1E 00 CD 99  .......{..8.....
00005F00  67 E5 11 00 03 19 EB E1 - 1A B7 20 01 71 23 13 1A  g......... .q#..
00005F10  B7 20 01 71 23 13 1A B7 - 20 01 71 11 1E 00 19 10  . .q#... .q.....
00005F20  E0 E1 D1 C1 F1 C9 F5 C5 - D5 E5 7B FE 80 38 02 1E  ..........{..8..
00005F30  00 3E 03 CD 99 67 08 E5 - 11 00 03 19 EB E1 1A B7  .>...g..........
00005F40  20 01 71 23 13 1A B7 20 - 01 70 11 1F 00 19 08 3D   .q#... .p.....=
00005F50  C2 8B A4 E1 D1 C1 F1 C9 - F5 C5 D5 E5 06 02 7B FE  ..............{.
00005F60  80 38 02 1E 00 CD 99 67 - E5 11 00 03 19 EB E1 1A  .8.....g........
00005F70  B7 20 01 71 2C 1C 1A B7 - 20 01 71 11 1F 00 19 10  . .q,... .q.....
00005F80  E7 E1 D1 C1 F1 C9 F5 C5 - D5 E5 C5 6F 26 00 29 29  ...........o&.))
00005F90  29 29 29 01 79 D4 09 22 - 9A A2 7B E6 7C 0F 0F 32  ))).y.."..{.|..2
00005FA0  0F A5 4A D9 D1 7B E6 7C - 0F 0F 32 23 A5 4A D1 D9  ..J..{.|..2#.J..
00005FB0  EB 06 10 26 64 69 7E 25 - 66 F6 00 6F 0C 1A 13 AE  ...&di~%f..o....
00005FC0  77 2C 1A 13 AE 77 D9 26 - 64 69 7E 25 66 F6 00 6F  w,...w.&di~%f..o
00005FD0  0C 1A AE 77 2C 13 1A AE - 77 13 D9 10 D6 2A 9A A2  ...w,...w....*..
00005FE0  D1 C1 F1 C9 C5 6F 26 00 - 29 29 29 29 29 01 79 D4  .....o&.))))).y.
00005FF0  09 C1 C9 FE E9 D0 F5 C5 - D5 E5 6F 26 00 29 29 29  ..........o&.)))
00006000  29 29 01 79 D4 09 7B E6 - 7C 0F 0F 32 6E A5 4A EB  )).y..{.|..2n.J.
00006010  06 10 26 64 69 7E 25 66 - F6 00 6F 0C 1A 13 77 2C  ..&di~%f..o...w,
00006020  1A 13 77 10 ED E1 D1 C1 - F1 C9 FE E9 D0 F5 C5 D5  ..w.............
00006030  E5 6F 26 00 29 29 01 B9 - E9 09 44 4D CD 99 67 0A  .o&.))....DM..g.
00006040  77 2C 03 0A 77 03 11 1F - 00 19 0A 77 2C 03 0A 77  w,..w......w,..w
00006050  E1 D1 C1 F1 C9 01 02 03 - 04 05 01 01 15 16 17 18  ................
00006060  16 17 15 02 01 02 48 FF - 05 14 13 FF 05 00 15 01  ......H.........
00006070  02 03 15 00 1D 00 1F FF - 05 00 10 14 4B 01 01 04  ............K...
00006080  15 FF 09 00 15 02 01 01 - 01 05 15 FF 09 00 15 01  ................
00006090  03 01 02 01 15 FF 09 00 - 15 04 01 01 01 02 15 FF  ................
000060A0  09 00 12 14 49 01 02 03 - 15 FF 0A 00 1D 15 03 04  ....I...........
000060B0  04 15 00 00 96 0D 80 81 - 82 00 0F 0E 0D 4A 14 14  .............J..
000060C0  01 15 00 00 15 01 02 03 - 04 05 01 04 03 01 01 02  ................
000060D0  02 03 04 05 02 03 04 05 - 15 01 01 02 03 04 05 02  ................
000060E0  FF 08 14 13 34 35 34 35 - 34 35 34 7C 00 4E 4F FF  ....4545454|.NO.
000060F0  0C 00 7E 00 50 51 FF 0C - 00 7E 00 52 53 FF 0C 00  ..~.PQ...~.RS...
00006100  7D FF 0F 00 7C FF 0D 00 - 27 28 7E FF 07 00 23 24  }...|...'(~...#$
00006110  FF 04 00 29 2A 7D FF 07 - 00 25 26 00 00 00 10 14  ...)*}...%&.....
00006120  14 7C FF 05 00 79 FF 05 - 78 79 15 01 01 01 02 03  .|...y..xy......
00006130  01 02 03 04 05 01 03 04 - 05 15 01 02 03 34 35 36  .............456
00006140  35 36 37 36 35 34 35 35 - 34 15 04 05 01 FF 0C 00  567654554.......
00006150  12 14 14 14 FF 0D 00 30 - 31 FF 0E 00 32 33 FF 1D  .......01...23..
00006160  00 FF 04 EC FF 10 00 FF - 06 14 11 FF 09 00 01 02  ................
00006170  03 03 01 02 15 0D 0E 0F - 0D 0E 0F 0D 0E 0E 01 01  ................
00006180  04 01 15 19 1A FF 09 1B - 02 03 02 03 15 00 00 3C  ...............<
00006190  00 3C 00 3C FF 04 FA FF - 04 14 13 00 00 3B F1 3B  .<.<.........;.;
000061A0  00 3D FF 0B 00 3D 00 3B - F6 FF 0E 00 3D 00 3C FF  .=...=.;....=.<.
000061B0  0B 00 3C 00 00 00 3B 00 - 10 14 14 FF 07 00 3B 00  ..<...;.......;.
000061C0  3C 00 3B 00 15 01 01 FF - 07 00 3D 00 3D 00 3D 00  <.;.......=.=.=.
000061D0  15 02 03 FF 05 00 10 FF - 07 14 4B 04 05 0C 0D 0E  ..........K.....
000061E0  0D 0E 15 01 02 03 04 05 - 01 03 04 01 02 FF 0A 1B  ................
000061F0  1C 19 15 01 02 01 00 00 - 00 2B 2C 00 2B 2C FF 04  .........+,.+,..
00006200  00 12 14 14 49 FF 04 00 - 2D 00 00 2D FF 07 00 15  ....I...-..-....
00006210  FF 0E 00 2E 15 FF 0A 00 - E9 00 EA 2F 2E 15 14 14  .........../....
00006220  14 11 FF 05 00 2E 2F 2E - 2F 2E 2F 15 01 02 03 15  ....../././.....
00006230  FF 04 00 2E 2F 2E 2F 2E - 2F 2E 15 01 03 04 15 00  ..../././.......
00006240  00 2F 2E 2F 2E 2F 2E 2F - 2E 2F 15 01 02 02 4A FF  ./././././....J.
00006250  06 14 49 2F 2E 48 14 4B - 01 02 03 04 01 02 03 01  ..I/.H.K........
00006260  01 02 15 2E 2F 15 01 02 - FF A0 00 01 15 00 00 15  ..../...........
00006270  02 03 04 01 02 02 01 02 - 01 01 02 01 15 00 00 12  ................
00006280  FF 08 14 49 03 02 02 15 - FF 0B 00 15 02 03 03 15  ...I............
00006290  FF 09 00 10 14 4B 02 03 - 04 15 FF 09 00 15 01 01  .....K..........
000062A0  01 02 04 15 FF 09 00 15 - 01 02 03 04 01 15 FF 09  ................
000062B0  00 12 14 14 49 01 02 15 - EB FF 0B 00 15 01 03 4A  ....I..........J
000062C0  14 11 FF 08 00 10 14 4B - 01 04 01 02 15 00 00 ED  .......K........
000062D0  ED FF 04 00 15 02 01 02 - 7C FF 05 00 79 FF 05 78  ........|...y..x
000062E0  79 15 03 01 7D FF 06 00 - 3C 00 3C F6 3C 00 12 14  y...}...<.<.<...
000062F0  14 7D FF 06 00 3B F6 3D - 00 3B FF 04 00 7E FF 06  .}...;.=.;...~..
00006300  00 3B 00 00 00 3D FF 04 - 00 7C FF 06 00 3D 00 3C  .;...=...|...=.<
00006310  FF 06 00 7D FF 08 00 3B - 00 3C FF 04 00 7E FF 06  ...}...;.<...~..
00006320  00 3C 00 3B 00 3B 00 10 - 14 14 7D FF 05 00 E9 3D  .<.;.;....}....=
00006330  00 3D 00 3D 00 15 03 04 - 7C 0C 80 81 82 10 FF 07  .=.=....|.......
00006340  14 4B 02 01 7F 01 02 03 - 04 15 01 02 03 04 01 02  .K..............
00006350  03 04 01 02 01 02 03 04 - 01 02 03 04 01 02 03 04  ................
00006360  02 01 03 01 FF 10 14 FF - 0A 00 47 FF 04 00 7C EE  ..........G...|.
00006370  EE EE FF 0C 00 7D FF 0F - 00 7E FF 0F 00 7C 14 14  .....}...~...|..
00006380  11 FF 0C 00 7D 01 03 15 - 00 00 00 E9 00 E9 FF 06  ....}...........
00006390  00 7D 02 03 4A FF 07 14 - 11 00 00 00 10 14 01 02  .}..J...........
000063A0  03 04 05 01 02 03 04 05 - 15 00 00 00 15 01 01 02  ................
000063B0  03 04 01 15 79 FF 07 78 - 79 11 01 48 14 14 14 13  ....y..xy..H....
000063C0  00 00 30 31 FF 05 00 15 - 02 15 FF 06 00 32 33 FF  ..01.........23.
000063D0  05 00 15 03 15 FF 0D 00 - 15 14 13 FF 08 00 85 83  ................
000063E0  84 86 00 15 7C FF 09 00 - 87 00 00 87 00 15 7C FF  ....|.........|.
000063F0  09 00 87 00 00 87 00 15 - 7D FF 09 00 87 00 00 87  ........}.......
00006400  00 15 FF 05 14 11 FF 04 - 00 88 89 8A 88 00 15 01  ................
00006410  02 03 04 05 15 00 00 10 - FF 06 14 4B 01 02 15 04  ...........K....
00006420  01 02 03 15 02 03 15 00 - 00 15 01 02 01 02 15 34  ...............4
00006430  35 36 34 12 14 14 13 00 - 00 12 14 49 48 14 13 FF  564........IH...
00006440  0C 00 15 15 FF 0E 00 15 - 15 FF 0E 00 15 15 FF 0E  ................
00006450  00 15 15 FF 0C 00 27 28 - 15 15 FF 0C 00 29 2A 15  ......'(.....)*.
00006460  15 FF 0B 00 10 14 14 4B - 15 FF 05 00 ED ED ED 00  .......K........
00006470  00 00 15 01 02 03 FF A0 - 00 01 02 03 15 FF 08 00  ................
00006480  15 01 03 02 02 01 02 15 - FF 08 00 15 01 02 03 01  ................
00006490  48 14 13 FF 08 00 12 14 - 49 01 02 15 FF 0C 00 15  H.......I.......
000064A0  02 03 15 20 FF 0B 00 15 - 02 04 4A 14 11 FF 0A 00  ... ......J.....
000064B0  12 14 01 02 03 15 FF 0C - 00 04 01 03 15 FF 07 00  ................
000064C0  27 28 00 00 00 03 04 01 - 15 00 00 22 FF 04 00 29  '(........."...)
000064D0  2A 00 00 00 14 14 14 4B - 19 1A FF 0A 1B 01 02 04  *......K........
000064E0  03 01 15 04 01 02 03 04 - 05 01 02 03 04 05 04 03  ................
000064F0  03 02 15 34 35 36 37 35 - 36 35 37 35 34 02 03 04  ...4567565754...
00006500  05 01 15 FF 0A 00 03 04 - 01 01 02 15 FF 0A 00 03  ................
00006510  04 01 02 04 15 FF 0A 00 - FF 05 14 13 FF 15 00 94  ................
00006520  95 FF 04 00 91 00 91 00 - 91 FF 05 00 3C 00 46 46  ............<.FF
00006530  00 00 92 93 92 93 92 FF - 04 00 0E 3D 0C 4C 4D 0D  ...........=.LM.
00006540  FF 07 1B 1C 19 0C 02 02 - 03 04 05 01 01 02 15 04  ................
00006550  15 FF 05 78 79 00 00 00 - 15 01 34 34 12 14 13 00  ...xy.....44....
00006560  3C 00 3C FF 05 00 15 02 - FF 06 00 3D F1 3B FF 05  <.<........=.;..
00006570  00 15 04 FF 08 00 3B FF - 05 00 15 02 FF 06 00 3C  ......;........<
00006580  00 3D FF 05 00 15 03 FF - 06 00 3B FF 07 00 15 01  .=........;.....
00006590  FF 06 00 3B 00 3C FF 05 - 00 15 04 FF 06 00 3B 00  ...;.<........;.
000065A0  3B FF 05 00 15 03 0C 0D - 0C 00 00 00 3D 00 3D FF  ;...........=.=.
000065B0  05 00 15 02 02 04 05 0E - 19 1A 1B 1B 1B 1C 19 16  ................
000065C0  17 18 15 01 01 04 03 02 - 01 15 00 00 15 01 02 03  ................
000065D0  04 04 04 01 02 48 14 14 - 14 4B 00 00 4A 14 14 14  .....H...K..J...
000065E0  49 03 03 02 03 15 FF 0A - 00 15 02 02 02 04 15 FF  I...............
000065F0  0A 00 15 01 01 03 01 15 - FF 08 00 2E 00 12 14 14  ................
00006600  14 02 15 FF 08 00 FA FF - 05 00 03 15 00 46 46 00  .............FF.
00006610  00 46 46 00 00 00 10 14 - 14 14 04 15 00 4C 4D 00  .FF..........LM.
00006620  46 4C 4D 00 00 00 15 01 - 02 03 04 4A FF 0A 14 4B  FLM........J...K
00006630  04 01 02 01 02 03 04 01 - 02 04 04 01 02 03 04 01  ................
00006640  02 03 04 15 FF 0B 00 15 - 01 02 03 15 8D FF 0A 00  ................
00006650  15 01 02 03 15 90 FF 0A - 00 12 14 49 03 15 8D FF  ...........I....
00006660  0B 00 FD 15 01 13 8F 8D - FF 0A 00 FD 15 02 00 8D  ................
00006670  8F 8D FF 09 00 FD 15 03 - 11 8F 8D 8F 8D 00 00 46  ...............F
00006680  46 00 23 24 00 FD 15 04 - 15 8D 8F 8D 8F 8D 8D 4C  F.#$...........L
00006690  4D 00 25 26 00 FD 15 04 - 4A FF 0D 14 4B 04 01 02  M.%&....J...K...
000066A0  02 03 04 01 02 03 04 01 - 03 04 01 02 03 04 FF A0  ................
000066B0  00 01 02 48 FF 0D 14 04 - 03 15 00 00 3C 00 3C 00  ...H........<.<.
000066C0  3C 00 3C FF 04 00 02 01 - 15 00 00 3D 00 3B 00 3D  <.<........=.;.=
000066D0  00 3B 00 10 14 14 04 01 - 15 FF 04 00 3B 00 00 00  .;..........;...
000066E0  3B 00 15 01 02 03 02 15 - 00 00 3C F2 3B F6 3C F2  ;.........<.;.<.
000066F0  3B 00 15 03 04 04 01 15 - 00 00 3B 00 3D 00 3B 00  ;.........;.=.;.
00006700  3D 00 15 01 02 04 02 15 - 00 00 3B 00 00 00 3B 00  =.........;...;.
00006710  00 00 15 03 04 03 02 15 - 00 00 3B 00 3C 00 3B 00  ..........;.<.;.
00006720  3C 00 15 01 02 04 01 15 - 00 00 3D 00 3B 00 3D 00  <.........=.;.=.
00006730  3B 00 15 03 04 01 02 15 - 00 10 FF 08 14 4B 01 02  ;............K..
00006740  FF 0D 14 49 01 02 00 00 - 47 47 47 FF 05 00 30 31  ...I....GGG...01
00006750  00 15 03 04 14 11 FF 08 - 00 32 33 00 15 01 02 01  .........23.....
00006760  15 FF 0B 00 15 04 03 02 - 15 FF 0B 00 15 05 01 03  ................
00006770  15 FF 05 00 A0 A1 FF 04 - 00 15 02 03 04 15 FF 05  ................
00006780  00 A2 A3 00 23 24 00 15 - 05 04 01 15 FF 05 00 A4  ....#$..........
00006790  A5 00 25 26 00 15 01 02 - 02 15 FF 04 00 10 FF 06  ..%&............
000067A0  14 4B 03 03 03 15 FF 04 - 00 15 01 02 03 04 05 01  .K..............
000067B0  02 01 02 01 02 03 04 03 - 02 01 04 03 02 01 05 04  ................
000067C0  03 01 02 01 01 02 03 48 - FF 0B 14 02 01 03 02 15  .......H........
000067D0  00 4E 4F FF 08 00 03 48 - 14 14 13 00 50 51 FF 08  .NO....H....PQ..
000067E0  00 04 15 FF 04 00 52 53 - FF 08 00 01 15 FF 0E 00  ......RS........
000067F0  02 15 00 00 8D FF 05 00 - 8D E9 8D 00 00 00 03 15  ................
00006800  00 8D 8F 8D 00 8D 00 8D - 8F 8D 8F 8D 00 00 04 4A  ...............J
00006810  14 14 49 8F 8D 8F 8D 8F - 8D 8F 48 14 14 14 01 02  ..I.......H.....
00006820  03 01 15 8D 8F 8D 8F 8D - 8F 8D 15 01 02 03 01 02  ................
00006830  03 04 05 02 03 04 05 01 - 02 03 04 05 02 01 FF 06  ................
00006840  14 9A 9B 9C FF 05 14 49 - 01 FF 07 00 47 FF 06 00  .......I....G...
00006850  15 02 FF 0E 00 15 03 FF - 0C 00 0B 00 15 04 FF 06  ................
00006860  00 A0 A1 FF 04 00 0A 00 - 15 05 FF 04 00 46 46 A2  .............FF.
00006870  A3 46 00 00 00 09 00 15 - 02 00 00 E9 00 4E 4F A4  .F...........NO.
00006880  A5 4E 4F 00 06 07 08 15 - 03 14 14 14 9A FF 06 9B  .NO.............
00006890  9C 14 14 14 4B 04 05 02 - 03 04 05 01 02 03 01 02  ....K...........
000068A0  02 03 04 05 02 05 04 02 - 03 04 02 01 03 04 01 02  ................
000068B0  05 04 01 02 03 01 03 01 - 48 FF 0D 14 01 02 15 FF  ........H.......
000068C0  07 00 FF 05 F8 00 02 03 - 15 00 00 10 14 14 2E 2F  .............../
000068D0  2E FF 05 14 05 01 15 00 - 00 15 FE FF 05 00 FC 19  ................
000068E0  1A 1B 03 04 15 00 00 12 - 14 14 2F 2E 2F 14 14 14  .........././...
000068F0  49 02 01 02 15 FF 0B 00 - 15 04 03 04 15 00 00 00  I...............
00006900  93 00 93 00 93 00 00 00 - 15 03 01 02 4A FF 09 14  ............J...
00006910  11 00 15 02 01 02 03 05 - 01 02 03 04 01 02 03 04  ................
00006920  15 00 15 04 01 15 01 02 - 03 04 01 02 03 04 01 03  ................
00006930  04 01 02 03 14 13 34 35 - 36 37 35 36 37 35 34 35  ......4567567545
00006940  34 36 35 34 FF 0E 00 48 - 14 14 11 FF 0C 00 15 01  4654...H........
00006950  01 15 FF 0C 00 15 02 02 - 15 FF 0C 00 15 03 03 15  ................
00006960  FF 0C 00 15 04 05 15 FF - 0C 00 15 05 04 15 FF 0C  ................
00006970  00 15 01 01 15 ED ED ED - FF 09 00 15 02 01 02 9D  ................
00006980  00 15 01 02 01 02 04 01 - 02 03 04 01 03 03 04 9F  ................
00006990  00 15 01 02 03 04 01 02 - 03 04 01 02 02 78 78 79  .............xxy
000069A0  00 12 14 14 14 9A 9B 9C - 14 14 14 49 01 01 79 FF  ...........I..y.
000069B0  0C 00 15 04 02 9D FF 0C - 00 9D 03 03 9E FF 0C 00  ................
000069C0  9E 01 04 9E FF 0C 00 9F - 01 04 9F FF 0C 00 15 04  ................
000069D0  01 79 78 79 FF 08 00 10 - 14 4B 04 02 03 04 9D 00  .yxy.....K......
000069E0  00 ED ED ED 00 00 00 15 - 01 02 03 04 15 00 00 00  ................
000069F0  F9 15 01 02 03 04 01 02 - 03 04 01 01 9D 00 00 00  ................
00006A00  F9 15 02 03 04 01 02 03 - 04 01 02 02 9E 00 00 00  ................
00006A10  F9 15 03 04 01 02 03 04 - 02 02 03 03 9E FF 04 00  ................
00006A20  12 14 9A 9B 9B 9C FF 04 - 14 04 9E FF 0E 00 01 9E  ................
00006A30  FF 06 00 91 00 91 00 10 - 14 14 14 02 9E 00 A0 A1  ................
00006A40  00 00 00 92 93 92 93 15 - 04 04 04 03 9F 00 A2 A3  ................
00006A50  10 FF 06 14 4B 04 04 04 - 01 15 EB A4 A5 15 01 02  ....K...........
00006A60  03 04 01 02 03 04 04 04 - 02 4A 14 14 14 4B 01 02  .........J...K..
00006A70  03 04 04 04 01 04 04 04 - 01 02 03 04 15 FF 07 00  ................
00006A80  15 01 02 03 01 48 14 14 - 13 FF 07 00 15 01 02 01  .....H..........
00006A90  02 15 FF 0A 00 12 14 49 - 02 14 13 FF 0C 00 9E 03  .......I........
00006AA0  EE EE FF 0C 00 9E 04 14 - 11 FF 0C 00 9E 05 01 15  ................
00006AB0  FF 0A 00 10 14 4B 02 02 - 15 00 EA FF 08 00 15 02  .....K..........
00006AC0  01 01 03 4A 9A 9B 9C 11 - 0C 0D 80 81 82 0E 15 02  ...J............
00006AD0  01 05 01 02 03 04 05 15 - 02 03 04 05 01 02 15 04  ................
00006AE0  05 01 03 02 01 04 03 02 - 01 04 03 02 01 03 04 02  ................
00006AF0  01 01 04 48 14 9A 9B 9C - 14 9A 9B 9C FF 06 14 01  ...H............
00006B00  15 FF 09 00 2F 2E 2F 2E - 00 02 15 00 97 98 FF 05  ...././.........
00006B10  00 2F 2E 48 14 14 14 03 - 15 00 00 3C FF 04 00 2F  ./.H.......<.../
00006B20  2E 2F 15 03 05 01 04 15 - 00 00 3B 00 00 00 2F 2E  ./........;.../.
00006B30  2F 2E 15 02 01 04 04 15 - E9 EA 3D 00 2E 2F 2E 2F  /.........=.././
00006B40  2E 2F 4A 14 49 02 01 4A - FF 04 14 49 2E 2F 2E 2F  ./J.I..J...I././
00006B50  2E 2F 2E 15 03 02 04 01 - 02 03 04 15 00 2E 2F 2E  ./............/.
00006B60  2F 2E 00 15 03 03 01 02 - 03 04 05 9D FF 07 00 15  /...............
00006B70  04 03 02 04 05 01 02 03 - 04 05 01 02 03 15 00 15  ................
00006B80  03 FF 0C 14 13 00 15 03 - FF 0E 00 15 02 14 14 11  ................
00006B90  2E 10 FF 04 14 11 FF 04 - 00 15 01 02 03 15 2F 15  ............../.
00006BA0  01 02 03 04 15 00 48 14 - 14 4B 04 05 01 15 2E 15  ......H..K......
00006BB0  04 02 05 01 15 00 15 01 - 05 01 05 48 14 13 2F 12  ...........H../.
00006BC0  FF 04 14 13 00 15 01 02 - 02 04 15 00 00 00 FF 06  ................
00006BD0  FA 00 15 03 04 03 03 4A - FF 0A 14 4B 05 01 04 02  .......J...K....
00006BE0  01 02 03 05 01 02 03 04 - 05 02 03 04 02 03 05 01  ................
00006BF0  02 15 FF 0C 00 15 03 05 - 15 8D 8F 8D 8F 8D 8F 8D  ................
00006C00  8F 8D 8F 8D 8F 15 04 02 - 15 8E 8D 8F 8D 8F 8D 8F  ................
00006C10  8D 8F 8D 8E 8D 15 04 03 - 15 00 00 8D 00 8D 00 8D  ................
00006C20  00 8D 00 00 00 15 01 04 - 15 FF 0A 00 27 28 15 02  ............'(..
00006C30  05 15 FF 0A 00 29 2A 15 - 03 03 15 FF 0A 00 4E 4F  .....)*.......NO
00006C40  15 04 02 15 FF 09 00 10 - 14 14 4B 01 04 15 FF 09  ..........K.....
00006C50  00 15 01 02 03 02 05 15 - ED ED ED FF 06 00 15 03  ................
00006C60  04 01 02 01 02 03 15 FF - 08 00 15 01 02 03 04 05  ................
00006C70  01 15 FF 08 00 15 04 05 - 01 02 48 14 13 FF 08 00  ..........H.....
00006C80  12 14 14 14 03 15 FF 0B - 00 30 31 00 04 15 FF 0B  .........01.....
00006C90  00 32 33 00 05 15 FF 0A - 00 0B 00 00 00 01 15 FF  .23.............
00006CA0  06 00 A0 A1 00 00 0A 00 - 00 00 02 4A 14 11 00 00  ...........J....
00006CB0  23 24 A2 A3 00 00 09 00 - 00 00 03 01 02 15 00 00  #$..............
00006CC0  25 26 A4 A5 00 06 07 08 - 00 00 04 03 04 15 19 1A  %&..............
00006CD0  1B 1B 1C 19 1A FF 05 1B - 01 02 04 03 15 16 17 18  ................
00006CE0  16 17 18 16 17 15 01 02 - 01 02 03 04 15 FF 08 00  ................
00006CF0  15 03 04 FF 04 14 13 FF - 08 00 12 14 14 00 00 00  ................
00006D00  1D FF 0A 00 1F FF 1E 00 - EC EC EC 00 00 00 23 24  ..............#$
00006D10  FF 0E 00 25 26 FF 0E 00 - 4C 4D 00 00 00 E9 00 EA  ...%&...LM......
00006D20  FF 05 00 FF 05 1B 1C 19 - 16 17 18 16 17 18 16 17  ................
00006D30  18 01 02 03 15 01 02 03 - 04 01 02 03 04 02 03 04  ................
00006D40  05 04 05 04 15 34 35 36 - 37 35 34 35 36 37 4E 4F  .....456754567NO
00006D50  36 14 14 14 13 FF 09 00 - 50 51 FF 0E 00 52 53 FF  6.......PQ...RS.
00006D60  2F 00 A0 A1 FF 08 00 27 - 28 00 46 46 00 A2 A3 FF  /......'(.FF....
00006D70  08 00 29 2A 46 4C 4D 46 - A4 A5 16 17 18 16 17 18  ..)*FLMF........
00006D80  19 1A FF 08 1B 01 01 15 - 03 01 02 9E FF 07 00 15  ................
00006D90  01 34 00 15 03 04 05 9E - FF 07 00 15 02 00 00 15  .4..............
00006DA0  01 02 03 9F FF 07 00 15 - 03 00 00 15 04 05 01 15  ................
00006DB0  FF 07 00 15 04 00 00 12 - 14 14 14 13 FF 07 00 15  ................
00006DC0  01 FF 0C 00 94 95 15 02 - 00 00 96 00 91 00 91 FF  ................
00006DD0  05 00 3C 00 15 03 00 00 - 15 93 92 93 92 0C 0D 0E  ..<.............
00006DE0  0D 0E 3D 0C 15 04 00 00 - 15 01 01 01 02 03 04 05  ..=.............
00006DF0  01 02 03 04 15 01 1C 19 - 15 02 03 01 02 03 04 05  ................
00006E00  01 02 03 04 15 02 01 15 - 01 02 03 04 3B 02 3B 04  ............;.;.
00006E10  3B 02 3B 04 15 01 02 15 - 35 4E 4F 35 3B 35 3B 35  ;.;.....5NO5;5;5
00006E20  3B 35 3D 34 15 02 03 15 - 00 50 51 00 3D 00 3B 00  ;5=4.....PQ.=.;.
00006E30  3D 00 47 00 15 03 04 15 - 00 52 53 00 47 00 3D 00  =.G......RS.G.=.
00006E40  47 00 00 00 15 04 01 15 - FF 06 00 47 FF 05 00 15  G..........G....
00006E50  01 02 15 FF 0C 00 15 02 - 03 15 FF 0C 00 12 14 04  ................
00006E60  15 FF 09 00 E9 E9 00 00 - 00 01 15 FF 05 00 46 00  ..............F.
00006E70  46 00 16 17 18 16 17 02 - 15 00 00 00 19 1A FF 07  F...............
00006E80  1B 1C 19 01 15 FF 09 00 - 15 01 02 03 04 02 15 FF  ................
00006E90  09 00 15 04 05 01 02 03 - 15 FF 09 00 12 14 14 14  ................
00006EA0  49 04 15 FF 0A 00 30 31 - 00 15 05 15 00 00 00 A0  I.....01........
00006EB0  A1 FF 05 00 32 33 00 15 - 01 15 00 00 00 A2 A3 FF  ....23..........
00006EC0  08 00 15 14 13 23 24 00 - A4 A5 FF 08 00 15 00 00  .....#$.........
00006ED0  25 26 00 4E 4F FF 08 00 - 15 19 1A FF 05 1B 1C 19  %&.NO...........
00006EE0  16 17 18 16 17 18 15 01 - 02 03 04 01 02 03 04 01  ................
00006EF0  02 03 04 01 02 03 15 01 - 15 01 02 03 04 15 01 02  ................
00006F00  03 15 05 04 03 02 01 02 - 15 34 35 36 37 15 04 01  .........4567...
00006F10  02 15 34 35 36 37 34 03 - 15 FF 04 00 12 14 14 14  ..45674.........
00006F20  13 FF 05 00 04 15 FF 05 - 00 47 47 FF 07 00 01 15  .........GG.....
00006F30  00 85 83 84 86 FF 09 00 - 02 15 00 8B 00 00 87 FF  ................
00006F40  09 00 03 15 00 87 00 00 - 8B FF 09 00 04 15 00 87  ................
00006F50  00 00 87 00 46 46 FF 06 - 00 01 15 00 88 89 8A 88  ....FF..........
00006F60  00 4C 4D 16 17 18 16 17 - 18 02 9A FF 0D 9B 9C 01  .LM.............
00006F70  02 03 04 01 02 03 04 01 - 02 01 04 01 02 03 04 34  ...............4
00006F80  35 36 37 34 35 35 36 34 - 3C 35 3C 36 34 35 34 FF  56745564<5<6454.
00006F90  09 00 3B 00 3B FF 0D 00 - 3B F2 3D FF 04 00 EE FF  ..;.;...;.=.....
00006FA0  08 00 3B FF 0F 00 3D 00 - 3C FF 0F 00 3B FF 08 00  ..;...=.<...;...
00006FB0  EB FF 04 00 3C 00 3B FF - 04 00 16 17 18 16 17 18  ....<.;.........
00006FC0  16 17 18 3D 00 3D 16 17 - 16 17 FF 10 14 01 04 01  ...=.=..........
00006FD0  02 04 03 02 01 04 03 02 - 01 04 02 03 01 34 35 36  .............456
00006FE0  37 34 35 35 35 36 37 34 - 35 36 37 34 34 EE EE EE  7455567456744...
00006FF0  FF 1C 00 96 FF 0F 00 15 - 00 00 00 A0 A1 FF 0A 00  ................
00007000  15 00 00 00 A2 A3 00 00 - 46 46 00 46 46 00 00 00  ........FF.FF...
00007010  15 00 00 00 A4 A5 00 00 - 4E 4F 46 4E 4F 00 00 00  ........NOFNO...
00007020  15 19 1A FF 0A 1B 1C 19 - 1A 4B 01 02 03 04 05 01  .........K......
00007030  02 03 04 05 01 02 03 04 - 05 04 01 02 03 04 01 02  ................
00007040  03 04 01 04 01 01 02 01 - 02 01 FF 07 14 49 02 03  .............I..
00007050  02 04 03 04 03 04 FF 07 - 00 15 03 02 05 03 04 03  ................
00007060  04 03 7B FF 06 00 15 FF - 04 01 02 05 03 05 7C FF  ..{...........|.
00007070  06 00 15 01 04 02 02 05 - 01 02 01 7D FF 06 00 15  ...........}....
00007080  02 02 02 05 02 02 03 02 - 7F FF 06 00 12 FF 08 14  ................
00007090  98 FF 0F 00 96 FF 06 00 - 91 E9 91 E9 91 E9 91 E9  ................
000070A0  10 15 19 1A 1B 1B 1C 19 - 92 93 92 93 92 93 92 93  ................
000070B0  15 01 15 00 00 00 7B 01 - 03 02 01 02 03 04 01 01  ......{.........
000070C0  03 02 15 00 00 00 7C 01 - 02 48 FF 05 14 49 04 03  ......|..H...I..
000070D0  15 00 00 00 7D 03 04 15 - 2E 00 2E 00 2E 15 01 01  ....}...........
000070E0  15 00 00 00 7D 02 02 15 - 2F E9 2F E9 2F 15 02 05  ....}.../././...
000070F0  15 00 00 00 12 14 14 4B - 2E 2F 2E 2F 2E 15 03 05  .......K././....
00007100  15 A0 A1 00 00 2E 2F 2E - 2F 2E 00 2E 00 15 04 14  .....././.......
00007110  13 A2 A3 00 00 2F 2E 2F - 2E 2F EA 2F EB 15 05 00  ....././././....
00007120  00 A4 A5 00 00 2E 2F 2E - 2F 2E 2F 2E 2F 15 01 FF  .....././././...
00007130  0E 14 4B 02 01 02 03 04 - 05 01 02 03 04 05 01 02  ..K.............
00007140  03 04 03 04 FF A0 00 01 - 02 03 3B 05 3B 02 03 04  ..........;.;...
00007150  05 01 A9 03 04 05 01 01 - 48 A8 3B A8 3B FF 05 A8  ........H.;.;...
00007160  13 34 35 36 37 02 A9 47 - 3D 00 3B 00 00 4E 4F FF  .4567..G=.;..NO.
00007170  06 00 03 A9 00 47 00 3D - 00 00 50 51 FF 06 00 04  .....G.=..PQ....
00007180  A9 00 00 00 47 00 00 52 - 53 FF 06 00 05 A9 FF 0E  ....G..RS.......
00007190  00 01 A9 FF 06 00 27 28 - FF 06 00 02 A9 FF 06 00  ......'(........
000071A0  29 2A FF 06 00 03 A9 FF - 05 00 10 14 14 14 11 0C  )*..............
000071B0  0D 0E 0F 04 A9 FF 05 00 - 15 01 02 03 15 05 01 02  ................
000071C0  03 01 02 03 04 05 01 02 - 03 04 05 01 02 03 04 15  ................
000071D0  01 34 35 A6 A7 34 A6 A7 - 34 35 36 34 35 37 34 15  .45..4..4564574.
000071E0  01 00 00 47 47 00 47 47 - FF 07 00 15 02 FF 0E 00  ...GG.GG........
000071F0  15 03 FF 0E 00 15 04 FF - 0B 00 10 14 14 4B 01 FF  .............K..
00007200  0B 00 15 01 02 03 01 00 - 00 46 46 EB 46 46 FF 04  .........FF.FF..
00007210  00 15 04 05 01 02 0C 0D - 4E 4F 0D 4E 4F 0E 0C 0D  ........NO.NO...
00007220  0E 15 02 03 04 03 01 02 - 03 04 01 02 03 04 05 01  ................
00007230  02 15 04 05 02 04 01 02 - 03 04 01 02 03 04 05 01  ................
00007240  02 05 04 01 02 03 04 48 - FF 0E A8 03 A9 00 1D 1F  .......H........
00007250  00 00 30 31 FF 07 00 02 - A9 FF 05 00 32 33 00 00  ..01........23..
00007260  00 FF 04 EC 01 A9 FF 0E - 00 05 A9 FF 0E 00 04 A9  ................
00007270  FF 0E 00 03 A9 FF 0D 00 - 7B 02 A9 FF 0D 00 7C 01  ........{.....|.
00007280  A9 FF 0D 00 7D 01 02 A9 - 19 1A FF 0B 1B A8 A8 13  ....}...........
00007290  FF 29 00 FF 04 EC FF 21 - 00 EA FF 0E 00 14 14 11  .).....!........
000072A0  FF 0D 00 02 03 15 00 00 - EB FF 0A 00 01 02 15 19  ................
000072B0  1A 1B 1C 19 18 16 17 18 - 16 17 18 16 FF 05 1B 1C  ................
000072C0  19 1A FF 08 1B 00 00 00 - 30 31 00 00 00 A6 A7 FF  ........01......
000072D0  09 00 32 33 00 00 00 47 - 47 FF 22 00 FF 04 EC FF  ..23...GG.".....
000072E0  38 00 0C 0D 0C 0D 0E 0C - 0E 0E 17 18 16 17 18 16  8...............
000072F0  17 0C 02 03 04 05 02 03 - 01 01 FF 05 1B 1C 19 15  ................
00007300  01 02 03 04 05 01 02 03 - FF 07 00 12 FF 06 14 49  ...............I
00007310  04 FF 0C 00 F8 2F 15 05 - FF 0C 00 2F 2E 15 01 FF  ...../...../....
00007320  0A 00 F8 2F 2E 2F 15 02 - FF 0A 00 2F 2E 2F 2E 15  ..././....././..
00007330  04 00 00 00 46 46 00 00 - 00 F8 2F 2E 2F 2E 2F 15  ....FF..../././.
00007340  03 00 00 00 4C 4D 00 F8 - 00 2F 2E 2F 2E 2F 2E 15  ....LM.../././..
00007350  01 0E 0C 10 FF 09 A8 49 - 2F 15 02 01 02 A9 04 05  .......I/.......
00007360  02 03 04 05 02 04 05 A9 - 2E 15 02 05 01 02 03 04  ................
00007370  05 01 02 03 04 05 01 02 - 03 02 01 04 48 FF 0E A8  ............H...
00007380  03 15 00 A6 A7 00 A6 A7 - 00 A6 A7 00 A6 A7 00 00  ................
00007390  02 15 00 47 47 00 47 47 - 00 47 47 00 47 47 00 7B  ...GG.GG.GG.GG.{
000073A0  01 15 FF 0D 00 7D 05 15 - E9 EA EB FF 0A 00 7E 04  .....}........~.
000073B0  4A 14 14 14 11 FF 09 00 - 7E 03 01 02 03 04 15 FF  J.......~.......
000073C0  09 00 7D 02 48 14 14 14 - 13 FF 09 00 7C 01 15 FF  ..}.H.......|...
000073D0  0D 00 7D 01 02 03 04 05 - 01 02 03 04 01 03 03 04  ..}.............
000073E0  05 7C 01 19 1A 1B 1B 1B - 1C 19 1A FF 04 1B 1C 19  .|..............
000073F0  7C 01 FF 08 00 47 00 30 - 31 00 00 7D 02 14 14 11  |....G.01..}....
00007400  FF 07 00 32 33 00 00 7E - 03 01 02 15 FF 0B 00 7C  ...23..~.......|
00007410  04 03 05 15 FF 0B 00 7D - 05 01 04 15 FF 0B 00 7E  .......}.......~
00007420  01 02 03 15 FF 0B 00 7C - 02 04 05 15 FF 0B 00 7D  .......|.......}
00007430  03 01 02 15 FF 04 ED FF - 07 00 7E 04 01 A9 EF EF  ..........~.....
00007440  EF 00 00 15 02 03 04 15 - 01 02 03 04 01 A9 FF 05  ................
00007450  00 15 01 02 03 15 34 35 - 36 34 02 A9 FF 05 00 12  ......4564......
00007460  14 14 14 13 FF 04 00 03 - A9 FF 06 00 30 31 FF 06  ............01..
00007470  00 04 A9 FF 06 00 32 33 - FF 06 00 05 A9 FF 0E 00  ......23........
00007480  01 A9 00 23 24 FF 0B 00 - 02 A9 22 25 26 20 FF 0A  ...#$....."%& ..
00007490  00 03 4A FF 04 A8 11 FF - 09 00 04 01 02 03 04 01  ..J.............
000074A0  A9 16 17 18 16 17 18 16 - 17 18 01 01 02 03 3B 05  ..............;.
000074B0  3B 03 3B 05 01 15 03 04 - 05 01 34 36 34 35 3D 37  ;.;.......4645=7
000074C0  3B 35 3B 37 34 15 01 02 - 03 04 FF 04 00 47 E9 3D  ;5;74........G.=
000074D0  EA 3B EB 00 12 A8 A8 49 - 01 FF 06 00 47 00 3D FF  .;.....I....G.=.
000074E0  05 00 A9 02 FF 08 00 47 - FF 05 00 A9 03 FF 0E 00  .......G........
000074F0  A9 04 FF 0E 00 A9 05 FF - 0E 00 A9 01 FF 0E 00 A9  ................
00007500  02 16 17 18 19 FF 04 ED - FF 06 00 A9 02 01 A9 EF  ................
00007510  EF EF FF 0A 00 9D 02 A9 - FF 0D 00 9E 03 A9 FF 0D  ................
00007520  00 9E 04 A9 FF 0D 00 9E - 05 A9 FF 05 00 27 28 FF  .............'(.
00007530  06 00 9E 01 A9 FF 05 00 - 29 2A FF 06 00 9E 02 4A  ........)*.....J
00007540  A8 A8 9A 9B 9C A8 A8 11 - FF 05 00 9F 03 01 02 03  ................
00007550  04 05 01 02 03 A9 00 00 - 00 10 14 14 04 48 A8 A8  .............H..
00007560  9A 9B 9C A8 A8 13 00 00 - 00 15 01 02 05 A9 FF 0B  ................
00007570  00 15 03 04 01 9D 16 17 - 18 16 17 18 16 17 18 15  ................
00007580  04 03 02 01 02 9E FF 09 - 00 12 FF 04 14 03 9E FF  ................
00007590  0E 00 04 9E FF 0C 00 3C - 00 05 9E FF 0C 00 3B 00  .......<......;.
000075A0  01 9E FF 0C 00 3B 00 02 - 9E FF 0C 00 3B 00 03 9E  .....;......;...
000075B0  FF 0C 00 3D 00 04 9E FF - 0B 00 10 14 14 05 9E ED  ...=............
000075C0  ED ED FF 08 00 15 01 02 - 01 02 03 04 05 01 02 03  ................
000075D0  04 05 01 02 03 02 01 01 - FF 05 14 9A 9B 9B 9C 14  ................
000075E0  14 14 49 01 02 03 00 00 - 00 FF 06 FE 00 00 00 15  ..I.............
000075F0  01 04 03 FF 0C 00 15 02 - 01 04 FF 0C 00 12 14 14  ................
00007600  14 97 98 FF 0F 00 3C FF - 0A 00 91 00 91 00 00 3D  ......<........=
00007610  FF 0A 00 92 93 92 93 FF - 05 14 9A 9B 9B 9C FF 07  ................
00007620  14 01 03 02 04 01 02 03 - 04 05 01 02 03 04 01 02  ................
00007630  03 01 02 A9 01 02 03 3B - 34 A9 01 02 03 A9 00 15  .......;4.......
00007640  01 03 04 A9 34 35 36 3B - 00 A9 04 05 01 A9 00 15  ....456;........
00007650  02 05 01 A9 00 00 00 3B - F3 12 A8 A8 A8 13 00 15  .......;........
00007660  03 04 02 A9 00 00 00 3B - FF 07 00 15 04 14 14 13  .......;........
00007670  00 00 00 3D 00 3C FF 05 - 00 15 05 FF 04 00 A0 A1  ...=.<..........
00007680  00 00 3B FF 05 00 15 01 - 91 00 00 00 A2 A3 3C 00  ..;...........<.
00007690  3B FF 05 00 15 02 92 93 - 00 00 A4 A5 3D 00 3B FF  ;...........=.;.
000076A0  05 00 15 03 FF 04 14 9A - 9B 9C 11 3D 80 81 82 10  ...........=....
000076B0  14 4B 01 01 02 03 04 05 - 01 02 15 04 05 01 02 15  .K..............
000076C0  04 05 01 05 A9 EF EF EF - FF 0A 00 7E 04 A9 FF 0D  ...........~....
000076D0  00 7C 03 A9 FF 0D 00 7D - 02 A9 FF 0D 00 7E 01 A9  .|.....}.....~..
000076E0  FF 0D 00 7C 04 A9 FF 0D - 00 7D 03 A9 00 46 46 00  ...|.....}...FF.
000076F0  00 00 46 46 FF 05 00 7E - 02 A9 46 4C 4D 00 46 00  ..FF...~..FLM.F.
00007700  4C 4D 46 FF 04 00 7C 01 - 4A FF 09 A8 11 00 00 00  LMF...|.J.......
00007710  7E 01 02 03 04 05 01 02 - 03 04 05 01 A9 00 00 00  ~...............
00007720  7F 01 02 15 FF 0B 00 7B - 01 03 04 15 00 8D FF 07  .......{........
00007730  00 8D 00 7C 02 05 01 9D - 8D 8F 8D FF 05 00 8D 8F  ...|............
00007740  8D 7D 03 02 03 9E 00 8D - FF 07 00 8D 00 7E 04 04  .}...........~..
00007750  05 9E FF 0B 00 7C 05 01 - 03 9E FF 0B 00 7D 01 04  .....|.......}..
00007760  02 9E FF 0B 00 7E 02 01 - 02 9F FF 0B 00 7E 03 03  .....~.......~..
00007770  04 15 FF 0B 00 7C 04 05 - 01 15 FF 04 ED FF 07 00  .....|..........
00007780  7D 05 01 01 01 02 03 04 - 05 01 02 03 15 01 02 A9  }...............
00007790  01 01 02 02 48 FF 07 14 - 13 34 36 A9 02 02 03 03  ....H....46.....
000077A0  15 FF 09 00 FD A9 03 03 - 04 04 15 FF 09 00 FD A9  ................
000077B0  04 04 05 01 15 FF 0A 00 - 12 A8 A8 01 02 15 FF 0D  ................
000077C0  00 02 03 15 FF 0D 00 03 - 04 15 FF 08 00 46 46 00  .............FF.
000077D0  00 00 04 05 15 FF 07 00 - 10 FF 05 A8 01 01 15 FF  ................
000077E0  07 00 A9 01 04 03 02 01 - 01 02 01 A9 FF 0A 00 A9  ................
000077F0  01 01 02 03 A9 8D E9 8D - E9 8D E9 8D E9 8D 00 A9  ................
00007800  01 02 04 03 A9 8F 8D 8F - 8D 8F 8D 8F 8D 8F 8D 9D  ................
00007810  02 03 02 04 A9 8D 00 8D - 00 8D 00 8D 00 8D 00 9E  ................
00007820  03 A8 A8 A8 13 FF 0A 00 - 9E 04 2E EA 2E EB 2E 2F  .............../
00007830  FF 04 00 94 95 00 00 9F - 05 91 8D 91 8D 91 2E FF  ................
00007840  04 00 96 00 00 00 A9 01 - 92 93 92 93 92 2F FF 04  ............./..
00007850  00 99 00 00 00 A9 02 FF - 04 A8 9A FF 04 9B 9C FF  ................
00007860  04 A8 4B 03 01 02 03 04 - 05 01 02 03 04 05 01 02  ..K.............
00007870  03 04 05 01 01 A9 EF EF - EF FF 08 00 15 01 01 02  ................
00007880  A9 FF 0B 00 15 01 02 03 - A9 FF 0B 00 15 03 04 04  ................
00007890  A9 FF 0B 00 9D 05 01 05 - A9 FF 0B 00 9E 02 03 01  ................
000078A0  A9 A0 A1 FF 09 00 9E 04 - 05 02 A9 A2 A3 00 23 24  ..............#$
000078B0  FF 06 00 9F 01 02 03 A9 - A4 A5 00 25 26 FF 06 00  ...........%&...
000078C0  15 03 04 04 4A FF 08 A8 - 11 00 00 15 05 01 05 05  ....J...........
000078D0  01 02 03 04 01 02 03 04 - A9 00 00 15 02 03 01 A9  ................
000078E0  FF 0B 00 15 01 02 02 A9 - 2E 2F 2E 2F 2E 2F 2E 2F  ........././././
000078F0  2E 2F 2E 15 03 05 03 A9 - 8D 8F 8D 8F 8D 8F 8D 8F  ./..............
00007900  8D 8F 8D 12 14 14 04 A9 - 00 8D 00 8D 00 8D 00 8D  ................
00007910  00 8D 00 00 30 31 05 A9 - FF 0C 00 32 33 01 A9 FF  ....01.....23...
00007920  06 00 46 46 FF 06 00 03 - A9 FF 05 00 46 4C 4D 46  ..FF........FLMF
00007930  FF 05 00 03 A9 00 00 00 - 46 9A FF 04 9B 9C 46 00  ........F.....F.
00007940  00 00 01 4A A8 A8 A8 9A - FF 06 9B 9C A8 A8 A8 01  ...J............
00007950  02 03 04 05 01 02 03 04 - 05 01 03 04 05 01 02 01  ................
00007960  02 03 04 15 01 02 03 04 - 05 01 02 03 04 03 04 05  ................
00007970  01 03 02 15 34 35 36 37 - 34 36 34 35 37 36 34 FF  ....45674645764.
00007980  04 14 13 FF 18 00 EC EC - EC FF 12 00 A0 A1 FF 0E  ................
00007990  00 A2 A3 00 46 46 00 46 - 46 00 00 27 28 FF 04 00  ....FF.FF..'(...
000079A0  A4 A5 46 4C 4D 46 4C 4D - 46 00 29 2A 00 00 FF 10  ..FLMFLMF.)*....
000079B0  A8 01 02 03 04 05 01 01 - 02 03 04 05 01 02 03 04  ................
000079C0  01 01 02 03 04 01 02 02 - 01 02 34 15 01 02 03 04  ..........4.....
000079D0  01 34 35 36 37 35 34 35 - 36 35 00 12 14 9A 9B 9C  .456754565......
000079E0  14 FF 1C 00 FF 04 EC FF - 40 00 FF 04 A8 11 0D 0E  ........@.......
000079F0  0C 0D 0C 10 14 9A 9B 9C - 14 01 02 03 04 A9 01 02  ................
00007A00  03 04 05 15 02 03 04 05 - 02 01 01 02 03 04 04 04  ................
00007A10  01 02 03 04 15 00 00 00 - 7C 14 9A FF 07 9B 9C 14  ........|.......
00007A20  13 00 00 00 7D FF 06 00 - 30 31 00 30 31 FF 04 00  ....}...01.01...
00007A30  7E FF 06 00 32 33 00 32 - 33 FF 04 00 7E FF 0F 00  ~...23.23...~...
00007A40  7D FF 0F 00 7C 00 00 00 - 27 28 FF 0A 00 7E 00 00  }...|...'(...~..
00007A50  00 29 2A FF 0A 00 7D 14 - 9A 9B 9C 14 11 0C 0D 0E  .)*...}.........
00007A60  0F 0C 0E 0F 0C 0E 7C 02 - 01 02 03 04 15 01 02 03  ......|.........
00007A70  04 05 01 02 03 04 7F 04 - 05 15 FF 0B 00 9D 01 01  ................
00007A80  02 15 00 00 A0 A1 FF 07 - 00 9E 02 03 04 15 23 24  ..............#$
00007A90  A2 A3 FF 07 00 9E 03 01 - 02 15 25 26 A4 A5 FF 07  ..........%&....
00007AA0  00 9E 04 03 04 4A FF 04 - 14 11 FF 06 00 9E 01 01  .....J..........
00007AB0  02 01 02 03 04 05 15 FF - 06 00 9E 02 05 04 48 FF  ..............H.
00007AC0  04 14 13 FF 06 00 9E 03 - 03 02 15 1D 00 00 1F FF  ................
00007AD0  07 00 9E 04 01 04 15 FF - 0B 00 9E 01 03 04 15 FF  ................
00007AE0  08 00 ED ED ED 9F 02 01 - 02 15 FF 07 00 A9 01 02  ................
00007AF0  03 04 05 03 04 15 FF 07 - 00 12 FF 05 A8 05 04 15  ................
00007B00  FF 08 00 30 31 00 00 00 - 14 14 13 FF 08 00 32 33  ...01.........23
00007B10  00 00 00 7B 1D FF 0B 00 - EC EC EC 7C 00 00 00 A0  ...{.......|....
00007B20  A1 FF 0A 00 7D 00 00 00 - A2 A3 FF 0A 00 7D 00 00  ....}........}..
00007B30  00 A4 A5 FF 0A 00 9A 9B - 9C 14 14 14 9A 9B 9C 14  ................
00007B40  14 14 9A 9B 9C 14 01 02 - 03 04 05 01 02 03 04 05  ................
00007B50  01 02 03 04 05 01 01 02 - 03 04 01 02 03 04 01 02  ................
00007B60  03 04 01 02 03 04 FF 06 - A8 9A 9B 9B 9B 9C FF 05  ................
00007B70  A8 FF 06 00 2B 2C 00 2B - 2C FF 0C 00 2D 00 00 2D  ....+,.+,...-..-
00007B80  FF 11 00 FF 04 EC FF 16 - 00 46 46 FF 0D 00 46 4C  .........FF...FL
00007B90  4D 46 FF 07 00 FF 04 14 - 9A FF 04 9B 9C FF 06 14  MF..............
00007BA0  01 02 03 04 05 01 02 03 - 04 05 01 02 03 04 05 01  ................
00007BB0  01 3B 03 3B 05 3B 02 3B - 04 3B A9 00 00 15 01 01  .;.;.;.;.;......
00007BC0  A8 3B A8 3B A8 3B A8 3B - A8 3B 13 00 00 15 01 01  .;.;.;.;.;......
00007BD0  00 3B 00 3B 00 3B 00 3B - 00 3B 00 00 00 15 02 01  .;.;.;.;.;......
00007BE0  00 3D 00 3B F1 3D 00 3B - F6 3D 00 00 00 15 03 02  .=.;.=.;.=......
00007BF0  00 EA F1 3B 00 8D F2 3B - 00 EB 00 00 00 15 04 01  ...;...;........
00007C00  00 3C 00 3D 00 3C 00 3D - 00 3C 00 00 00 15 05 03  .<.=.<.=.<......
00007C10  00 3B 00 8D 00 3B 00 8D - 00 3B 00 00 00 15 01 04  .;...;...;......
00007C20  00 3B 00 3C 00 3B 00 3C - 00 3B 00 00 00 15 02 01  .;.<.;.<.;......
00007C30  14 49 00 3B 00 3B 00 3B - 00 3B 00 00 00 15 03 05  .I.;.;.;.;......
00007C40  01 15 0D 3B 0D 3B 0F 3B - 0C 3B 0E 0C 0E 15 04 01  ...;.;.;.;......
00007C50  7B 02 03 04 3B 34 3B 36 - 3B 34 3B 36 3B 04 05 01  {...;4;6;4;6;...
00007C60  7C 34 35 36 3B 00 3B 00 - 3B 00 3B 00 3B 19 1A 1B  |456;.;.;.;.;...
00007C70  7D 00 00 00 3D 00 3B 00 - 3D 00 3B 00 3D 00 00 00  }...=.;.=.;.=...
00007C80  7E 00 00 00 8D F5 3B F2 - 8D F5 3B F2 8D 00 00 00  ~.....;...;.....
00007C90  7C 85 83 84 86 00 3D 00 - 3C 00 3D 00 3C 00 00 00  |.....=.<.=.<...
00007CA0  7D 87 00 00 87 00 8D 00 - 3B 00 8D 00 3B 00 46 00  }.......;...;.F.
00007CB0  7E 8B 00 00 8B 00 3C 00 - 3B 00 3C 00 3B 10 14 14  ~.....<.;.<.;...
00007CC0  7C 87 00 00 87 00 3B 00 - 3B 00 3B 00 3B 15 01 01  |.....;.;.;.;...
00007CD0  7D 88 89 8A 88 0C 3B 0F - 3B 0E 3B 0C 3B 15 05 02  }.....;.;.;.;...
00007CE0  7D 02 03 04 05 01 3B 03 - 3B 05 3B 02 3B 15 04 03  }.....;.;.;.;...
00007CF0  01 02 03 04 04 05 01 02 - 03 04 04 05 01 02 05 04  ................
00007D00  FF 06 1B 1C 19 1A FF 05 - 1B 1C 19 FF 04 EE 47 47  ..............GG
00007D10  00 00 00 47 47 FF 2B 00 - A0 A1 FF 08 00 14 14 14  ...GG.+.........
00007D20  11 23 24 A2 A3 FF 08 00 - 01 02 03 15 25 26 A4 A5  .#$.........%&..
00007D30  00 46 EA 46 EB 00 00 00 - 04 05 01 4A 14 14 14 9A  .F.F.......J....
00007D40  FF 04 9B 9C 14 14 14 01 - 02 03 04 05 01 02 03 04  ................
00007D50  05 01 05 02 01 05 01 01 - 02 03 04 04 01 03 04 05  ................
00007D60  01 A9 05 04 03 02 01 FF - 0A A8 13 34 35 36 37 34  ...........45674
00007D70  FF 04 EE FF 04 00 30 31 - FF 0E 00 32 33 FF 2E 00  ......01...23...
00007D80  27 28 FF 09 00 20 00 22 - 00 00 29 2A FF 06 00 FF  '(... ."..)*....
00007D90  0A 14 11 0C 0D 0E 0F 0C - 01 02 03 04 05 01 02 04  ................
00007DA0  03 01 15 02 01 03 02 01 - 01 02 03 04 05 01 02 03  ................
00007DB0  04 05 15 01 01 02 03 04 - 34 36 34 35 36 37 35 36  ........46456756
00007DC0  37 37 15 03 04 03 02 01 - FF 0A 00 15 03 01 02 03  77..............
00007DD0  04 FF 0A 00 15 04 04 03 - 02 01 FF 0A 00 12 FF 05  ................
00007DE0  14 97 98 FF 0F 00 91 FF - 08 00 91 00 91 00 91 00  ................
00007DF0  0C 92 0E 0E 80 81 82 0E - 0D 0C 92 93 92 93 92 93  ................
00007E00  01 02 03 04 02 02 03 04 - 05 01 02 01 04 03 02 01  ................
00007E10  01 02 03 04 04 01 02 03 - 04 05 01 03 04 03 02 03  ................
00007E20  01 02 15 FF 0B 00 15 01 - 03 04 15 FF 07 00 8D 8F  ................
00007E30  8D 00 15 02 01 02 4A FF - 05 14 11 FF 05 8D 9D 03  ......J.........
00007E40  03 04 01 02 03 04 05 01 - 15 8D 8F 8D 8F 8D 9E 04  ................
00007E50  14 14 9A 9B 9B 9C 14 14 - 13 00 8D 00 8D 00 9E 05  ................
00007E60  FF 0C 00 94 95 9F 01 91 - 00 91 00 91 FF 07 00 93  ................
00007E70  00 15 02 92 93 92 93 92 - FF 07 00 93 00 15 03 FF  ................
00007E80  05 A8 9A 9B 9B 9B 9C FF - 04 A8 4B 04 01 02 03 04  ..........K.....
00007E90  05 01 02 03 04 05 01 02 - 03 04 05 03 00 00 00 00  ................
00007EA0  00 00 00 00 00 10 10 10 - 10 00 10 00 00 24 24 00  .............$$.
00007EB0  00 00 00 00 00 10 00 00 - 00 00 00 00 00 10 00 00  ................
00007EC0  00 00 00 00 00 10 00 00 - 00 00 00 00 00 10 00 00  ................
00007ED0  00 00 00 00 08 08 10 00 - 00 00 00 00 00 1C 10 10  ................
00007EE0  10 10 1C 00 00 38 08 08 - 08 08 38 00 FF 81 BD A1  .....8....8.....
00007EF0  A1 BD 81 FF 00 00 08 08 - 3E 08 08 00 00 00 00 00  ........>.......
00007F00  00 08 08 10 00 00 00 7E - 00 00 00 00 00 00 00 00  .......~........
00007F10  00 00 18 00 00 02 04 08 - 10 20 40 00 00 7E 46 4A  ......... @..~FJ
00007F20  52 62 7E 00 00 10 30 10 - 10 10 7C 00 00 7E 02 7E  Rb~...0...|..~.~
00007F30  40 40 7E 00 00 7E 02 3C - 02 02 7E 00 00 42 42 7E  @@~..~.<..~..BB~
00007F40  02 02 02 00 00 7E 40 7E - 02 02 7E 00 00 7E 40 7E  .....~@~..~..~@~
00007F50  42 42 7E 00 00 7E 02 02 - 02 02 02 00 00 7E 42 7E  BB~..~.......~B~
00007F60  42 42 7E 00 00 7E 42 42 - 7E 02 02 00 00 00 00 38  BB~..~BB~......8
00007F70  38 00 38 38 00 00 38 38 - 00 38 38 70 00 1C 38 70  8.88..88.88p..8p
00007F80  E0 70 38 1C 00 00 FE 00 - 00 FE 00 00 00 70 38 1C  .p8..........p8.
00007F90  0E 1C 38 70 00 7C E6 0C - 38 38 00 38 00 7C E6 EE  ..8p.|..88.8.|..
00007FA0  EA EE E0 7C 00 7E 42 7E - 42 42 42 00 00 7E 42 7C  ...|.~B~BBB..~B|
00007FB0  42 42 7E 00 00 7E 40 40 - 40 40 7E 00 00 7C 42 42  BB~..~@@@@~..|BB
00007FC0  42 42 7E 00 00 7E 40 7E - 40 40 7E 00 00 7E 40 7E  BB~..~@~@@~..~@~
00007FD0  40 40 40 00 00 7E 42 40 - 46 42 7E 00 00 42 42 7E  @@@..~B@FB~..BB~
00007FE0  42 42 42 00 00 7C 10 10 - 10 10 7C 00 00 7C 10 10  BBB..|....|..|..
00007FF0  10 10 70 00 00 44 48 70 - 48 44 44 00 00 40 40 40  ..p..DHpHDD..@@@
00008000  40 40 7C 00 00 42 66 5A - 42 42 42 00 00 42 62 52  @@|..BfZBBB..BbR
00008010  4A 46 42 00 00 7E 42 42 - 42 42 7E 00 00 7E 42 42  JFB..~BBBB~..~BB
00008020  7E 40 40 00 00 7E 42 42 - 42 44 7A 00 00 7E 42 7E  ~@@..~BBBDz..~B~
00008030  48 44 42 00 00 7E 40 7E - 02 02 7E 00 00 7C 10 10  HDB..~@~..~..|..
00008040  10 10 10 00 00 42 42 42 - 42 42 7E 00 00 42 42 42  .....BBBBB~..BBB
00008050  42 24 18 00 00 42 42 42 - 5A 66 42 00 00 42 24 18  B$...BBBZfB..B$.
00008060  18 24 42 00 00 44 28 10 - 10 10 10 00 00 7E 04 08  .$B..D(......~..
00008070  10 20 7E 00 63 63 63 63 - 63 63 63 63 0E 3E 7E FE  . ~.cccccccc.>~.
00008080  00 FF 7F 0F C0 50 AC 55 - 00 FF FC E0 00 77 EF 5F  .....P.U.....w._
00008090  00 7B FB 7B 00 C0 BA 00 - 00 00 6A 00 00 40 20 10  .{.{......j..@ .
000080A0  08 04 02 01 00 02 04 08 - 10 20 40 00 00 02 3C 1C  ......... @...<.
000080B0  0C 24 40 00 80 40 3C 38 - 30 24 02 00 00 00 00 00  .$@..@<80$......
000080C0  7F 00 00 00 00 00 60 78 - 7E 78 60 00 00 07 0F 18  ......`x~x`.....
000080D0  32 36 36 34 00 C0 E0 30 - 18 18 18 18 34 30 30 30  2664...0....4000
000080E0  18 0F 07 00 18 58 58 98 - 30 E0 C0 00 1F 05 05 05  .....XX.0.......
000080F0  02 02 01 00 FF 84 84 84 - C8 C8 10 E0 01 02 02 04  ................
00008100  04 05 1F 00 10 08 08 44 - E4 F4 FF 00 00 00 00 00  .......D........
00008110  0C 3C FC FC 0C 3C FC FC - FC FC FC FC 00 00 00 00  .<...<..........
00008120  0C 3C FC 00 0C 3C FC FC - FC FC FC 00 FC FC FC FC  .<...<..........
00008130  FC FC FC 00 FC FC FC FC - FC FC FC 00 0E 3E 5E 6E  .............>^n
00008140  F6 FA FC 00 00 FF 00 FF - AA 55 00 00 70 7C 7A 76  .........U..p|zv
00008150  6F 5F 3F 00 00 FC FA F6 - 6E 5E 3E 0E 00 00 FF 00  o_?.....n^>.....
00008160  FF 55 AA 00 00 3F 5F 6F - 76 7A 7C 70 5A 5C 5A 5C  .U...?_ovz|pZ\Z\
00008170  5A 5C 5A 5C 7E 40 4A 54 - 4A 54 4A 54 00 34 38 34  Z\Z\~@JTJTJT.484
00008180  38 34 38 34 38 34 38 34 - 28 14 28 00 7E 40 4A 54  84848484(.(.~@JT
00008190  4A 54 4A 54 00 BF 00 5F - AA 55 00 00 00 00 BF 00  JTJT..._.U......
000081A0  AF 55 AA 00 00 00 00 00 - 00 00 00 00 00 00 00 00  .U..............
000081B0  00 00 00 00 00 00 00 00 - 00 00 00 00 00 00 00 00  ................
000081C0  00 00 00 00 00 00 00 00 - 00 00 00 00 00 00 00 00  ................
000081D0  00 00 00 00 00 00 00 00 - 00 00 00 00 00 00 00 00  ................
000081E0  00 00 00 00 00 00 00 00 - 00 00 00 00 00 00 00 00  ................
000081F0  00 00 00 00 00 00 00 00 - 00 00 00 00 00 00 00 00  ................
00008200  00 00 00 00 00 00 00 00 - 00 00 00 00 00 00 00 00  ................
00008210  00 00 00 00 00 00 00 00 - 00 00 00 00 00 00 00 00  ................
00008220  00 00 00 00 00 00 00 00 - 00 00 00 00 00 00 00 00  ................
00008230  00 00 00 00 00 00 00 00 - 00 00 00 00 00 00 00 00  ................
00008240  00 00 00 00 00 00 00 00 - 00 00 00 00 00 00 00 00  ................
00008250  00 00 00 00 00 00 00 00 - 00 00 00 00 00 00 00 00  ................
00008260  00 00 00 00 0E C0 00 3E - 50 00 7E AC 00 FE 55 00  .......>P.~...U.
00008270  00 00 00 FF FF 00 7F FC - 00 0F E0 00 00 00 00 77  ...............w
00008280  C0 00 EF BA 00 5F 00 00 - 00 00 00 7B 00 00 FB 6A  ....._.....{...j
00008290  00 7B 00 00 03 B0 00 0F - 94 00 1F AB 00 3F 95 40  .{...........?.@
000082A0  00 00 00 3F FF C0 1F FF - 00 03 F8 00 00 00 00 1D  ...?............
000082B0  F0 00 3B EE 80 17 C0 00 - 00 00 00 1E C0 00 3E DA  ..;...........>.
000082C0  80 1E C0 00 00 EC 00 03 - E5 00 07 EA C0 0F E5 50  ...............P
000082D0  00 00 00 0F FF F0 07 FF - C0 00 FE 00 00 00 00 07  ................
000082E0  7C 00 0E FB A0 05 F0 00 - 00 00 00 07 B0 00 0F B6  |...............
000082F0  A0 07 B0 00 00 3B 00 00 - F9 40 01 FA B0 03 F9 54  .....;...@.....T
00008300  00 00 00 03 FF FC 01 FF - F0 00 3F 80 00 00 00 01  ..........?.....
00008310  DF 00 03 BE E8 01 7C 00 - 00 00 00 01 EC 00 03 ED  ......|.........
00008320  A8 01 EC 00 03 70 00 0A - 7C 00 35 7E 00 AA 7F 00  .....p..|.5~....
00008330  00 00 00 FF FF 00 3F FE - 00 07 F0 00 00 00 00 03  ......?.........
00008340  EE 00 5D F7 00 00 FA 00 - 00 00 00 00 DE 00 56 DF  ..]...........V.
00008350  00 00 DE 00 00 DC 00 02 - 9F 00 0D 5F 80 2A 9F C0  ..........._.*..
00008360  00 00 00 3F FF C0 0F FF - 80 01 FC 00 00 00 00 00  ...?............
00008370  FB 80 17 7D C0 00 3E 80 - 00 00 00 00 37 80 15 B7  ...}..>.....7...
00008380  C0 00 37 80 00 37 00 00 - A7 C0 03 57 E0 0A A7 F0  ..7..7.....W....
00008390  00 00 00 0F FF F0 03 FF - E0 00 7F 00 00 00 00 00  ................
000083A0  3E E0 05 DF 70 00 0F A0 - 00 00 00 00 0D E0 05 6D  >...p..........m
000083B0  F0 00 0D E0 00 0D C0 00 - 29 F0 00 D5 F8 02 A9 FC  ........).......
000083C0  00 00 00 03 FF FC 00 FF - F8 00 1F C0 00 00 00 00  ................
000083D0  0F B8 01 77 DC 00 03 E8 - 00 00 00 00 03 78 01 5B  ...w.........x.[
000083E0  7C 00 03 78 07 E0 00 1F - E8 00 3F F4 00 7F EA 00  |..x......?.....
000083F0  7F D6 00 9F E9 00 E7 A7 - 00 F8 1F 00 FF FF 00 3C  ...............<
00008400  3C 00 DB DB 00 DB DB 00 - 00 00 00 00 00 00 00 00  <...............
00008410  00 00 00 00 01 F8 00 07 - FA 00 0F FD 00 1F FA 80  ................
00008420  1F F5 80 27 FA 40 39 E9 - C0 3E 07 C0 0F FF C0 37  ...'.@9..>.....7
00008430  0F 00 36 F6 C0 06 F6 C0 - 00 00 00 00 00 00 00 00  ..6.............
00008440  00 00 00 00 00 7E 00 01 - FE 80 03 FF 40 07 FE A0  .....~......@...
00008450  07 FD 60 09 FE 90 0E 7A - 70 0F 81 F0 0F C3 F0 03  ..`....zp.......
00008460  BD C0 0D BD B0 0D 81 B0 - 00 00 00 00 00 00 00 00  ................
00008470  00 00 00 00 00 1F 80 00 - 7F A0 00 FF D0 01 FF A8  ................
00008480  01 FF 58 02 7F A4 03 9E - 9C 03 E0 7C 03 FF F0 00  ..X........|....
00008490  F0 EC 03 6F 6C 03 6F 60 - 00 00 00 00 00 00 00 00  ...ol.o`........
000084A0  00 00 00 00 07 B0 00 1B - B0 00 3B C0 00 7D F0 00  ..........;..}..
000084B0  7D F0 00 FE C0 00 FE B0 - 00 FE B0 00 FE B0 00 FC  }...............
000084C0  B0 00 F6 C0 00 29 F0 00 - 55 F0 00 2B C0 00 1B B0  .....)..U..+....
000084D0  00 07 B0 00 01 EC 00 06 - EC 00 0E F0 00 1F 7C 00  ..............|.
000084E0  1F 7C 00 3F B0 00 3F AC - 00 3F AC 00 3F AC 00 3F  .|.?..?..?..?..?
000084F0  2C 00 3D B0 00 0A 7C 00 - 15 7C 00 0A F0 00 06 EC  ,.=...|..|......
00008500  00 01 EC 00 00 7B 00 01 - BB 00 03 BC 00 07 DF 00  .....{..........
00008510  07 DF 00 0F EC 00 0F EB - 00 0F EB 00 0F EB 00 0F  ................
00008520  CB 00 0F 6C 00 02 9F 00 - 05 5F 00 02 BC 00 01 BB  ...l....._......
00008530  00 00 7B 00 00 1E C0 00 - 6E C0 00 EF 00 01 F7 C0  ..{.....n.......
00008540  01 F7 C0 03 FB 00 03 FA - C0 03 FA C0 03 FA C0 03  ................
00008550  F2 C0 03 DB 00 00 A7 C0 - 01 57 C0 00 AF 00 00 6E  .........W.....n
00008560  C0 00 1E C0 00 00 00 00 - 00 00 00 00 00 00 00 00  ................
00008570  DB DB 00 DB DB 00 3C 3C - 00 FF FF 00 F8 1F 00 E7  ......<<........
00008580  A7 00 9F E9 00 7F D6 00 - 7F EA 00 3F F4 00 1F E8  ...........?....
00008590  00 07 E0 00 00 00 00 00 - 00 00 00 00 00 00 00 00  ................
000085A0  06 F6 C0 36 F6 C0 37 0F - 00 0F FF C0 3E 07 C0 39  ...6..7.....>..9
000085B0  E9 C0 27 FA 40 1F F5 80 - 1F FA 80 0F FD 00 07 FA  ..'.@...........
000085C0  00 01 F8 00 00 00 00 00 - 00 00 00 00 00 00 00 00  ................
000085D0  0D 81 B0 0D BD B0 03 BD - C0 0F C3 F0 0F 81 F0 0E  ................
000085E0  7A 70 09 FE 90 07 FD 60 - 07 FE A0 03 FF 40 01 FE  zp.....`.....@..
000085F0  80 00 7E 00 00 00 00 00 - 00 00 00 00 00 00 00 00  ..~.............
00008600  03 6F 60 03 6F 6C 00 F0 - EC 03 FF F0 03 E0 7C 03  .o`.ol........|.
00008610  9E 9C 02 7F A4 01 FF 58 - 01 FF A8 00 FF D0 00 7F  .......X........
00008620  A0 00 1F 80 0D E0 00 0D - D8 00 03 DC 00 0F BE 00  ................
00008630  0F BE 00 03 7F 00 0D 7F - 00 0D 7F 00 0D 7F 00 0D  ................
00008640  3F 00 03 6F 00 0F 94 00 - 0F AA 00 03 D4 00 0D D8  ?..o............
00008650  00 0D E0 00 03 78 00 03 - 76 00 00 F7 00 03 EF 80  .....x..v.......
00008660  03 EF 80 00 DF C0 03 5F - C0 03 5F C0 03 5F C0 03  ......._.._.._..
00008670  4F C0 00 DB C0 03 E5 00 - 03 EA 80 00 F5 00 03 76  O..............v
00008680  00 03 78 00 00 DE 00 00 - DD 80 00 3D C0 00 FB E0  ..x........=....
00008690  00 FB E0 00 37 F0 00 D7 - F0 00 D7 F0 00 D7 F0 00  ....7...........
000086A0  D3 F0 00 36 F0 00 F9 40 - 00 FA A0 00 3D 40 00 DD  ...6...@....=@..
000086B0  80 00 DE 00 00 37 80 00 - 37 60 00 0F 70 00 3E F8  .....7..7`..p.>.
000086C0  00 3E F8 00 0D FC 00 35 - FC 00 35 FC 00 35 FC 00  .>.....5..5..5..
000086D0  34 FC 00 0D BC 00 3E 50 - 00 3E A8 00 0F 50 00 37  4.....>P.>...P.7
000086E0  60 00 37 80 00 50 00 00 - 22 00 03 05 00 07 56 00  `.7..P..".....V.
000086F0  BB 76 00 07 56 00 03 05 - 00 00 22 00 00 50 00 00  .v..V....."..P..
00008700  00 00 00 00 00 00 00 00 - 00 00 00 00 00 00 00 00  ................
00008710  00 00 00 00 00 14 00 00 - 1C 80 00 C9 40 01 C1 80  ............@...
00008720  2E D5 80 01 DD 80 00 D5 - 40 00 00 80 00 1C 00 00  ........@.......
00008730  00 00 00 00 00 00 00 00 - 00 00 00 00 00 00 00 00  ................
00008740  00 00 00 00 00 00 00 00 - 05 20 00 37 50 00 75 60  ......... .7P.u`
00008750  0B B0 60 00 75 60 00 37 - 50 00 05 20 00 00 00 00  ..`.u`.7P.. ....
00008760  00 00 00 00 00 00 00 00 - 00 00 00 00 00 00 00 00  ................
00008770  00 00 00 00 00 01 C0 00 - 00 08 00 0D 54 00 1D D8  ............T...
00008780  02 ED 58 00 1C 18 00 0C - 94 00 01 C8 00 01 40 00  ..X...........@.
00008790  00 00 00 00 00 00 00 00 - 00 00 00 00 00 00 00 00  ................
000087A0  00 00 00 00 0E 00 00 40 - 00 00 AA C0 00 6E E0 00  .......@.....n..
000087B0  6A DD 00 60 E0 00 A4 C0 - 00 4E 00 00 0A 00 00 00  j..`.....N......
000087C0  00 00 00 00 00 00 00 00 - 00 00 00 00 00 00 00 00  ................
000087D0  00 00 00 00 00 00 00 12 - 80 00 2B B0 00 1A B8 00  ..........+.....
000087E0  18 37 40 1A B8 00 2B B0 - 00 12 80 00 00 00 00 00  .7@...+.........
000087F0  00 00 00 00 00 00 00 00 - 00 00 00 00 00 00 00 00  ................
00008800  00 00 00 00 00 A0 00 04 - E0 00 0A 4C 00 06 0E 00  ...........L....
00008810  06 AD D0 06 EE 00 0A AC - 00 04 00 00 00 E0 00 00  ................
00008820  00 00 00 00 00 00 00 00 - 00 00 00 00 00 00 00 00  ................
00008830  00 00 00 00 00 28 00 01 - 10 00 02 83 00 01 AB 80  .....(..........
00008840  01 BB 74 01 AB 80 02 83 - 00 01 10 00 00 28 00 00  ..t..........(..
00008850  00 00 00 00 00 00 00 00 - 00 00 00 00 00 00 00 00  ................
00008860  00 00 00 00 07 00 00 1E - C0 00 1F CA 00 2F DD 00  ............./..
00008870  FE 3A 00 FE FD 00 78 FA - 00 02 FA 00 F6 78 00 FF  .:....x......x..
00008880  63 00 FF 6E 00 BC 0B 00 - 73 BD 00 0F BA 00 3D B4  c..n....s.....=.
00008890  00 3A 1C 00 01 C0 00 07 - B0 00 07 F2 80 0B F7 40  .:.............@
000088A0  3F 8E 80 3F BF 40 1E 3E - 80 00 BE 80 3D 9E 00 3F  ?..?.@.>....=..?
000088B0  D8 C0 3F DB 80 2F 02 C0 - 1C EF 40 03 EE 80 0F 6D  ..?../....@....m
000088C0  00 0E 87 00 00 70 00 01 - EC 00 01 FC A0 02 FD D0  .....p..........
000088D0  0F E3 A0 0F EF D0 07 8F - A0 00 2F A0 0F 67 80 0F  ........../..g..
000088E0  F6 30 0F F6 E0 0B C0 B0 - 07 3B D0 00 FB A0 03 DB  .0.......;......
000088F0  40 03 A1 C0 00 1C 00 00 - 7B 00 00 7F 28 00 BF 74  @.......{...(..t
00008900  03 F8 E8 03 FB F4 01 E3 - E8 00 0B E8 03 D9 E0 03  ................
00008910  FD 8C 03 FD B8 02 F0 2C - 01 CE F4 00 3E E8 00 F6  .......,....>...
00008920  D0 00 E8 70 05 00 00 1E - C0 00 1B CA 00 2D 4D 00  ...p.........-M.
00008930  B0 2A 00 94 2D 00 78 1A - 00 00 0A 00 F0 10 00 A8  .*..-.x.........
00008940  03 00 D4 2A 00 AC 0B 00 - 72 B5 00 0B 8A 00 35 B4  ...*....r.....5.
00008950  00 2A 1C 00 01 40 00 07 - B0 00 06 F2 80 0B 53 40  .*...@........S@
00008960  2C 0A 80 25 0B 40 1E 06 - 80 00 02 80 3C 04 00 2A  ,..%.@......<..*
00008970  00 C0 35 0A 80 2B 02 C0 - 1C AD 40 02 E2 80 0D 6D  ..5..+....@....m
00008980  00 0A 87 00 00 50 00 01 - EC 00 01 BC A0 02 D4 D0  .....P..........
00008990  0B 02 A0 09 42 D0 07 81 - A0 00 00 A0 0F 01 00 0A  ....B...........
000089A0  80 30 0D 42 A0 0A C0 B0 - 07 2B 50 00 B8 A0 03 5B  .0.B.....+P....[
000089B0  40 02 A1 C0 00 14 00 00 - 7B 00 00 6F 28 00 B5 34  @.......{..o(..4
000089C0  02 C0 A8 02 50 B4 01 E0 - 68 00 00 28 03 C0 40 02  ....P...h..(..@.
000089D0  A0 0C 03 50 A8 02 B0 2C - 01 CA D4 00 2E 28 00 D6  ...P...,.....(..
000089E0  D0 00 A8 70 07 00 00 16 - C0 00 10 0A 00 21 1D 00  ...p.........!..
000089F0  E8 0A 00 E0 11 00 20 02 - 00 00 0A 00 C0 00 00 D0  ...... .........
00008A00  01 00 C0 24 00 A4 03 00 - 70 05 00 08 2A 00 39 B4  ...$....p...*.9.
00008A10  00 3A 1C 00 01 C0 00 05 - B0 00 04 02 80 08 47 40  .:............G@
00008A20  3A 02 80 38 04 40 08 00 - 80 00 02 80 30 00 00 34  :..8.@......0..4
00008A30  00 40 30 09 00 29 00 C0 - 1C 01 40 02 0A 80 0E 6D  .@0..)....@....m
00008A40  00 0E 87 00 00 70 00 01 - 6C 00 01 00 A0 02 11 D0  .....p..l.......
00008A50  0E 80 A0 0E 01 10 02 00 - 20 00 00 A0 0C 00 00 0D  ........ .......
00008A60  00 10 0C 02 40 0A 40 30 - 07 00 50 00 82 A0 03 9B  ....@.@0..P.....
00008A70  40 03 A1 C0 00 1C 00 00 - 5B 00 00 40 28 00 84 74  @.......[..@(..t
00008A80  03 A0 28 03 80 44 00 80 - 08 00 00 28 03 00 00 03  ..(..D.....(....
00008A90  40 04 03 00 90 02 90 0C - 01 C0 14 00 20 A8 00 E6  @........... ...
00008AA0  D0 00 E8 70 02 00 00 04 - 40 00 20 08 00 01 02 00  ...p....@. .....
00008AB0  08 08 00 A0 00 00 00 02 - 00 00 00 00 80 01 00 00  ................
00008AC0  04 00 80 01 00 00 00 00 - 50 02 00 08 20 00 20 84  ........P... . .
00008AD0  00 0A 10 00 00 80 00 01 - 10 00 08 02 00 00 40 80  ..............@.
00008AE0  02 02 00 28 00 00 00 00 - 80 00 00 00 20 00 40 00  ...(........ .@.
00008AF0  01 00 20 00 40 00 00 00 - 14 00 80 02 08 00 08 21  .. .@..........!
00008B00  00 02 84 00 00 20 00 00 - 44 00 02 00 80 00 10 20  ..... ..D...... 
00008B10  00 80 80 0A 00 00 00 00 - 20 00 00 00 08 00 10 00  ........ .......
00008B20  00 40 08 00 10 00 00 00 - 05 00 20 00 82 00 02 08  .@........ .....
00008B30  40 00 A1 00 00 08 00 00 - 11 00 00 80 20 00 04 08  @........... ...
00008B40  00 20 20 02 80 00 00 00 - 08 00 00 00 02 00 04 00  .  .............
00008B50  00 10 02 00 04 00 00 00 - 01 40 08 00 20 80 00 82  .........@.. ...
00008B60  10 00 28 40 03 C0 00 0F - D0 00 1F E8 00 3F D4 00  ..(@.........?..
00008B70  7F AA 00 00 00 00 DC E7 - 00 DC E7 00 DC E7 00 00  ................
00008B80  00 00 7F EA 00 FF 55 00 - 00 00 00 7B DA 00 00 00  ......U....{....
00008B90  00 19 98 00 00 F0 00 03 - F4 00 07 FA 00 0F F5 00  ................
00008BA0  1F EA 80 00 00 00 2E 73 - 80 2E 73 80 2E 73 80 00  .......s..s..s..
00008BB0  00 00 1F FA 80 3F D5 40 - 00 00 00 1E F6 80 00 00  .....?.@........
00008BC0  00 0C 63 00 00 3C 00 00 - FD 00 01 FE 80 03 FD 40  ..c..<.........@
00008BD0  07 FA A0 00 00 00 07 39 - D0 07 39 D0 07 39 D0 00  .......9..9..9..
00008BE0  00 00 07 FE A0 0F F5 50 - 00 00 00 0F 3C D0 00 00  .......P....<...
00008BF0  00 06 18 60 00 0F 00 00 - 3F 40 00 7F A0 00 FF 50  ...`....?@.....P
00008C00  01 FE A8 00 00 00 03 9C - EC 03 9C EC 03 9C EC 00  ................
00008C10  00 00 01 FF A8 03 FD 54 - 00 00 00 01 EF 68 00 00  .......T.....h..
00008C20  00 00 C6 30 05 A0 00 1D - B8 00 3D B4 00 7D BA 00  ...0......=..}..
00008C30  7D BA 00 FD B5 00 FD BB - 00 03 C0 00 7F EA 00 00  }...............
00008C40  00 00 7F EA 00 FF F5 00 - 00 00 00 3F D4 00 0F D0  ...........?....
00008C50  00 03 40 00 01 68 00 07 - 6E 00 0F 6D 00 1F 6E 80  ..@..h..n..m..n.
00008C60  1F 6E 80 3F 6D 40 3F 6E - C0 00 F0 00 1F FA 80 00  .n.?m@?n........
00008C70  00 00 1F FA 80 3F FD 40 - 00 00 00 0F F5 00 03 F4  .....?.@........
00008C80  00 00 D0 00 00 5A 00 01 - DB 80 03 DB 40 07 DB A0  .....Z......@...
00008C90  07 DB A0 0F DB 50 0F DB - B0 00 3C 00 07 FE A0 00  .....P....<.....
00008CA0  00 00 07 FE A0 0F FF 50 - 00 00 00 03 FD 40 00 FD  .......P.....@..
00008CB0  00 00 34 00 00 16 80 00 - 76 E0 00 F6 D0 01 F6 E8  ..4.....v.......
00008CC0  01 F6 E8 03 F6 D4 03 F6 - EC 00 0F 00 01 FF A8 00  ................
00008CD0  00 00 01 FF A8 03 FF D4 - 00 00 00 00 FF 50 00 3F  .............P.?
00008CE0  40 00 0D 00 07 A0 00 1F - E8 00 3F D4 00 7F EA 00  @.........?.....
00008CF0  7F D6 00 FF E9 00 FF D5 - 00 00 00 00 2F D4 00 4F  ............/..O
00008D00  D2 00 80 01 00 87 A1 00 - 80 01 00 91 89 00 63 C6  ..............c.
00008D10  00 33 CC 00 01 E8 00 07 - FA 00 0F F5 00 1F FA 80  .3..............
00008D20  1F F5 80 3F FA 40 3F F5 - 40 00 00 00 0B F5 00 13  ...?.@?.@.......
00008D30  F4 80 20 00 40 21 E8 40 - 20 00 40 12 64 80 0C F3  .. .@!.@ .@.d...
00008D40  00 06 F6 00 00 7A 00 01 - FE 80 03 FD 40 07 FE A0  .....z......@...
00008D50  07 FD 60 0F FE 90 0F FD - 50 00 00 00 02 FD 40 04  ..`.....P.....@.
00008D60  FD 20 08 00 10 08 7A 10 - 04 00 20 02 5A 40 01 BD  . ....z... .Z@..
00008D70  80 00 FF 00 00 1E 80 00 - 7F A0 00 FF 50 01 FF A8  ............P...
00008D80  01 FF 58 03 FF A4 03 FF - 54 00 00 00 00 BF 50 01  ..X.....T.....P.
00008D90  3F 48 02 00 04 02 1E 84 - 02 00 04 01 26 48 00 CF  ?H..........&H..
00008DA0  30 00 6F 60 05 A0 00 1D - B8 00 3D B4 00 7D BA 00  0.o`......=..}..
00008DB0  7D BA 00 FD B5 00 FD BB - 00 03 C0 00 3F FC 00 3F  }...........?..?
00008DC0  FC 00 0E 70 00 55 AA 00 - BB DD 00 BB DA 00 BB DD  ...p.U..........
00008DD0  00 51 8A 00 01 68 00 07 - 6E 00 0F 6D 00 1F 6E 80  .Q...h..n..m..n.
00008DE0  1F 6E 80 3F 6D 40 3F 6E - C0 00 F0 00 0F FF 00 0F  .n.?m@?n........
00008DF0  FF 00 03 9C 00 15 6A 80 - 2E F7 40 2E F6 80 2E F7  ......j...@.....
00008E00  40 14 62 80 00 5A 00 01 - DB 80 03 DB 40 07 DB A0  @.b..Z......@...
00008E10  07 DB A0 0F DB 50 0F DB - B0 00 3C 00 03 FF C0 03  .....P....<.....
00008E20  FF C0 00 E7 00 05 5A A0 - 0B BD D0 0B BD A0 0B BD  ......Z.........
00008E30  D0 05 18 A0 00 16 80 00 - 76 E0 00 F6 D0 01 F6 E8  ........v.......
00008E40  01 F6 E8 03 F6 D4 03 F6 - EC 00 0F 00 00 FF F0 00  ................
00008E50  FF F0 00 39 C0 01 56 A8 - 02 EF 74 02 EF 68 02 EF  ...9..V...t..h..
00008E60  74 01 46 28 81 02 00 6D - 6C 00 4B A4 00 1C 70 00  t.F(...ml.K...p.
00008E70  7F FC 00 5E F4 00 2D 68 - 00 ED 6E 00 2D 68 00 5E  ...^..-h..n.-h.^
00008E80  F4 00 7F FC 00 1C 70 00 - 4B A4 00 6D 6C 00 81 02  ......p.K..ml...
00008E90  00 00 00 00 20 40 80 1B - 5B 00 12 E9 00 07 1C 00  .... @..[.......
00008EA0  1F FF 00 17 BD 00 0B 5A - 00 3B 5B 80 0B 5A 00 17  .......Z.;[..Z..
00008EB0  BD 00 1F FF 00 07 1C 00 - 12 E9 00 1B 5B 00 20 40  ............[. @
00008EC0  80 00 00 00 08 10 20 06 - D6 C0 04 BA 40 01 C7 00  ...... .....@...
00008ED0  07 FF C0 05 EF 40 02 D6 - 80 0E D6 E0 02 D6 80 05  .....@..........
00008EE0  EF 40 07 FF C0 01 C7 00 - 04 BA 40 06 D6 C0 08 10  .@........@.....
00008EF0  20 00 00 00 02 04 08 01 - B5 B0 01 2E 90 00 71 C0   .............q.
00008F00  01 FF F0 01 7B D0 00 B5 - A0 03 B5 B8 00 B5 A0 01  ....{...........
00008F10  7B D0 01 FF F0 00 71 C0 - 01 2E 90 01 B5 B0 02 04  {.....q.........
00008F20  08 00 00 00 00 00 00 00 - 00 00 00 00 00 00 00 00  ................
00008F30  00 00 00 00 00 00 00 00 - 00 00 00 00 00 00 00 00  ................
00008F40  00 00 00 00 C1 93 F5 8B - 39 A3 93 86 43 3E 8E 78  ........9...C>.x
00008F50  3C 80 F0 C7 C8 CF 1D DC - 4E 99 86 1A 1B 59 7B 1C  <.......N....Y{.
00008F60  E1 8F C9 A3 C9 A3 E5 93 - 70 C7 3A FE 18 38 9D 02  ........p.:..8..
00008F70  1C 40 F8 1F E4 BB 0E 30 - 26 32 4B 1C 1B AE 39 86  .@.....0&2K...9.
00008F80  F1 A3 C5 83 C5 A3 F1 87 - 38 DE 5A D8 98 62 59 70  ........8.Z..bYp
00008F90  3B B8 F3 13 E3 0F 01 3C - 9E 70 7C C2 61 C8 C9 9C  ;......<.p|.a...
00008FA0  D1 8F C5 A3 C5 A3 D1 8F - 61 9C 75 D9 38 D2 4C 61  ........a.u.8.La
00008FB0  0C 70 DC 27 F8 1F 02 38 - 40 BA 1C 18 7F 5C E3 0E  .p.'...8@....\..
00008FC0  C1 A7 C9 83 C1 83 E5 8F - 7B 1C 1B 59 86 18 4E 99  ........{..Y..N.
00008FD0  1D DC C8 CF F0 C7 3C 80 - 8E 79 43 3E 93 86 39 93  ......<..yC>..9.
00008FE0  F1 AB C1 83 00 01 00 01 - 00 03 00 06 00 06 00 00  ................
00008FF0  00 1D 00 1D 00 00 00 3B - 00 77 00 77 18 77 00 77  .......;.w.w.w.w
00009000  34 77 7A 3B 00 00 B6 AA - 7F FD EF FE FF AA 00 00  4wz;............
00009010  DF FF FF FF 00 00 BF F5 - FF FE 7F FD FF FE FF FD  ................
00009020  7F FA DF 55 80 00 80 00 - 40 00 20 00 A0 00 00 00  ...U....@. .....
00009030  48 00 A8 00 00 00 54 00 - AA 00 54 00 AA 18 54 00  H.....T...T...T.
00009040  AA 34 54 7A 00 00 6D FA - DF FD DB FA DF FD DB FA  .4Tz..m.........
00009050  DF FD DB FA DF FD DB FA - DF FD DB FA DF FD DB FA  ................
00009060  DF F5 6D AA 30 08 36 64 - 34 48 34 44 30 08 36 64  ..m.0.6d4H4D0.6d
00009070  34 48 34 44 30 08 36 64 - 34 48 34 44 30 08 36 64  4H4D0.6d4H4D0.6d
00009080  34 48 34 44 6D FA DF FD - DB FA DF FD DB FA DF FD  4H4Dm...........
00009090  DB FA DF FD DB FA DF FD - DB FA DF FD DB FA DF F5  ................
000090A0  6D AA 00 00 80 00 40 00 - 40 00 20 C0 20 20 20 10  m.....@.@. .   .
000090B0  60 00 60 0F 60 30 60 66 - C0 C6 C0 C6 C1 83 C5 A3  `.`.`0`f........
000090C0  D1 8B C1 83 00 00 00 00 - 00 00 00 00 00 00 00 00  ................
000090D0  00 00 00 00 00 00 00 18 - 08 04 10 02 62 22 61 03  ............b"a.
000090E0  C9 93 C1 83 80 00 80 00 - 80 00 40 00 40 00 60 E0  ..........@.@.`.
000090F0  27 80 0C 00 18 00 30 00 - 36 08 63 04 6B 06 C1 A3  '.....0.6.c.k...
00009100  D5 93 C1 83 00 00 00 00 - 00 00 00 00 00 00 00 00  ................
00009110  00 00 00 00 00 00 00 00 - 00 00 00 01 08 81 85 12  ................
00009120  91 03 C1 A3 00 06 00 3E - 00 7C 01 BE 03 BC 07 DE  .......>.|......
00009130  07 DC 0F EA 0F EC 17 F2 - 19 F4 3E FA 3F 3A 7F DC  ..........>.?:..
00009140  7F E4 00 00 60 00 7C 00 - 7E 00 7D 80 7D 40 7B A0  ....`.|.~.}.}@{.
00009150  7B E0 77 D0 77 F0 6F E8 - 6F 98 5F 74 5C F4 3B FA  {.w.w.o.o._t\.;.
00009160  27 EA 00 00 00 00 FF F8 - FF E6 7F 9C 7E 7C 79 FA  '...........~|y.
00009170  27 F6 1F F4 17 EE 0B DC - 06 DA 01 FC 00 66 00 18  '............f..
00009180  00 06 00 00 00 00 1F FF - 67 FF 39 FE 3E 7E 5F 9E  ........g.9.>~_.
00009190  6F E4 6F F8 77 E8 7B D0 - 7B 60 3D 80 66 00 18 00  o.o.w.{.{`=.f...
000091A0  60 00 00 00 00 00 FF FF - 55 55 00 00 FF FF BF FD  `.......UU......
000091B0  E0 07 E5 57 E2 AF E5 57 - BF FD FF FF 00 00 FF FF  ...W...W........
000091C0  55 55 00 00 4F F4 6B D6 - 4F F4 6C 36 4C 34 6D 76  UU..O.k.O.l6L4mv
000091D0  4C B4 6D 76 4C B4 6D 76 - 4C B4 6D 76 4C B4 6F F6  L.mvL.mvL.mvL.o.
000091E0  4B D4 6F F6 07 80 1F 7F - 3F 7F 7F 6F 7F 7F FF 7F  K.o.....?..o....
000091F0  FF 7F FF 7F FF 7F FF 7F - FF 7F 7F 7F 7F 6F 3F 2A  .............o?*
00009200  1F 55 07 80 01 E0 FA F8 - FC FC EA FE FC FE FA FD  .U..............
00009210  F4 FE FA FD F4 FE FA FD - F4 FD EA F6 54 EA AA F4  ............T...
00009220  54 C8 01 A0 00 00 00 00 - 00 00 00 00 41 82 07 E0  T...........A...
00009230  60 06 6F F6 6F F6 60 06 - 07 E0 41 82 00 00 00 00  `.o.o.`...A.....
00009240  00 00 00 00 07 E0 1F F8 - 3C 3C 70 0E 0C 30 EA 57  ........<<p..0.W
00009250  C6 E2 C1 C3 C3 82 C7 63 - EA 57 0C 30 70 0E 3C 34  .......c.W.0p.<4
00009260  1F E8 06 A0 00 00 00 FE - 01 02 02 78 7A 7A 4B 00  ...........xzzK.
00009270  73 FE 73 FC 73 FA 6B D4 - 43 02 6A 78 02 7A 01 00  s.s.s.k.C.jx.z..
00009280  00 AA 00 00 00 00 FF FF - 00 00 33 33 00 00 FF FF  ..........33....
00009290  FF FF FF FF FF FF AA AA - 55 55 00 00 33 33 00 00  ........UU..33..
000092A0  AA AA 00 00 00 00 7F 00 - 40 80 5E 40 5E 5E 40 D2  ........@.^@^^@.
000092B0  7E 9C 7F 5A 7E 9C 75 5A - 40 90 5E 5A 5E 40 40 80  ~..Z~.uZ@.^Z^@@.
000092C0  55 00 00 00 0F D0 2F E4 - 2F D4 2F E4 0F D0 00 00  U...../././.....
000092D0  07 A0 07 C0 07 A0 00 00 - 01 80 01 80 00 00 03 40  ...............@
000092E0  03 80 03 40 0F D0 6F E6 - 6F D6 6F E6 0F D0 00 00  ...@..o.o.o.....
000092F0  07 A0 07 C0 07 A0 00 00 - 01 80 00 00 03 40 03 80  .............@..
00009300  03 40 00 00 0F D0 EF E7 - EF D7 EF E7 0F D0 00 00  .@..............
00009310  07 A0 07 C0 07 A0 00 00 - 00 00 03 40 03 80 03 40  ...........@...@
00009320  00 00 00 00 03 40 03 80 - 03 40 00 00 01 80 01 80  .....@...@......
00009330  00 00 07 A0 07 C0 07 A0 - 00 00 0F D0 2F E4 2F D4  ...........././.
00009340  2F E4 0F D0 00 00 03 40 - 03 80 03 40 00 00 01 80  /......@...@....
00009350  00 00 07 A0 07 C0 07 A0 - 00 00 0F D0 6F E6 6F D6  ............o.o.
00009360  6F E6 0F D0 00 00 00 00 - 03 40 03 80 03 40 00 00  o........@...@..
00009370  00 00 07 A0 07 C0 07 A0 - 00 00 0F D0 EF E7 EF D7  ................
00009380  EF E7 0F D0 01 E0 02 D0 - 0F 70 1F 64 1C 52 33 D2  .........p.d.R3.
00009390  31 A1 64 01 64 01 44 01 - 42 02 43 02 81 86 00 CC  1.d.d.D.B.C.....
000093A0  00 58 00 38 00 01 00 01 - 00 02 00 0C 00 78 17 C0  .X.8.........x..
000093B0  31 00 39 00 14 00 2A 00 - 14 00 01 00 10 80 08 80  1.9...*.........
000093C0  08 80 04 40 00 68 00 50 - 00 E0 00 D0 01 E0 01 D0  ...@.h.P........
000093D0  02 A8 03 51 07 AB 07 D3 - 0B E9 1D D5 1D A8 3A EB  ...Q..........:.
000093E0  66 D7 C1 03 04 40 04 40 - 0C 40 08 80 19 80 33 00  f....@.@.@....3.
000093F0  C6 00 AA 00 D4 00 A8 00 - DA 00 A7 00 9D 00 3E 80  ..............>.
00009400  C3 20 78 55 06 5A 19 6D - 21 6D 41 6D 43 6D 86 ED  . xU.Z.m!mAmCm..
00009410  DD DD 73 DB 0F 3B FC F7 - 63 EE 1F 9E FC 7D 33 FB  ..s..;..c....}3.
00009420  8F E7 7F 1E 00 00 00 00 - 80 00 A0 00 A0 00 A0 00  ................
00009430  B0 00 B0 00 70 00 68 00 - 68 00 E8 00 D0 00 D8 00  ....p.h.h.......
00009440  30 00 D0 00 00 FD 1F E3 - 07 9F 00 74 00 03 00 3F  0..........t...?
00009450  00 3F 00 1E 00 0F 00 00 - 00 1F 00 1F 00 0F 00 73  .?.............s
00009460  01 7C DF AD A0 00 40 00 - 80 00 40 00 80 00 40 00  .|....@...@...@.
00009470  80 00 80 00 21 F0 D3 0C - A3 86 D5 FC A2 D0 95 20  ....!.......... 
00009480  2A C8 55 B7 7B FF FD BF - FE FF FF 7F FF B7 FF DF  *.U.{...........
00009490  7F EF 00 07 7F AA FF F5 - FF FA 7F F4 77 FA 3B F4  ............w.;.
000094A0  1C D8 07 E0 F1 54 D8 AA - FC 55 FE 2A FB 15 FF 8A  .....T...U.*....
000094B0  81 C4 60 E0 C0 70 90 38 - 38 5C 78 EE 35 67 0E A2  ..`..p.88\x.5g..
000094C0  0F 40 0F A0 17 D0 3B D0 - 1D E8 00 D8 00 34 00 0E  .@....;......4..
000094D0  00 06 00 01 00 00 00 00 - 00 00 00 00 00 00 00 00  ................
000094E0  00 00 00 00 FF FE 80 00 - BB BA A2 20 A2 22 80 00  ........... ."..
000094F0  BB BA A2 20 A2 22 80 00 - BB BA A2 20 A2 22 80 00  ... ."..... ."..
00009500  AA AA 00 00 FF FE 80 00 - BF FA A0 00 AA AA A5 50  ...............P
00009510  AA AA A5 50 AA AA A5 50 - AA AA A5 50 AA AA 80 00  ...P...P...P....
00009520  AA AA 00 00 DF AD 01 7C - 00 73 00 0F 00 1F 00 1F  .......|.s......
00009530  00 00 00 0F 00 1E 00 3F - 00 3F 00 03 00 74 07 9F  .......?.?...t..
00009540  1F E3 00 FD 55 B7 2A C8 - 95 20 A2 D0 D5 FC A3 86  ....U.*.. ......
00009550  D3 0C 21 F0 80 00 80 00 - 40 00 80 00 40 00 80 00  ..!.....@...@...
00009560  40 00 A0 00 7F 1E 8F E7 - 33 FB FC 7D 1F 9E 63 EE  @.......3..}..c.
00009570  FC F7 0F 3B 73 DB DD DD - 86 ED 43 6D 41 6D 21 6D  ...;s.....CmAm!m
00009580  19 6D 06 5A D0 00 30 00 - D8 00 D0 00 E8 00 68 00  .m.Z..0.......h.
00009590  68 00 70 00 B0 00 B0 00 - A0 00 A0 00 A0 00 80 00  h.p.............
000095A0  00 00 00 00 C1 83 D1 8B - C5 A3 C1 83 C0 C6 C0 C6  ................
000095B0  60 66 60 30 60 0F 60 00 - 20 10 20 20 20 C0 40 00  `f`0`.`. .   .@.
000095C0  40 00 80 00 C1 83 C9 93 - 61 03 62 22 10 02 08 04  @.......a.b"....
000095D0  00 18 00 00 00 00 00 00 - 00 00 00 00 00 00 00 00  ................
000095E0  00 00 00 00 C1 83 D5 93 - C1 A3 6B 06 63 04 36 08  ..........k.c.6.
000095F0  30 00 18 00 0C 00 27 80 - 60 E0 40 00 40 00 80 00  0.....'.`.@.@...
00009600  80 00 80 00 C1 A3 91 03 - 85 12 08 81 00 01 00 00  ................
00009610  00 00 00 00 00 00 00 00 - 00 00 00 00 00 00 00 00  ................
00009620  00 00 00 00 00 00 00 00 - 00 00 63 8E E6 DB 66 DB  ..........c...f.
00009630  66 DB 66 DB 66 DB 66 DB - 66 DB 66 DB F3 8E 00 00  f.f.f.f.f.f.....
00009640  00 00 00 00 00 00 00 00 - 00 00 63 CE F3 1B B3 1B  ..........c.....
00009650  33 1B 33 9B 60 DB C0 DB - C0 DB C2 DB F1 8E 00 00  3.3.`...........
00009660  00 00 00 00 00 00 00 00 - 00 00 F3 8E C6 DB C6 DB  ................
00009670  C6 DB E6 DB 36 DB 36 DB - 36 DB B6 DB E3 8E 00 00  ....6.6.6.......
00009680  00 00 00 00 6F DA 6F F4 - 6F DA 6F F4 6F DA 6F F4  ....o.o.o.o.o.o.
00009690  6F DA 6F F4 6F DA 6F F4 - 6F DA 6F F4 6F DA 6F F4  o.o.o.o.o.o.o.o.
000096A0  6F DA 6F F4 80 01 D5 55 - DA AB 00 00 6D 5A 6E B4  o.o....U....mZn.
000096B0  6F 5A 6E B4 6F 5A 6F B4 - 6F 5A 6F B4 6F DA 6F B4  oZn.oZo.oZo.o.o.
000096C0  6F DA 6F F4 6F F4 6F DA - 6F B4 6F DA 6F B4 6F 5A  o.o.o.o.o.o.o.oZ
000096D0  6F B4 6F 5A 6E B4 6F 5A - 6E B4 6D 5A 00 00 DA AB  o.oZn.oZn.mZ....
000096E0  D5 55 80 01 35 54 7F EA - 00 00 DC E7 DC E7 DC E7  .U..5T..........
000096F0  00 00 6F EA 6F F6 00 00 - 2F D4 37 EC 5B DA 4F 56  ..o.o.../.7.[.OV
00009700  33 CC 80 01 35 54 7F EA - 00 00 B9 CE B9 CE B9 CE  3...5T..........
00009710  00 00 6F EA 6F F6 00 00 - 2F D4 37 EC 5B DA 4F 56  ..o.o.../.7.[.OV
00009720  33 CC 80 01 35 54 7F EA - 00 00 73 9D 73 9D 73 9D  3...5T....s.s.s.
00009730  00 00 6F EA 6F F6 00 00 - 2F D4 37 EC 5B DA 4F 56  ..o.o.../.7.[.OV
00009740  33 CC 80 01 35 54 7F EA - 00 00 E7 3B E7 3B E7 3B  3...5T.....;.;.;
00009750  00 00 6F EA 6F F6 00 00 - 2F D4 37 EC 5B DA 4F 56  ..o.o.../.7.[.OV
00009760  33 CC 80 01 80 01 33 CC - 4F 56 5B DA 37 EC 2F D4  3.....3.OV[.7./.
00009770  00 00 6F F6 6F EA 00 00 - E7 3B E7 3B E7 3B 00 00  ..o.o....;.;.;..
00009780  7F EA 35 54 80 01 33 CC - 4F 56 5B DA 37 EC 2F D4  ..5T..3.OV[.7./.
00009790  00 00 6F F6 6F EA 00 00 - 73 9D 73 9D 73 9D 00 00  ..o.o...s.s.s...
000097A0  7F EA 35 54 80 01 33 CC - 4F 56 5B DA 37 EC 2F D4  ..5T..3.OV[.7./.
000097B0  00 00 6F F6 6F EA 00 00 - B9 CE B9 CE B9 CE 00 00  ..o.o...........
000097C0  7F EA 35 54 80 01 33 CC - 4F 56 5B DA 37 EC 2F D4  ..5T..3.OV[.7./.
000097D0  00 00 6F F6 6F EA 00 00 - DC E7 DC E7 DC E7 00 00  ..o.o...........
000097E0  7F EA 35 54 01 00 00 00 - 03 80 03 80 00 00 03 80  ..5T............
000097F0  07 40 07 80 07 40 07 80 - 07 40 10 10 17 D0 3B B8  .@...@...@....;.
00009800  7B BC 79 3C 79 3C 7B BC - 3B B8 17 D0 10 10 07 40  {.y<y<{.;......@
00009810  07 80 07 40 07 80 07 40 - 03 80 00 00 03 80 03 80  ...@...@........
00009820  00 00 01 00 00 00 0F FE - 3F 7E 3F 7E 7F BE 7F DC  ........?~?~....
00009830  7F DA 7F EC 1F E2 67 F4 - 79 FA 7E 78 7F 94 7F A6  ......g.y.~x....
00009840  7D 58 00 00 00 00 7E F0 - 7E FC 7D FC 7D FE 7B FC  }X....~.~.}.}.{.
00009850  7B FA 77 FC 77 F2 6F EC - 6F 9A 5E 74 5C FA 33 F4  {.w.w.o.o.^t\.3.
00009860  27 AA 00 00 00 00 55 E4 - 2F CC 5F 3A 2E 7A 59 F6  '.....U./._:.zY.
00009870  37 F6 4F EC 3F EE 5F DC - 3F DA 7F BC 3F BA 3F 74  7.O.?._.?...?.?t
00009880  0F 6A 00 00 00 00 1F FE - 67 FE 39 FE 1E 7E 5F 9C  .j......g.9..~_.
00009890  6F E6 67 F8 77 FE 7B FC - 7B FA 7D FC 7E FA 7E F4  o.g.w.{.{.}.~.~.
000098A0  7F 68 00 00 00 00 DF FF - DF FF DF FF 00 00 6F FF  .h............o.
000098B0  6F FF 6F FF 00 00 1B FF - 1B FF 1B FF 1B FF 1B FF  o.o.............
000098C0  1B FF 1B FF 00 00 FD 55 - FE AA FD 55 00 00 FE AA  .......U...U....
000098D0  FD 54 FE AA 00 00 FE A8 - FD 50 FE A8 FD 50 FA A8  .T.......P...P..
000098E0  F5 50 AA A8 00 00 EF FF - EE FF EF FF 76 FF 77 FF  .P..........v.w.
000098F0  3B 7F 00 00 0D DF 0D FF - 0D DF 0D FF 0D DF 0D FF  ;...............
00009900  0D DF 0D FF 00 00 F5 55 - FA AA F5 55 FA AA F5 56  .......U...U...V
00009910  EA A8 00 00 55 50 AA A0 - D5 50 EA A0 D5 50 EA A0  ....UP...P...P..
00009920  D5 50 EA A0 0D DF 0D FF - 0D DF 0D FF 0D DF 0D FF  .P..............
00009930  0D DF 00 00 37 7F 37 FF - 37 7F 00 00 EE FF EF FF  ....7.7.7.......
00009940  EE FF 00 00 D5 50 EA A0 - D5 50 EA A0 D5 50 AA A0  .....P...P...P..
00009950  55 50 00 00 D5 54 EA A8 - F5 54 00 00 F5 55 FA AA  UP...T...T...U..
00009960  F5 55 00 00 FF 7F FF 5F - FF 7F FF 7F 7F 7F 7F 7F  .U....._........
00009970  7F 7F 3F 7F 3F 7F 1F 7F - 0F 7F 07 7F 03 7F 01 5F  ..?.?.........._
00009980  00 7F 00 0F FE AB FA D5 - FE AA FE D5 FE AA FE D4  ................
00009990  FE AA FE D4 FE 94 FE A8 - FE D0 FE A0 FE C0 FA 80  ................
000099A0  FE 00 F0 00 FF 54 FF 2B - FF 57 FF 00 7F 7F 7F 5F  .....T.+.W....._
000099B0  7F 7F 3F 7F 3F 7F 1F 7F - 0F 7F 07 7F 03 7F 01 7F  ..?.?...........
000099C0  00 7F 00 0F 14 AB CA D5 - E4 AA 00 D5 FE AA FA D4  ................
000099D0  FE AA FE D4 FE 94 FE A8 - FE D0 FE A0 FE C0 FE 80  ................
000099E0  FE 00 F0 00 FF 54 FF 2B - FF 57 FF 24 7F 48 7F 28  .....T.+.W.$.H.(
000099F0  7F 48 3F 00 3F 7F 1F 5F - 0F 7F 07 7F 03 7F 01 7F  .H?.?.._........
00009A00  00 7F 00 0F 14 AB CA D5 - E4 AA 22 D5 10 AA 12 D4  ..........".....
00009A10  10 AA 00 D4 FE 94 FA A8 - FE D0 FE A0 FE C0 FE 80  ................
00009A20  FE 00 F0 00 FF 54 FF 2B - FF 57 FF 24 7F 48 7F 28  .....T.+.W.$.H.(
00009A30  7F 48 3F 28 3F 44 1F 23 - 0F 54 07 00 03 7F 01 5F  .H?(?D.#.T....._
00009A40  00 7F 00 0F 14 AB CA D5 - E4 AA 22 D5 10 AA 12 D4  ..........".....
00009A50  10 AA 12 D4 20 94 C2 A8 - 04 D0 00 A0 FE C0 FA 80  .... ...........
00009A60  FE 00 F0 00 FF FF 7F FF - 3F FF 1F FF 0F FF 07 E0  ........?.......
00009A70  03 F0 01 F8 00 FC 00 7E - 00 3F 00 1F 00 0F 00 07  .......~.?......
00009A80  00 03 00 01 FF DF FF BF - FF 1F FE 0F FC 0F 00 0F  ................
00009A90  00 0F 00 0F 00 0F 00 0F - 00 0F 80 0F C0 0F E0 0F  ................
00009AA0  F0 0F F8 0F F0 3F E0 7F - C0 FF 81 F8 83 F0 87 E0  .....?..........
00009AB0  8F FF 9F FF BF FF BE 0F - BC 1F B8 3F BF FF BF FF  ...........?....
00009AC0  BF FF BF FE F8 01 FC 03 - FE 07 3F 0F 7E 1F FC 3F  ..........?.~..?
00009AD0  F8 7F F0 FF C1 FF E3 F0 - F7 E0 EF C0 DF FF BF FF  ................
00009AE0  7F FF FF FF FF FB FF F7 - FF EF FF DF 80 3F 00 7E  .............?.~
00009AF0  FE FF FD FF FB FF 07 FF - 0F CF 1F 87 FF 03 FE 01  ................
00009B00  FC 00 F8 00 FF 80 FF C1 - FF E3 83 F7 07 EF 0F DF  ................
00009B10  FF BF FF 7E FE FC 81 F8 - C3 F0 E7 E0 FF C1 FF 83  ...~............
00009B20  FF 07 7E 0F FF E0 FF F0 - FF F8 E0 FD C1 FB 83 F7  ..~.............
00009B30  07 EF 0F DF 1F BF 3F 7E - 7E FC FD F8 FB FF F1 FF  ......?~~.......
00009B40  E0 FF C0 7F 3F F8 7F FC - FF FE F8 3F F0 7E E0 FD  ....?......?.~..
00009B50  C1 FB 83 F7 07 EF 0F DF - 1F BF 3F 7E FE FD FD FB  ..........?~....
00009B60  FB F7 F7 EF 0F CF 1F 8F - 3F 4F 7E EF 01 FF FB FF  ........?O~.....
00009B70  F7 FF EF DF DF 8F BF 0F - 7E 0F FC 0F FF FF FF FF  ........~.......
00009B80  FF FF FF FF 80 00 80 00 - 80 00 80 00 80 00 80 00  ................
00009B90  80 00 80 00 80 00 80 00 - 80 00 80 00 80 00 80 00  ................
00009BA0  80 00 80 00 FF EF 7F EF - 3F EF 1F EF 0F EF 07 EF  ........?.......
00009BB0  03 EF 01 EF 00 0F 00 7F - 00 3F 00 1F 00 0F 00 07  .........?......
00009BC0  00 03 00 01 80 00 80 00 - 80 00 80 00 80 00 83 ED  ................
00009BD0  87 DB 83 36 86 7D 8C FB - 99 B6 B3 6F A6 DE 80 00  ...6.}.....o....
00009BE0  80 00 80 00 00 00 00 00 - 00 00 00 00 00 00 BC 0F  ................
00009BF0  78 1E C0 30 E0 7B C0 F6 - 01 8D 03 1B 06 31 00 00  x..0.{.......1..
00009C00  00 00 00 00 00 00 00 00 - 00 00 00 00 00 00 6E 36  ..............n6
00009C10  DF 6D 36 D8 61 F1 D3 63 - B6 C6 ED 8C DB 19 00 00  .m6.a..c........
00009C20  00 00 00 00 00 00 00 00 - 00 00 00 00 00 00 FB 71  ...............q
00009C30  F6 FB C1 B6 9B 6C 36 DA - 6D B6 DB 7C B6 38 00 00  .....l6.m..|.8..
00009C40  00 00 00 00 00 00 00 00 - 00 00 00 00 00 00 C0 31  ...............1
00009C50  E0 7F C0 D6 01 8D 03 1B - 06 36 0C 6D 18 DB 00 00  .........6.m....
00009C60  00 00 00 00 00 00 00 00 - 00 00 00 00 00 00 BC E3  ................
00009C70  7D F6 DB 6D B6 1F EC 3E - D8 6D BE DB 1D B6 00 00  }..m...>.m......
00009C80  00 00 00 00 00 00 00 00 - 00 00 00 00 00 00 6D C7  ..............m.
00009C90  DB EF 86 D8 6D BC DB 78 - B6 C0 6D E0 DB C0 00 00  ....m..x..m.....
00009CA0  00 00 00 00 00 00 00 00 - 00 00 00 00 00 00 80 00  ................
00009CB0  00 00 00 00 00 00 00 00 - 00 00 00 00 00 00 00 00  ................
00009CC0  00 00 00 00 00 00 00 00 - 00 00 00 00 00 00 00 00  ................
00009CD0  00 00 00 00 7F E0 3F C0 - 1F 80 0F C0 07 E0 03 F0  ......?.........
00009CE0  01 F8 00 1D 00 00 00 00 - 00 00 00 00 00 00 00 00  ................
00009CF0  00 00 00 00 00 00 00 00 - FF C0 7F 80 3F 00 7E 00  ............?.~.
00009D00  FC 00 F8 00 00 00 00 00 - 00 00 00 00 00 00 00 00  ................
00009D10  00 00 00 00 00 00 00 00 - 00 00 00 00 00 00 00 00  ................
00009D20  00 0F 00 0F 00 00 00 00 - 00 00 00 00 00 00 00 00  ................
00009D30  00 00 00 00 00 00 00 00 - 00 00 00 00 00 00 00 00  ................
00009D40  E0 00 C0 00 00 00 00 00 - 00 00 00 00 00 00 00 00  ................
00009D50  00 00 00 50 00 22 03 05 - 07 56 BB 76 07 56 03 05  ...P."...V.v.V..
00009D60  00 22 00 50 03 C0 0F F0 - 1C 38 3B 1C 37 0C 36 0C  .".P.....8;.7.6.
00009D70  34 04 34 08 30 04 34 08 - 30 04 30 08 38 14 1C 28  4.4.0.4.0.0.8..(
00009D80  0E D0 03 40 03 C0 07 E0 - 0F F0 0C 30 19 18 1B 18  ...@.......0....
00009D90  1B 18 1A 08 18 10 1A 08 - 18 10 18 08 0C 30 0F 50  .............0.P
00009DA0  07 A0 03 40 01 80 03 C0 - 07 E0 0E 70 1C 38 39 1C  ...@.......p.89.
00009DB0  73 0E E7 07 E0 05 70 0A - 38 14 1C 28 0E 50 06 A0  s.....p.8..(.P..
00009DC0  03 40 01 80 01 80 03 40 - 07 A0 0F 50 1F A8 3F 54  .@.....@...P..?T
00009DD0  7F AA FF 55 AA 01 55 02 - 2A 04 15 08 0A 10 05 20  ...U..U.*...... 
00009DE0  02 40 01 80 0F D0 08 10 - 00 00 17 E8 2F F4 2F E8  .@.........././.
00009DF0  2F D4 00 00 5F EA 5F F4 - 5F EA 5F F4 5F EA 5F F4  /..._._._._._._.
00009E00  5F EA 2F D4 00 00 81 02 - 6D 6C 4B A4 1C 70 7F FC  _./.....mlK..p..
00009E10  5E F4 2D 68 ED 6E 2D 68 - 5E F4 7F FC 1C 70 4B A4  ^.-h.n-h^....pK.
00009E20  6D 6C 81 02 00 00 FF FF - 3F FF 55 55 00 00 AA AA  ml......?.UU....
00009E30  55 55 AA AA 55 55 AA AA - 55 55 00 00 FF FF 3F FF  UU..UU..UU....?.
00009E40  55 55 00 00 7F FE 7F FC - 60 06 6D B4 69 26 69 24  UU......`.m.i&i$
00009E50  60 06 6F F4 6C 06 60 04 - 6D B6 69 24 69 26 60 04  `.o.l.`.m.i$i&`.
00009E60  7F FE 55 54 72 AE 65 4C - 72 AE 65 4C 72 AE 65 4C  ..UTr.eLr.eLr.eL
00009E70  72 AE 65 4C 72 AE 65 4C - 72 AE 65 4C 72 AE 65 4C  r.eLr.eLr.eLr.eL
00009E80  52 AA 45 48 00 00 7E F8 - 9B F5 C7 FE 70 7D FF 6E  R.EH..~.....p}.n
00009E90  7F 1D EF 7E FE FD BF FE - 7F FD DD F4 FF F9 6F FE  ...~..........o.
00009EA0  BF FD FD FE BF FD DD FA - FB FD 7F FA 1F FC 6E F8  ..............n.
00009EB0  FF F5 F9 FA EF FD BF FA - 7B FC FF FA 9F FD 7F FA  ........{.......
00009EC0  FB FD BF FA BF DD DF FA - FF F5 77 EA BF FC EF FA  ..........w.....
00009ED0  F8 FC FF BA AF F9 FF FA - 7E FD 7F FA 9F F5 FF EA  ........~.......
00009EE0  F7 FD 7F FA EF FD 7E F8 - 9B F5 C7 FE 70 7D FF 6E  ......~.....p}.n
00009EF0  7F 1D EF 7E FE FD BF FE - 7F FD DD F4 FF F9 6F FE  ...~..........o.
00009F00  BF FD FD FE BF DD DF FA - FF F5 77 EA BF FC EF FA  ..........w.....
00009F10  F8 FC FF BA AF F9 FF FA - 7E FD 7F FA 9F F5 FF EA  ........~.......
00009F20  F4 0D 00 00 00 00 00 00 - 00 01 00 03 00 06 00 04  ................
00009F30  00 04 00 0C 00 39 00 33 - 00 F7 03 F6 07 9E 3E 7A  .....9.3......>z
00009F40  7D E6 E1 C3 00 00 A0 02 - 90 12 2A 46 60 5B 72 0D  }.........*F`[r.
00009F50  6E F5 E6 E6 C6 66 0C 63 - 5D 71 18 65 30 E3 65 CB  n....f.c]q.e0.e.
00009F60  D1 A3 C1 83 00 00 00 00 - 00 00 00 00 00 00 00 00  ................
00009F70  80 00 C0 00 60 00 30 00 - BE 00 9A 00 9B 60 70 FC  ....`.0......`p.
00009F80  6A C7 C0 D3 00 00 FF FF - 7F F5 00 00 0F C0 00 00  j...............
00009F90  07 80 03 00 C3 00 C3 00 - DD 00 CE 00 D7 00 DF 00  ................
00009FA0  C0 00 C0 00 00 00 FF FF - 55 56 00 00 03 F0 00 00  ........UV......
00009FB0  01 E0 00 C0 00 C3 00 C2 - 00 BB 00 72 00 EB 00 FA  ...........r....
00009FC0  00 03 00 02 07 00 1F 78 - 3F 34 7F 7A 7F 34 FF 7A  .......x?4.z.4.z
00009FD0  FF 34 FE 7A 00 34 45 7A - 6F F4 6F FA 6F F4 6F FA  .4.z.4Ezo.o.o.o.
00009FE0  6F F4 6F FA 00 E0 2E F8 - 6E FC 6E FE 6E FE 6E FF  o.o.....n.n.n.n.
00009FF0  6E FF 6E 7F 6E 00 6E AA - 6F D4 6F EA 6F F4 6F EA  n.n.n.n.o.o.o.o.
0000A000  6F F4 6F EA 6F F4 6F EA - 6F F4 6F EA 6F F4 6F EA  o.o.o.o.o.o.o.o.
0000A010  6F F4 6F EA 6F F4 6F EA - 6F F4 6F EA 6F F4 6F EA  o.o.o.o.o.o.o.o.
0000A020  6F F4 6F EA 00 00 FF FF - 80 00 95 55 AA AA 95 55  o.o........U...U
0000A030  AA AA 95 55 AA AA 95 55 - AA AA 95 55 AA AA 95 55  ...U...U...U...U
0000A040  AA AA 95 55 00 00 00 00 - 00 00 00 00 00 1F 00 00  ...U............
0000A050  00 3F 00 00 00 7F 00 7F - 00 70 00 78 00 7C 00 7E  .?.......p.x.|.~
0000A060  00 FF 1F FD 00 00 00 00 - 00 00 00 00 A8 00 00 00  ................
0000A070  D4 00 00 00 EA 00 F4 00 - 0A 00 14 00 2A 00 74 00  ............*.t.
0000A080  EA 00 55 F8 00 00 FF FD - F3 CA F3 CD F3 CA E1 CD  ..U.............
0000A090  DE CA E1 CD F3 CA F3 85 - F3 7A F3 85 F3 CA F3 C5  .........z......
0000A0A0  FF EA 00 00 0E C0 3E 50 - 7E AC FE 55 00 00 FF FF  ......>P~..U....
0000A0B0  7F FC 0F E0 00 00 77 C0 - EF BA 5F 00 00 00 7B 00  ......w..._...{.
0000A0C0  FB 6A 7B 00 06 E0 1F F8 - 3E F4 7F FA 00 00 FE FD  .j{.....>.......
0000A0D0  FF FA FD F5 F7 FA 5F F5 - FF EA 00 00 7F EA 3F D4  ......_.......?.
0000A0E0  1F 68 06 A0 00 00 00 00 - 00 00 00 00 07 E0 04 20  .h............. 
0000A0F0  70 0A 75 6C 72 AA 70 0E - 04 20 06 A0 00 00 00 00  p.ulr.p.. ......
0000A100  00 00 00 00 00 00 03 C0 - 01 80 00 00 07 E0 04 20  ............... 
0000A110  70 0A 75 6C 72 AA 70 0E - 04 20 06 A0 00 00 01 80  p.ulr.p.. ......
0000A120  03 C0 00 00 00 00 03 40 - 03 80 03 40 00 00 0D B0  .......@...@....
0000A130  09 00 09 90 09 00 09 90 - 0D 30 00 00 03 40 03 80  .........0...@..
0000A140  03 40 00 00 37 F4 6F FA - 6F FA 6F F4 6F FA 6F F4  .@..7.o.o.o.o.o.
0000A150  40 02 37 F4 37 E8 37 F4 - 37 E8 37 F4 37 E8 37 F4  @.7.7.7.7.7.7.7.
0000A160  37 E8 37 F4 37 E8 37 F4 - 37 E8 37 F4 37 E8 37 F4  7.7.7.7.7.7.7.7.
0000A170  37 E8 37 F4 37 E8 37 D4 - 37 E8 37 D4 37 E8 37 D4  7.7.7.7.7.7.7.7.
0000A180  37 A8 37 54 00 00 DF FF - DF F5 00 00 77 EA 00 00  7.7T........w...
0000A190  1B E8 1B F0 1B E8 1B F0 - 1B E8 1B F0 1B E8 00 00  ................
0000A1A0  77 EA EF 55 4F F4 F3 F9 - 3C F5 CF 39 73 CC 28 F0  w..UO...<..9s.(.
0000A1B0  35 3C 2A 8F 35 57 2A AB - 35 53 6A AB D5 53 00 00  5<*.5W*.5Sj..S..
0000A1C0  FF FF 3F FC 00 00 80 00 - B0 00 B8 00 78 00 20 00  ..?.........x. .
0000A1D0  0C 00 3C 00 5C 00 60 00 - 78 00 70 00 40 00 00 00  ..<.\.`.x.p.@...
0000A1E0  00 00 00 00 C0 03 FF FF - 00 00 6F F6 4B D4 6F F6  ..........o.K.o.
0000A1F0  4F F4 6F F6 4F F4 6F F6 - 4F F4 6F F6 4F F4 6B D6  O.o.O.o.O.o.O.k.
0000A200  4F F4 6F F6 00 00 00 01 - 00 0D 00 1D 00 1E 00 04  O.o.............
0000A210  00 30 00 3C 00 3A 00 06 - 00 1E 00 0E 00 02 00 00  .0.<.:..........
0000A220  00 00 00 00 2F F2 9F CF - AF 3C 9C F3 33 CE 0F 14  ..../....<..3...
0000A230  3C AC F1 54 EA AC D5 54 - CA AC D5 56 CA AB 00 00  <..T...T...V....
0000A240  FF FF 3F FC 6F F6 4F F4 - 6B D6 4F F4 6F F6 4F F4  ..?.o.O.k.O.o.O.
0000A250  6F F6 4F F4 6F F6 4F F4 - 6F F6 4B D4 6F F6 00 00  o.O.o.O.o.K.o...
0000A260  FF FF C0 03 00 00 7F FF - 5F FF 60 00 60 03 60 0C  ........_.`.`.`.
0000A270  6C 30 63 00 60 C0 6C 30 - 60 0C 60 03 60 00 5F FF  l0c.`.l0`.`.`._.
0000A280  55 55 00 00 00 00 FF FF - FF FF 00 00 C0 03 30 0C  UU............0.
0000A290  0C 30 03 00 00 C0 0C 30 - 30 0C C0 03 00 00 FF FF  .0.....00.......
0000A2A0  55 55 00 00 00 00 FF FE - FF FA 00 06 C0 06 30 06  UU............0.
0000A2B0  0C 34 00 C6 03 04 0C 32 - 30 04 C0 02 00 04 FF FA  .4.....20.......
0000A2C0  55 54 00 00 00 00 7F FE - 5F F8 60 06 62 44 62 46  UT......_.`.bDbF
0000A2D0  61 04 61 06 60 84 60 86 - 62 44 62 46 64 24 64 26  a.a.`.`.bDbFd$d&
0000A2E0  68 14 68 16 68 14 68 16 - 64 24 64 26 62 44 62 46  h.h.h.h.d$d&bDbF
0000A2F0  61 04 61 06 60 84 60 86 - 62 44 62 46 64 24 64 26  a.a.`.`.bDbFd$d&
0000A300  68 14 68 16 68 14 68 16 - 64 24 64 26 62 44 62 46  h.h.h.h.d$d&bDbF
0000A310  60 84 60 86 61 04 61 06 - 62 44 62 46 60 04 5F AA  `.`.a.a.bDbF`._.
0000A320  7D 54 00 00 00 00 00 00 - 00 00 00 00 00 01 00 01  }T..............
0000A330  00 01 00 00 00 00 00 04 - 00 08 00 10 00 10 00 20  ............... 
0000A340  00 20 00 20 20 00 40 00 - 80 00 80 00 08 00 04 00  . .  .@.........
0000A350  02 00 83 00 C1 00 41 00 - 61 00 21 00 32 00 18 00  ......A.a.!.2...
0000A360  0C 00 34 00 00 20 00 13 - 00 1A 00 0C 00 36 00 76  ..4.. .......6.v
0000A370  00 63 00 C3 00 C3 00 C6 - 00 AE 00 E4 00 D0 00 68  .c.............h
0000A380  00 74 00 BD C6 00 06 00 - 02 00 03 00 02 00 03 00  .t..............
0000A390  02 00 07 00 06 00 0D 00 - 0A 00 1E 00 34 00 7C 00  ............4.|.
0000A3A0  E8 00 F0 00 03 BB 0F D7 - 1F EF 1F EF 3F 9F 3F 3F  ............?.??
0000A3B0  3E 7F 1E FF 1A FE 0D 7D - 0B BE 07 BD 0F B2 1F 69  >......}.......i
0000A3C0  7E 16 E8 C0 D0 00 F3 00 - A5 C0 A9 A0 D7 50 8F A0  ~............P..
0000A3D0  57 D0 4F E8 4F D0 AB E8 - A5 D0 52 E8 A9 90 54 60  W.O.O.....R...T`
0000A3E0  AA 90 41 5A 00 00 0D DF - 0D FF 0D DF 0D FF 0D DF  ..AZ............
0000A3F0  0D FF 0D DF 00 00 3B 7F - 77 FF 76 FF EF FF EE FF  ......;.w.v.....
0000A400  EF FF 00 00 00 00 D5 50 - EA A0 D5 50 EA A0 D5 50  .......P...P...P
0000A410  AA A0 55 50 00 00 EA A8 - F5 56 FA AA F5 55 FA AA  ..UP.....V...U..
0000A420  F5 55 00 00 01 80 FD 3F - FD BF 55 15 01 80 07 E0  .U.....?..U.....
0000A430  04 20 F5 6F 54 A5 05 60 - 07 E0 01 80 FD 3F A9 AA  . .oT..`.....?..
0000A440  55 35 01 80 61 0C 71 8A - 61 0C 71 8A 60 0C 77 EA  U5..a.q.a.q.`.w.
0000A450  04 20 FD 7F AC B5 05 60 - 67 EE 70 0A 61 0C 71 8A  . .....`g.p.a.q.
0000A460  61 0C 71 8A 00 00 00 00 - 43 43 42 43 43 42 42 43  a.q.....CCBCCBBC
0000A470  43 42 42 43 43 42 43 43 - 43 42 42 43 00 44 44 44  CBBCCBCCCBBC.DDD
0000A480  44 04 44 04 04 00 04 04 - 47 45 47 45 44 04 44 04  D.D.....GEGED.D.
0000A490  47 45 47 45 42 43 43 42 - 00 00 43 42 42 43 43 42  GEGEBCCB..CBBCCB
0000A4A0  00 00 43 42 47 45 47 45 - 47 45 47 45 47 45 47 45  ..CBGEGEGEGEGEGE
0000A4B0  47 45 47 45 46 46 06 06 - 46 06 46 06 47 45 47 05  GEGEFF..F.F.GEG.
0000A4C0  45 07 05 07 47 46 06 06 - 43 43 42 42 43 43 42 42  E...GF..CCBBCCBB
0000A4D0  43 43 42 42 43 43 42 42 - 47 07 47 07 47 07 47 07  CCBBCCBBG.G.G.G.
0000A4E0  47 07 47 07 47 07 47 07 - 47 07 47 07 47 07 47 07  G.G.G.G.G.G.G.G.
0000A4F0  44 44 44 44 04 04 04 04 - 44 44 44 44 04 04 04 04  DDDD....DDDD....
0000A500  47 46 46 46 06 00 06 00 - 06 06 47 46 06 00 06 06  GFFF......GF....
0000A510  47 46 45 05 46 06 46 06 - 46 47 00 00 05 44 44 04  GFE.F.F.FG...DD.
0000A520  05 04 44 04 47 06 06 06 - 06 06 06 00 46 46 47 46  ..D.G.......FFGF
0000A530  06 00 06 00 43 42 42 43 - 43 42 00 00 43 42 42 43  ....CBBCCB..CBBC
0000A540  43 42 00 00 47 47 47 47 - 47 47 47 47 47 47 47 47  CB..GGGGGGGGGGGG
0000A550  45 04 45 04 45 04 45 04 - 45 04 45 04 47 47 47 47  E.E.E.E.E.E.GGGG
0000A560  47 47 47 47 47 47 47 47 - 47 47 47 47 47 47 47 47  GGGGGGGGGGGGGGGG
0000A570  47 47 47 47 47 47 47 47 - 47 47 47 47 47 45 47 45  GGGGGGGGGGGGGEGE
0000A580  47 45 47 45 47 45 47 05 - 47 45 47 05 47 45 47 05  GEGEGEG.GEG.GEG.
0000A590  47 45 47 05 47 46 47 46 - 06 06 06 06 47 45 45 44  GEG.GFGF....GEED
0000A5A0  44 04 04 04 45 44 47 05 - 04 04 44 04 47 07 47 07  D...EDG...D.G.G.
0000A5B0  07 07 07 07 47 07 47 07 - 07 07 07 07 47 07 47 07  ....G.G.....G.G.
0000A5C0  07 07 07 07 47 07 47 07 - 07 07 07 07 47 47 00 46  ....G.G.....GG.F
0000A5D0  46 46 06 06 46 46 06 06 - 46 46 06 06 46 46 06 06  FF..FF..FF..FF..
0000A5E0  46 46 06 06 46 46 06 06 - 46 46 06 06 46 46 06 06  FF..FF..FF..FF..
0000A5F0  46 00 06 00 06 06 00 06 - 06 46 06 06 46 46 06 06  F........F..FF..
0000A600  46 46 06 06 46 46 06 06 - 46 46 06 06 46 46 06 06  FF..FF..FF..FF..
0000A610  46 46 06 06 46 00 00 00 - 00 00 47 47 00 00 47 47  FF..F.....GG..GG
0000A620  00 00 00 47 00 00 47 00 - 00 47 47 47 45 04 45 04  ...G..G..GGGE.E.
0000A630  43 42 43 42 47 46 47 46 - 45 05 45 05 47 46 47 46  CBCBGFGFE.E.GFGF
0000A640  47 07 47 07 44 44 04 04 - 45 44 04 04 44 04 44 04  G.G.DD..ED..D.D.
0000A650  47 45 47 45 47 45 47 45 - 47 45 47 45 47 45 47 45  GEGEGEGEGEGEGEGE
0000A660  47 45 47 45 00 42 42 43 - 43 42 42 43 43 00 42 43  GEGE.BBCCBBCC.BC
0000A670  47 47 47 00 47 07 00 07 - 46 04 44 04 44 06 44 04  GGG.G...F.D.D.D.
0000A680  44 04 44 04 44 04 44 04 - 00 47 47 47 47 00 47 07  D.D.D.D..GGGG.G.
0000A690  47 45 47 45 47 47 47 47 - 47 07 07 07 47 07 07 07  GEGEGGGGG...G...
0000A6A0  47 07 07 07 47 07 47 07 - 44 04 44 04 44 04 44 04  G...G.G.D.D.D.D.
0000A6B0  44 04 44 04 47 07 47 07 - 07 00 07 00 47 46 46 06  D.D.G.G.....GFF.
0000A6C0  00 47 00 47 47 07 47 07 - 46 06 46 06 44 44 04 04  .G.GG.G.F.F.DD..
0000A6D0  44 44 04 04 44 44 04 04 - 44 04 44 04 44 04 44 04  DD..DD..D.D.D.D.
0000A6E0  44 04 44 04 00 47 00 47 - 45 00 45 00 00 45 00 44  D.D..G.GE.E..E.D
0000A6F0  44 00 44 00 45 44 45 44 - 04 04 04 04 45 44 47 45  D.D.EDED....EDGE
0000A700  04 04 44 04 45 45 44 44 - 45 44 45 44 C0 00 E0 00  ..D.EEDDEDED....
0000A710  14 00 77 00 14 00 E0 00 - C0 00 00 00 30 00 38 00  ..w.........0.8.
0000A720  05 00 1D C0 05 00 38 00 - 30 00 00 00 0C 00 0E 00  ......8.0.......
0000A730  01 40 07 70 01 40 0E 00 - 0C 00 00 00 03 00 03 80  .@.p.@..........
0000A740  00 50 01 DC 00 50 03 80 - 03 00 00 00 00 00 03 00  .P...P..........
0000A750  07 00 28 00 EE 00 28 00 - 07 00 03 00 00 00 00 C0  ..(...(.........
0000A760  01 C0 0A 00 3B 80 0A 00 - 01 C0 00 C0 00 00 00 30  ....;..........0
0000A770  00 70 02 80 0E E0 02 80 - 00 70 00 30 00 00 00 0C  .p.......p.0....
0000A780  00 1C 00 A0 03 B8 00 A0 - 00 1C 00 0C 1D 10 7B 84  ..............{.
0000A790  7E A1 FD 48 FE 81 FD 50 - 3A 82 35 08 07 40 5E E2  ~..H...P:.5..@^.
0000A7A0  1F A0 BF 54 3F A0 3F 52 - 0E A4 2D 40 01 D4 27 B8  ...T?.?R..-@..'.
0000A7B0  07 E9 4F D4 0F E8 2F D5 - 03 A8 03 50 00 74 45 EE  ..O.../....P.tE.
0000A7C0  11 FA 03 F5 AB FA 03 F5 - 08 EA 12 D4 08 00 49 00  ..............I.
0000A7D0  1C 00 FF 80 1C 00 1C 00 - 49 00 08 00 02 00 12 40  ........I......@
0000A7E0  17 40 2D A0 07 00 07 80 - 12 40 02 00 00 80 06 90  .@-......@......
0000A7F0  01 C0 0E D8 01 80 03 C8 - 04 90 00 80 00 20 01 28  ............. .(
0000A800  00 70 03 EE 00 30 01 74 - 00 20 00 20 18 00 42 00  .p...0.t. . ..B.
0000A810  18 00 BD 00 BD 00 18 00 - 42 00 18 00 06 00 10 80  ........B.......
0000A820  06 00 2F 40 2F 40 06 00 - 10 80 06 00 01 80 04 20  ../@/@......... 
0000A830  01 80 0B D0 0B D0 01 80 - 04 20 01 80 00 60 01 08  ......... ...`..
0000A840  00 60 02 F4 02 F4 00 60 - 01 08 00 60 3C 00 4E 00  .`.....`...`<.N.
0000A850  BF 00 BF 00 FF 00 FF 00 - 7E 00 3C 00 0F 00 13 80  ........~.<.....
0000A860  2F C0 2F C0 3F C0 3F C0 - 1F 80 0F 00 00 00 03 C0  /./.?.?.........
0000A870  06 E0 05 E0 07 E0 07 E0 - 03 C0 00 00 00 00 00 F0  ................
0000A880  01 B8 01 78 01 F8 01 F8 - 00 F0 00 00 14 00 40 00  ...x..........@.
0000A890  15 00 88 00 54 00 81 00 - 24 00 08 00 05 00 10 00  ....T...$.......
0000A8A0  05 40 22 00 15 00 20 40 - 09 00 02 00 01 40 04 00  .@"... @.....@..
0000A8B0  01 50 08 80 05 40 08 10 - 02 40 00 80 00 50 01 00  .P...@...@...P..
0000A8C0  00 54 02 20 01 50 02 04 - 00 90 00 20 10 00 04 00  .T. .P..... ....
0000A8D0  28 00 52 00 08 00 50 00 - 04 00 00 00 04 00 01 00  (.R...P.........
0000A8E0  0A 00 14 80 02 00 14 00 - 01 00 00 00 01 00 00 40  ...............@
0000A8F0  02 80 05 20 00 80 05 00 - 00 40 00 00 00 40 00 10  ... .....@...@..
0000A900  00 A0 01 48 00 20 01 40 - 00 10 00 00 00 00 08 00  ...H. .@........
0000A910  00 00 2A 00 10 00 08 00 - 00 00 00 00 00 00 02 00  ..*.............
0000A920  00 00 0A 80 04 00 02 00 - 00 00 00 00 00 00 00 80  ................
0000A930  00 00 02 A0 01 00 00 80 - 00 00 00 00 00 00 00 20  ............... 
0000A940  00 00 00 A8 00 40 00 20 - 00 00 00 00 00 00 00 00  .....@. ........
0000A950  00 00 00 00 00 00 00 00 - 00 00 00 00 00 00 00 00  ................
0000A960  00 00 00 00 00 00 00 00 - 00 00 00 00 00 00 00 00  ................
0000A970  00 00 00 00 00 00 00 00 - 00 00 00 00 00 00 00 00  ................
0000A980  00 00 00 00 00 00 00 00 - 00 00 00 00 3E 00 41 00  ............>.A.
0000A990  9C 00 A2 00 AA 00 92 00 - 42 00 3C 00 0F 00 10 80  ........B.<.....
0000A9A0  26 40 29 40 25 40 21 40 - 1E 40 00 80 03 C0 04 20  &@)@%@!@.@..... 
0000A9B0  04 90 05 50 04 50 03 90 - 08 20 07 C0 01 00 02 78  ...P.P... .....x
0000A9C0  02 84 02 A4 02 94 02 64 - 01 08 00 F0 00 00 00 00  .......d........
0000A9D0  00 00 00 00 00 00 00 00 - 00 00 00 00 00 00 00 00  ................
0000A9E0  00 00 00 C3 E5 EF C3 93 - EF 1E 01 3E 01 4F CD C1  ...........>.O..
0000A9F0  EF 7E FE 09 D2 4E EF 4F - 23 79 DD 21 14 F2 3D CA  .~...N.O#y.!..=.
0000AA00  63 EF DD 21 37 F2 3D CA - 63 EF DD 21 5A F2 7E FE  c..!7.=.c..!Z.~.
0000AA10  F4 3E 0A C2 6E EF 23 7E - 23 DD BE 10 D8 DD 77 10  .>..n.#~#.....w.
0000AA20  DD 75 12 DD 74 13 DD 75 - 14 DD 74 15 DD 75 16 DD  .u..t..u..t..u..
0000AA30  74 17 DD 36 11 01 AF DD - 77 18 DD 77 20 C9 AF 32  t..6....w..w ..2
0000AA40  24 F2 32 47 F2 32 6A F2 - 32 FE F1 32 FF F1 32 00  $.2G.2j.2..2..2.
0000AA50  F2 3E 3F 32 FD F1 21 03 - F2 1E 0D 01 FD FF ED 59  .>?2..!........Y
0000AA60  01 FD BF 7E 2B ED 79 1D - F2 B0 EF C9 7B 87 C6 A6  ...~+.y.....{...
0000AA70  6F CE F3 95 67 5E 23 56 - 21 8E F2 19 C9 7B 87 C6  o...g^#V!....{..
0000AA80  56 5F CE F3 93 57 1A C6 - 8E 4F 13 1A CE F2 47 C9  V_...W...O....G.
0000AA90  CD AB EF DD 21 14 F2 2A - F6 F1 CD 1B F0 2A 04 F2  ....!..*.....*..
0000AAA0  22 F6 F1 2A F8 F1 DD 21 - 37 F2 CD 1B F0 2A 04 F2  "..*...!7....*..
0000AAB0  22 F8 F1 2A FA F1 DD 21 - 5A F2 CD 1B F0 2A 04 F2  "..*...!Z....*..
0000AAC0  22 FA F1 C3 B1 F1 22 04 - F2 DD 7E 10 B7 C8 DD 35  "....."...~....5
0000AAD0  11 C2 62 F1 DD 36 1E 14 - DD 66 13 DD 6E 12 7E 23  ..b..6...f..n.~#
0000AAE0  5E 23 DD 74 13 DD 75 12 - DD 35 1E C8 FE 00 CA 16  ^#.t..u..5......
0000AAF0  F1 FE 09 DA 89 F0 FE 65 - DA 13 F1 FE E4 CA 93 F0  .......e........
0000AB00  FE E3 CA 11 F1 FE E1 CA - E6 F0 FE E9 CA A4 F0 FE  ................
0000AB10  E8 CA B0 F0 FE EA CA BC - F0 FE E2 CA F9 F0 FE E5  ................
0000AB20  CA C6 F0 FE E6 CA 9E F0 - FE F0 CA F3 F0 FE FF CA  ................
0000AB30  D2 F0 18 AA DD E5 CD 42 - EF DD E1 C3 2D F0 7B 32  .......B....-.{2
0000AB40  FC F1 DD 36 19 01 C3 33 - F0 DD 73 18 C3 33 F0 CD  ...6...3..s..3..
0000AB50  D2 EF DD 71 0E DD 70 0F - C3 33 F0 CD D2 EF DD 71  ...q..p..3.....q
0000AB60  0C DD 70 0D C3 33 F0 CD - D2 EF ED 43 12 F2 C3 33  ..p..3.....C...3
0000AB70  F0 DD 74 15 DD 75 14 CD - C1 EF C3 33 F0 DD 66 15  ..t..u.....3..f.
0000AB80  DD 6E 14 7E 3C C2 33 F0 - DD 66 17 DD 6E 16 C3 33  .n.~<.3..f..n..3
0000AB90  F0 DD 36 10 00 DD 66 1D - DD 6E 1C 36 00 C9 DD 73  ..6...f..n.6...s
0000ABA0  20 C3 33 F0 21 B2 28 4D - 44 29 29 09 29 29 29 09   .3.!.(MD)).))).
0000ABB0  22 FA F0 7C A3 3C 32 12 - F1 C3 2D F0 3E 2A DD 86  "..|.<2...-.>*..
0000ABC0  18 DD 73 11 DD 77 21 CD - A1 F1 DD 66 1D DD 6E 1C  ..s..w!....f..n.
0000ABD0  36 00 DD E5 D1 21 08 00 - 19 ED A0 ED A0 ED A0 ED  6....!..........
0000ABE0  A0 ED A0 ED A0 ED A0 ED - A0 DD 35 19 DD 36 19 00  ..........5..6..
0000ABF0  DD 6E 1A 20 0C 2A 12 F2 - 22 0A F2 21 00 00 22 06  .n. .*.."..!..".
0000AC00  F2 3A FD F1 DD A6 1B B5 - E6 3F 32 FD F1 CD C9 F1  .:.......?2.....
0000AC10  DD 66 1D DD 6E 1C 7E 81 - D6 80 77 2A 04 F2 7C B5  .f..n.~...w*..|.
0000AC20  C8 DD 7E 20 B7 C2 92 F1 - DD 23 DD 23 CD C9 F1 2A  ..~ .....#.#...*
0000AC30  04 F2 06 00 09 0E 80 ED - 42 22 04 F2 C9 DD 35 22  ........B"....5"
0000AC40  DD 7E 21 28 07 DD 86 20 - DD 36 22 01 87 C6 8E 6F  .~!(... .6"....o
0000AC50  CE F2 95 67 11 04 F2 ED - A0 ED A0 C9 DD 21 06 F2  ...g.........!..
0000AC60  CD C9 F1 21 FC F1 7E 81 - D6 80 77 FE 11 D8 23 7E  ...!..~...w...#~
0000AC70  F6 38 77 C9 DD E5 E1 DD - 56 05 DD 5E 04 34 1A 96  .8w.....V..^.4..
0000AC80  0E 80 C0 77 13 1A 4F 13 - 23 34 1A 96 C0 77 13 1A  ...w..O.#4...w..
0000AC90  3C C2 EF F1 DD 56 0D DD - 5E 0C DD 72 05 DD 73 04  <....V..^..r..s.
0000ACA0  C9 A8 01 00 00 00 00 2F - 3F 00 00 00 64 00 0A 00  ......./?...d...
0000ACB0  00 4A 01 0A 00 00 00 04 - 00 00 00 12 00 00 00 00  .J..............
0000ACC0  02 00 00 1B F4 71 F4 00 - 00 00 00 18 F4 71 F4 00  .....q.......q..
0000ACD0  0A 5E F6 75 F5 6F F5 07 - 00 08 36 FE F1 12 00 10  .^.u.o....6.....
0000ACE0  29 01 00 00 00 00 00 00 - 00 00 00 00 00 00 00 00  )...............
0000ACF0  00 00 00 00 00 00 00 00 - 00 00 00 00 10 2D FF F1  .............-..
0000AD00  00 00 00 00 00 00 00 00 - 00 00 00 00 00 00 00 00  ................
0000AD10  00 00 00 00 00 00 00 00 - 00 00 00 00 00 00 00 20  ............... 
0000AD20  1B 00 F2 00 00 00 00 00 - 2A 00 00 00 00 00 00 00  ........*.......
0000AD30  00 00 00 00 00 00 00 00 - 00 00 00 17 2A BA 27 80  ............*.'.
0000AD40  25 65 23 68 21 88 1F C3 - 1D 18 1C 84 1A 07 19 9F  %e#h!...........
0000AD50  17 4C 16 0C 15 DD 13 C0 - 12 B2 11 B4 10 C4 0F E2  .L..............
0000AD60  0E 0C 0E 42 0D 84 0C D0 - 0B 26 0B 86 0A EF 09 60  ...B.....&.....`
0000AD70  09 D9 08 5A 08 E2 07 71 - 07 06 07 A1 06 42 06 E8  ...Z...q.....B..
0000AD80  05 93 05 43 05 F7 04 B0 - 04 6D 04 2D 04 F1 03 B8  ...C.....m.-....
0000AD90  03 83 03 50 03 21 03 F4 - 02 CA 02 A1 02 7C 02 58  ...P.!.......|.X
0000ADA0  02 36 02 17 02 F9 01 DC - 01 C1 01 A8 01 90 01 7A  .6.............z
0000ADB0  01 65 01 51 01 3E 01 2C - 01 1B 01 0B 01 FC 00 EE  .e.Q.>.,........
0000ADC0  00 E1 00 D4 00 C8 00 BD - 00 B2 00 A8 00 9F 00 96  ................
0000ADD0  00 8E 00 86 00 7E 00 77 - 00 70 00 6A 00 64 00 5E  .....~.w.p.j.d.^
0000ADE0  00 59 00 54 00 4F 00 4B - 00 47 00 43 00 3F 00 3C  .Y.T.O.K.G.C.?.<
0000ADF0  00 38 00 35 00 32 00 2F - 00 2D 00 2A 00 28 00 00  .8.5.2./.-.*.(..
0000AE00  00 7C 01 80 01 8A 01 94 - 01 95 01 9C 01 A9 01 B6  .|..............
0000AE10  01 C3 01 CD 01 CE 01 CF - 01 D9 01 E3 01 ED 01 F7  ................
0000AE20  01 01 02 0B 02 12 02 28 - 02 2C 02 30 02 3A 02 47  .......(.,.0.:.G
0000AE30  02 48 02 58 02 5F 02 66 - 02 67 02 6B 02 78 02 7F  .H.X._.f.g.k.x..
0000AE40  02 80 02 81 02 82 02 8C - 02 A5 02 BE 02 CE 02 00  ................
0000AE50  00 DA 02 E0 02 9C 03 A5 - 03 B0 03 E5 03 6E 04 F1  .............n..
0000AE60  04 18 05 3F 05 6C 05 77 - 05 7C 05 97 05 1A 06 1D  ...?.l.w.|......
0000AE70  06 32 06 C3 06 E0 06 F9 - 06 14 07 87 07 8C 07 96  .2..............
0000AE80  07 A4 07 AE 07 B8 07 C8 - 07 D8 07 E2 07 F0 07 FE  ................
0000AE90  07 08 08 18 08 2A 08 38 - 08 3B 08 48 08 5B 08 94  .....*.8.;.H.[..
0000AEA0  08 A7 08 C5 08 E2 08 4A - 1A 58 1A 62 1A AE 1A CA  .......J.X.b....
0000AEB0  1A E5 1A 00 00 C8 80 C8 - FF 01 81 0D 09 7F 09 C8  ................
0000AEC0  80 C8 FF 01 8D 01 01 7F - 04 01 77 01 FF FF 01 87  ..........w.....
0000AED0  01 C8 80 C8 FF 01 8C 01 - 0A 7F 08 14 7F 04 C8 80  ................
0000AEE0  C8 FF 01 8D 01 02 7F 07 - 0C 7F 06 C8 80 C8 FF 01  ................
0000AEF0  8D 01 01 7F 0B 09 7F 02 - C8 80 C8 FF 01 88 01 01  ................
0000AF00  82 01 C8 80 C8 FF FF FF - 01 77 01 01 83 03 C8 80  .........w......
0000AF10  C8 FF 02 81 02 02 7F 03 - 02 81 01 FF 01 81 02 01  ................
0000AF20  7F 04 01 81 02 FF 01 89 - 01 01 79 01 C8 80 C8 FF  ..........y.....
0000AF30  01 82 02 01 7E 04 01 82 - 02 FF 01 87 03 01 79 06  ....~.........y.
0000AF40  01 87 03 FF 01 88 0A 01 - 96 C8 FF 01 93 01 01 6D  ...............m
0000AF50  01 01 7F 02 01 81 04 01 - 7F 04 01 81 02 C8 80 C8  ................
0000AF60  FF 02 81 C8 FF 02 7F C8 - FF 01 80 01 01 B4 01 C8  ................
0000AF70  80 C8 FF 01 80 01 01 8B - 01 01 B4 01 C8 80 C8 FF  ................
0000AF80  FF 01 85 03 01 71 01 01 - 80 01 01 8F 01 01 7B 03  .....q........{.
0000AF90  FF 01 85 03 01 71 01 FF - 01 96 01 02 79 02 FF FF  .....q......y...
0000AFA0  01 A1 C8 FF 01 85 03 09 - 7D 04 0E 7F 03 C8 80 C8  ........}.......
0000AFB0  FF 01 84 01 01 7F 01 FF - FF FF FF 02 8D 01 02 67  ...............g
0000AFC0  01 C8 80 C8 FF 01 8F 01 - 08 80 01 02 7F 01 04 7F  ................
0000AFD0  01 07 7F 02 0C 7F 04 16 - 7F 07 C8 80 C8 FF 01 79  ...............y
0000AFE0  01 01 8B 01 01 6F 01 01 - 9B 01 01 5B 01 01 AF 01  .....o.....[....
0000AFF0  01 47 01 01 C3 01 FF 01 - 8F 01 01 7A 01 01 86 01  .G.........z....
0000B000  01 7F 09 08 7F 06 FF 01 - 99 03 01 79 07 0A 7E C8  ...........y..~.
0000B010  FF 01 9B E1 FF FF FF FF - AF 01 E8 00 00 30 E5 04  .............0..
0000B020  02 02 E5 04 02 03 E5 04 - 02 08 00 54 02 04 E5 05  ...........T....
0000B030  02 04 E5 06 02 04 E5 05 - 02 04 E5 06 02 00 E4 06  ................
0000B040  00 06 E4 06 00 06 E5 0D - E5 10 E5 0D E5 10 E5 08  ................
0000B050  E5 08 E5 08 E5 0C 02 04 - E5 05 02 04 E5 06 02 04  ................
0000B060  E5 05 02 04 E5 06 02 00 - F0 00 E4 06 3A 06 E4 06  ............:...
0000B070  39 06 E5 0D E5 10 E5 0D - E5 10 02 25 E5 26 E4 06  9..........%.&..
0000B080  00 06 E4 06 00 06 E5 09 - E5 07 E5 09 E5 08 E6 13  ................
0000B090  02 13 E5 14 E4 01 00 0C - 02 13 E5 14 E4 01 00 0C  ................
0000B0A0  E6 15 02 15 E5 14 E4 01 - 00 0C 02 15 E5 14 02 0F  ................
0000B0B0  E5 05 02 0F E5 05 02 0F - E5 05 02 0F E5 05 E4 06  ................
0000B0C0  00 06 E4 06 00 06 E5 0D - E5 0D E5 10 02 25 E5 26  .............%.&
0000B0D0  E5 07 E5 0B FF E8 00 00 - 60 E5 07 E5 07 FF E5 09  ........`.......
0000B0E0  E8 00 00 30 E5 07 E5 07 - FF E6 07 E8 02 E9 0D F0  ...0............
0000B0F0  00 1F 0C 1F 0C 22 0C 24 - 0C 26 0C F0 0F 26 0C F0  .....".$.&...&..
0000B100  0E 26 0C 26 0C F0 10 22 - 0C F0 00 22 0C 16 0C 22  .&.&..."..."..."
0000B110  0C 16 0C F0 10 24 0C F0 - 00 18 0C 24 0C FF E6 07  .....$.....$....
0000B120  E8 06 F0 18 03 27 EA 16 - E4 01 30 06 E4 01 31 06  .....'....0...1.
0000B130  E4 01 32 06 E4 01 30 06 - E4 01 32 06 E4 01 35 06  ..2...0...2...5.
0000B140  EA 00 E4 06 3A 0C EA 16 - E4 01 3C 06 E4 01 39 06  ....:.....<...9.
0000B150  E4 01 00 06 E4 01 00 06 - E4 01 00 06 E4 01 00 06  ................
0000B160  EA 00 E4 06 00 0C EA 16 - E4 01 00 06 E4 01 00 06  ................
0000B170  E4 01 00 06 E4 01 00 06 - E4 01 2E 06 E4 01 00 06  ................
0000B180  EA 00 E4 06 30 0C EA 16 - E4 01 32 06 E4 01 30 06  ....0.....2...0.
0000B190  E4 01 00 06 E4 01 00 06 - E4 01 00 06 E4 01 00 06  ................
0000B1A0  EA 00 E4 06 00 0C FF 03 - 27 EA 16 E4 01 30 06 E4  ........'....0..
0000B1B0  01 31 06 E4 01 32 06 E4 - 01 30 06 E4 01 32 06 E4  .1...2...0...2..
0000B1C0  01 35 06 EA 00 E4 06 3A - 0C EA 16 E4 01 3C 06 E4  .5.....:.....<..
0000B1D0  01 39 06 E4 01 00 06 E4 - 01 00 06 E4 01 00 06 E4  .9..............
0000B1E0  01 00 06 EA 00 E4 06 39 - 0C EA 16 E4 01 35 06 E4  .......9.....5..
0000B1F0  01 00 06 E4 01 00 06 E4 - 01 00 06 E4 01 00 06 E4  ................
0000B200  01 00 06 EA 00 E4 06 37 - 0C EA 16 E4 01 34 06 E4  .......7.....4..
0000B210  01 00 06 E4 01 00 06 E4 - 01 00 06 E4 01 00 06 E4  ................
0000B220  01 00 06 EA 00 E4 06 00 - 0C FF E8 07 EA 15 03 00  ................
0000B230  E4 01 00 06 E4 01 00 06 - E4 01 00 06 E4 01 00 06  ................
0000B240  EA 00 E4 06 00 0C EA 15 - E4 01 00 06 E4 01 00 06  ................
0000B250  FF E8 07 EA 16 03 00 E4 - 01 00 06 E4 01 00 06 E4  ................
0000B260  01 00 06 E4 01 00 06 EA - 00 E4 06 00 0C EA 16 E4  ................
0000B270  01 00 06 E4 01 00 06 FF - E6 13 E8 07 EA 00 E9 00  ................
0000B280  03 00 EA 16 E4 01 43 06 - E4 01 41 06 E4 0E 3C 06  ......C...A...<.
0000B290  E4 01 3E 06 EA 00 E4 06 - 00 0C EA 16 E4 06 00 06  ..>.............
0000B2A0  E4 06 00 06 FF E6 13 E8 - 04 E9 10 00 0C 48 A8 E1  .............H..
0000B2B0  00 F0 00 F0 FF E8 07 EA - 16 E4 01 00 06 E4 01 00  ................
0000B2C0  06 E4 01 00 06 E4 01 00 - 06 EA 00 E4 06 00 0C FF  ................
0000B2D0  E6 07 E8 06 E9 0F F0 18 - 1F 06 F0 00 1F 06 F0 18  ................
0000B2E0  1F 06 F0 00 1F 06 EA 14 - E4 06 00 06 1F 06 F0 18  ................
0000B2F0  1F 06 F0 00 1F 06 F0 1B - 1E 06 F0 00 1E 06 F0 1B  ................
0000B300  1E 06 F0 00 1E 06 E4 06 - 00 06 1E 06 F0 1B 1E 06  ................
0000B310  F0 00 1E 06 F0 1B 1F 06 - F0 00 1F 06 F0 1B 1F 06  ................
0000B320  F0 00 1F 06 EA 14 E4 06 - 00 06 1F 06 F0 1B 1F 06  ................
0000B330  F0 00 1F 06 F0 1D 21 06 - F0 00 21 06 F0 1D 21 06  ......!...!...!.
0000B340  F0 00 21 06 E4 06 21 06 - 21 06 F0 1B 21 06 F0 00  ..!...!.!...!...
0000B350  21 06 FF 00 06 FF E4 06 - 00 06 E4 06 00 06 E5 0D  !...............
0000B360  E8 04 3C 30 48 90 3C 30 - 48 90 FF 02 11 F0 18 22  ..<0H.<0H......"
0000B370  06 F0 00 22 06 F0 18 22 - 06 F0 00 22 06 EA 01 E4  ..."..."..."....
0000B380  06 00 06 22 06 F0 18 22 - 06 F0 00 22 06 F0 28 1D  ..."..."..."..(.
0000B390  06 F0 00 1D 06 F0 28 1D - 06 F0 00 1D 06 E4 06 00  ......(.........
0000B3A0  06 1D 06 F0 29 E4 06 1D - 06 F0 00 1D 06 02 12 EA  ....)...........
0000B3B0  01 F0 21 E4 01 24 06 F0 - 00 E4 01 24 06 F0 1F E4  ..!..$.....$....
0000B3C0  01 24 06 F0 00 E4 01 24 - 06 F0 1F E4 06 24 06 F0  .$.....$.....$..
0000B3D0  00 24 06 24 06 24 06 F0 - 1F E4 0E 24 06 E4 0A 24  .$.$.$.....$...$
0000B3E0  06 E4 07 24 06 E4 04 24 - 06 F0 00 E4 01 24 06 E4  ...$...$.....$..
0000B3F0  04 24 06 E4 0A 29 06 E4 - 0E 2B 06 FF E6 1F E8 08  .$...)...+......
0000B400  E9 0C 00 0C 22 0C 24 0C - 26 0C 2D 06 00 06 2D 06  ....".$.&.-...-.
0000B410  00 06 2D 0C 2E 0C 00 30 - E1 E6 1F E8 08 E9 0C 2D  ..-....0.......-
0000B420  0C 2B 06 00 06 2B 06 00 - 06 2B 24 E9 11 37 24 00  .+...+...+$..7$.
0000B430  60 E1 E8 02 E9 0D 24 18 - 27 18 2B 18 2E 18 27 24  `.....$.'.+...'$
0000B440  28 0C 29 18 2D 0C 2E 06 - 30 06 00 60 E1 E8 05 F0  (.).-...0..`....
0000B450  00 E9 0C 03 27 EA 16 E4 - 01 30 06 2E 06 E4 01 2C  ....'....0.....,
0000B460  06 29 06 EA 00 E4 06 27 - 06 24 06 E4 01 22 06 24  .).....'.$...".$
0000B470  06 EA 16 E4 01 27 06 00 - 06 E4 01 24 06 00 06 EA  .....'.....$....
0000B480  00 E4 06 2B 06 00 06 E4 - 01 27 06 27 06 EA 16 E4  ...+.....'.'....
0000B490  01 00 06 00 06 E4 01 00 - 06 00 06 EA 00 E4 06 29  ...............)
0000B4A0  06 00 06 E4 01 26 06 26 - 06 EA 16 E4 01 00 06 00  .....&.&........
0000B4B0  06 E4 01 00 06 00 06 EA - 00 E4 06 00 06 00 06 FF  ................
0000B4C0  E6 02 E5 13 FF 02 F4 0F - E8 19 E9 18 5D 48 E1 02  ............]H..
0000B4D0  F4 0F E8 01 F0 3C EA 05 - E4 02 24 48 E1 02 F4 0F  .....<....$H....
0000B4E0  E8 1D E9 1E 4F 4D E1 03 - F4 0F E8 06 E9 19 53 0F  ....OM........S.
0000B4F0  E1 03 F4 0F E8 07 E9 01 - EA 01 E4 07 5E 10 EA 16  ............^...
0000B500  E1 03 F4 0F E8 05 E9 1C - EA 27 E4 03 4F 14 EA 16  .........'..O...
0000B510  E1 02 F4 0F E8 15 E9 10 - 43 14 E1 03 F4 0F E2 0F  ........C.......
0000B520  E8 25 E9 26 E6 3E E3 19 - E1 02 F4 0F E8 23 E9 24  .%.&.>.......#.$
0000B530  EA 00 E4 0E 56 63 E1 03 - F4 0F E8 12 E9 24 61 20  ....Vc.......$a 
0000B540  E1 02 F4 0F E8 1D E9 1A - EA 0B E4 0C 39 40 E9 0C  ............9@..
0000B550  E1 03 F4 0F E8 06 E9 22 - EA 00 E4 0E 5E 02 5E 10  ......."....^.^.
0000B560  EA 16 E1 01 F4 0F 02 24 - 00 12 03 24 00 12 E5 24  .......$...$...$
0000B570  E1 00 03 E1 F4 0F E8 02 - E9 1A EA 15 E4 07 5E 5A  ..............^Z
0000B580  E1 E6 07 E8 02 E9 0F 20 - 48 22 18 23 48 E8 05 25  ....... H".#H..%
0000B590  78 E5 0A E1 E6 07 E8 07 - F0 0C 37 06 37 06 35 0C  x.........7.7.5.
0000B5A0  EA 16 E4 04 33 0C 30 18 - 32 0C E4 04 33 0C E4 04  ....3.0.2...3...
0000B5B0  35 0C 36 06 36 06 35 0C - E4 04 33 0C 2F 18 31 0C  5.6.6.5...3./.1.
0000B5C0  EA 14 E4 06 33 0C E8 05 - 35 60 F0 00 FF E6 37 E8  ....3...5`....7.
0000B5D0  0E E9 00 E2 1F E3 06 13 - 06 E3 06 1F 06 E3 06 FF  ................
0000B5E0  01 F4 0F E8 08 E9 0F E2 - 0E EA 13 02 2A 03 29 E6  ............*.).
0000B5F0  1E E3 18 E4 01 00 18 E3 - 18 E4 01 00 18 FF F4 0F  ................
0000B600  E8 08 E9 0C E6 31 E3 06 - E6 36 E3 06 E6 38 E3 06  .....1...6...8..
0000B610  E6 3A E3 06 E6 38 E3 2A - 00 0C FF F4 0F E8 08 E9  .:...8.*........
0000B620  0C E6 1E E3 18 E3 18 E3 - 18 E3 18 FF E6 34 1A 00  .............4..
0000B630  00 21 4E FC 22 47 FC C9 - C3 97 FB ED 78 E6 1F FE  .!N."G......x...
0000B640  1F C9 01 FE FE CD 90 FB - C0 01 FE FD CD 90 FB C0  ................
0000B650  01 FE FB CD 90 FB C0 01 - FE F7 CD 90 FB C0 01 FE  ................
0000B660  EF CD 90 FB C0 01 FE DF - CD 90 FB C0 01 FE BF CD  ................
0000B670  90 FB C0 01 FE 7F CD 90 - FB C0 AF 32 49 FC 2A 47  ...........2I.*G
0000B680  FC 7E FE FF C2 E0 FB 21 - 4E FC 7E 32 45 FC 23 7E  .~.....!N.~2E.#~
0000B690  32 46 FC 23 56 1E 00 23 - 22 47 FC 3A 48 5C 1F 1F  2F.#V..#"G.:H\..
0000B6A0  1F E6 07 32 43 FC 4F 3A - 45 FC B7 79 28 02 F6 10  ...2C.O:E..y(...
0000B6B0  32 44 FC 21 45 FC 46 1B - 7A B3 CA 40 FC 10 F8 3A  2D.!E.F.z..@...:
0000B6C0  43 FC D3 FE 46 1B 7A B3 - CA 40 FC 10 F8 3A 44 FC  C...F.z..@...:D.
0000B6D0  D3 FE 3A 49 FC 3C FE 08 - 28 09 FE 10 28 08 32 49  ..:I.<..(...(.2I
0000B6E0  FC 18 D3 23 18 F8 2B 3E - 00 18 F3 C3 8D FB 07 17  ...#..+>........
0000B6F0  49 4A 08 FD 09 00 00 00 - 1A DD DD 2A AF AF 2A 95  IJ.........*..*.
0000B700  95 FC A6 A6 2A 84 84 2A - 6E 6E FC 84 84 2A 6E 6E  ....*..*nn...*nn
0000B710  2A 62 62 2A 57 57 2A 62 - 62 2A 6E 6E 2A 84 84 2A  *bb*WW*bb*nn*..*
0000B720  95 95 2A AF AF 2A 95 95 - 2A 84 84 FC 6E 6F 2A 62  ..*..*..*...no*b
0000B730  63 2A 57 58 FC 6E 6F 2A - 57 58 2A 49 4A FC 57 58  c*WX.no*WX*IJ.WX
0000B740  2A 49 4A 2A 41 42 2A 36 - 37 2A 41 42 2A 49 4A 2A  *IJ*AB*67*AB*IJ*
0000B750  57 58 2A 41 42 2A 49 4A - 2A 2B 2C 2A 30 31 2A 30  WX*AB*IJ*+,*01*0
0000B760  31 2A 30 31 2A 30 31 2A - 30 31 2A 00 FF 2A 28 29  1*01*01*01*..*()
0000B770  2A 2B 2C 2A 30 31 9E 00 - FF 0A 30 31 9E 00 FF 0A  *+,*01....01....
0000B780  30 31 2A 36 37 2A 30 31 - 2A 2B 2C 2A 30 31 2A 00  01*67*01*+,*01*.
0000B790  FF 2A 49 4A 2A 39 3A 2A - 36 37 2A 39 3A 2A 49 4A  .*IJ*9:*67*9:*IJ
0000B7A0  2A 52 53 2A 41 42 2A 36 - 37 2A 41 42 2A 57 58 2A  *RS*AB*67*AB*WX*
0000B7B0  49 4A 2A 39 3A 2A 49 4A - 2A 62 63 2A 52 53 2A 41  IJ*9:*IJ*bc*RS*A
0000B7C0  42 2A 52 53 2A 76 77 2A - 62 63 2A 52 53 2A 62 63  B*RS*vw*bc*RS*bc
0000B7D0  2A 76 77 2A 62 63 2A 52 - 53 2A 62 63 2A 76 77 2A  *vw*bc*RS*bc*vw*
0000B7E0  62 63 2A 45 46 2A 57 58 - 2A 76 77 2A 57 58 2A 45  bc*EF*WX*vw*WX*E
0000B7F0  46 2A 57 58 2A 76 77 2A - 41 42 54 57 58 54 52 53  F*WX*vw*ABTWXTRS
0000B800  54 41 42 54 49 4A 9E 00 - FF 0A 49 4A 54 00 FF 2A  TABTIJ....IJT..*
0000B810  49 4A 2A 52 6D 54 62 83 - 54 57 74 54 52 6D 54 57  IJ*RmTb.TWtTRmTW
0000B820  74 9E 00 FF 0A 57 74 9E - 00 FF 0A 45 44 15 41 40  t....Wt....ED.A@
0000B830  15 45 44 15 41 40 15 45 - 44 15 41 40 15 45 44 15  .ED.A@.ED.A@.ED.
0000B840  41 40 15 45 44 15 41 40 - 15 45 44 15 41 40 15 45  A@.ED.A@.ED.A@.E
0000B850  44 15 41 40 15 45 44 15 - 41 40 15 45 44 54 41 40  D.A@.ED.A@.EDTA@
0000B860  54 39 38 54 45 44 54 33 - 32 9E 00 FF 0A 33 32 74  T98TEDT32....32t
0000B870  00 FF 0A 33 32 20 00 FF - 0A 33 32 A8 00 FF A8 00  ...32 ...32.....
0000B880  FF A8 00 FF A8 FF FF 00 - 00 00 00 00 00 00 00 00  ................
0000B890  00 00 00 00 00 00 00 00 - 00 00 00 00 00 00 00 00  ................
0000B8A0  00 00 00 00 00 00 00 00 - 00 00 00 00 00 00 00 00  ................
0000B8B0  00 00 00 00 00 00 00 00 - 00 00 00 00 00 00 00 00  ................
0000B8C0  00 00 00 00 00 00 00 00 - 00 00 00 00 00 00 00 00  ................
0000B8D0  00 00 00 00 00 00 00 00 - 00 00 00 00 00 00 00 00  ................
0000B8E0  00 00 00 00 00 00 00 00 - 00 00 00 00 00 00 00 00  ................
0000B8F0  00 00 00 00 00 00 00 F5 - 3E FF D3 7F D3 3F 3E 3F  ........>....?>?
0000B900  D3 7F 3C 32 86 FE 3E FF - D3 5F D3 5F F1 F3 22 9C  ..<2..>.._._..".
0000B910  FF ED 73 A0 FF E1 22 9E - FF 31 9C FF D5 C5 D9 E5  ..s..."..1......
0000B920  D5 C5 DD E5 FD E5 F5 ED - 57 67 ED 5F 6F E5 08 F5  ........Wg._o...
0000B930  16 40 CD 67 FF 7B FE B4 - 28 2D FE BA CA 2D FF FE  .@.g.{..(-...-..
0000B940  B8 28 4A FE B9 28 4E FE - B7 28 38 FE B6 28 4E FE  .(J..(N..(8..(N.
0000B950  B5 20 DF CD 67 FF 63 CD - 67 FF 6B 22 62 FF 21 00  . ..g.c.g.k"b.!.
0000B960  CD 22 60 FF C3 43 FF CD - 67 FF 63 CD 67 FF 6B CD  ."`..C..g.c.g.k.
0000B970  67 FF 43 CD 67 FF 4B CD - 67 FF 73 23 0B 78 B1 20  g.C.g.K.g.s#.x. 
0000B980  F6 18 AF CD 67 FF 01 FD - 7F ED 59 18 A5 21 88 FF  ....g.....Y..!..
0000B990  01 1A 00 18 18 21 88 FF - 01 1A 00 18 DA CD 67 FF  .....!........g.
0000B9A0  63 CD 67 FF 6B CD 67 FF - 43 CD 67 FF 4B DB 3F AA  c.g.k.g.C.g.K.?.
0000B9B0  0F 38 FA 3E FF D3 5F 3C - D3 5F 7A EE 41 57 7E CD  .8.>.._<._z.AW~.
0000B9C0  77 FF 23 0B 78 B1 20 F6 - 3D D3 5F D3 5F 7A EE 40  w.#.x. .=._._z.@
0000B9D0  D3 3F EE 80 57 C3 87 FE - CD 67 FF 6B CD 67 FF 63  .?..W....g.k.g.c
0000B9E0  22 60 FF CD 67 FF 6B CD - 67 C0 62 22 62 FF 7A 32  "`..g.k.g.b"b.z2
0000B9F0  86 FE F1 08 E1 7C ED 47 - 7D ED 4F F1 FD E1 DD E1  .....|.G}.O.....
0000BA00  C1 D1 E1 D9 C1 D1 E1 ED - 7B A0 FF 00 CD 01 65 C3  ........{.....e.
0000BA10  62 FE DB 3F AA 0F 38 FA - DB 1F 5F 7A D3 3F EE 81  b..?..8..._z.?..
0000BA20  57 C9 D3 1F 7A D3 3F EE - 81 57 DB 3F AA 0F 30 FA  W...z.?..W.?..0.
0000BA30  C9 AF FE 44 00 75 3F 54 - 4C 3A 5C 04 5D 21 17 9B  ...D.u?TL:\.]!..
0000BA40  36 58 27 4C FE 43 5D 2B - 2D 2B 2D E8 FF 02 02 42  6X'L.C]+-+-....B
0000BA50  42 3C 00 00 44 48 70 48 - 44 42 00 00 40 40 40 40  B<..DHpHDB..@@@@
0000BA60  40 7E 00 00 42 66 5A 42 - 42 E0 57 F3 0D CE 0B D3  @~..BfZBB.W.....
0000BA70  50 CE 0B D4 50 0D 17 DC - 0A CE 0B E6 50 DB 02 DB  P...P.......P...
0000BA80  02 7C 38 72 5D 4D 00 E1 - 50 06 03 07 5C 7C 38 C0  .|8r]M..P...\|8.
0000BA90  57 DB 02 7C 38 72 5D 4D - 00 FF FF 0E 01 00 00 51  W..|8r]M.......Q
0000BAA0  00 92 09 3F 05 76 1B 03 - 13 3C B9                 ...?.v...<.

